# Blender 5.2.0 LTS
# www.blender.org
mtllib lancia_delta_volterra.mtl
o Lancia_Delta
v 0.287642 1.896924 0.683199
v 0.287642 1.896686 0.843824
v 0.287642 1.896924 0.683199
v 0.405104 1.892042 0.857993
v 0.408557 1.895376 0.681949
v 0.604069 1.884184 0.787564
v 0.573408 1.889482 0.693022
v 0.622406 1.881683 0.856802
v 0.572753 1.874480 0.574370
v 0.414570 1.880790 0.574906
v 0.202686 1.887399 0.575560
v 0.199114 1.896924 0.672007
v 0.080045 1.897579 0.666053
v -0.000030 1.900675 0.672781
v -0.000030 1.898234 0.666232
v 0.080045 1.889006 0.583181
v -0.000030 1.889899 0.575977
v -0.000030 1.891328 0.583002
v -0.000030 1.902282 0.682961
v 0.198578 1.898770 0.683021
v 0.287642 1.896924 0.683199
v -0.080044 1.897579 0.666053
v -0.199114 1.896924 0.672007
v -0.202686 1.887399 0.575560
v -0.080044 1.889006 0.583181
v -0.408557 1.895376 0.681949
v -0.414570 1.880790 0.574906
v -0.572753 1.874480 0.574370
v -0.573408 1.889482 0.693022
v -0.604069 1.884184 0.787564
v -0.405104 1.892042 0.857993
v -0.622405 1.881683 0.856802
v -0.198578 1.898770 0.683021
v -0.287642 1.896924 0.683199
v -0.691346 1.876325 0.886986
v -0.402246 1.888470 0.889725
v -0.691644 1.876980 0.857874
v -0.718673 1.873527 0.886986
v -0.722602 1.873229 0.857755
v -0.287642 1.896686 0.843824
v -0.000030 1.900437 0.890439
v -0.000030 1.903354 0.844002
v 0.402246 1.888470 0.889725
v 0.691347 1.876325 0.886986
v 0.691644 1.876980 0.857874
v 0.718673 1.873527 0.886986
v 0.722602 1.873229 0.857755
v 0.287642 1.896924 0.683199
v 0.287642 1.848403 0.824118
v 0.287642 1.896686 0.843824
v 0.287642 1.896686 0.843824
v 0.287642 1.848403 0.824118
v -0.000030 1.854535 0.824296
v -0.000030 1.903354 0.844002
v -0.287642 1.896686 0.843824
v -0.287642 1.848403 0.824118
v -0.000030 1.902282 0.682961
v -0.000030 1.854535 0.824296
v 0.287642 1.848403 0.824118
v 0.198578 1.898770 0.683021
v 0.287642 1.896924 0.683199
v -0.287642 1.848403 0.824118
v -0.198578 1.898770 0.683021
v -0.287642 1.896924 0.683199
v 0.080045 1.897579 0.666053
v 0.080045 1.889006 0.583181
v 0.075698 1.899127 0.586812
v 0.075698 1.907581 0.662541
v 0.080045 1.897579 0.666053
v 0.075698 1.907581 0.662541
v -0.000030 1.908236 0.662481
v -0.000030 1.898234 0.666232
v -0.080044 1.897579 0.666053
v -0.075698 1.907581 0.662541
v 0.080045 1.889006 0.583181
v -0.000030 1.891328 0.583002
v -0.000030 1.899960 0.586812
v 0.075698 1.899127 0.586812
v -0.080044 1.889006 0.583181
v -0.075698 1.899127 0.586812
v -0.000030 1.803097 0.954677
v 0.399984 1.793155 0.954558
v 0.402246 1.888470 0.889725
v -0.000030 1.900437 0.890439
v 0.664496 1.781725 0.954618
v 0.691347 1.876325 0.886986
v 0.690751 1.779700 0.953903
v 0.629252 1.651105 1.035168
v 0.653602 1.645092 1.036478
v 0.558406 1.380937 1.197579
v 0.578826 1.373495 1.198888
v 0.508099 1.205429 1.295097
v 0.538759 1.204000 1.288072
v 0.718673 1.873527 0.886986
v -0.402246 1.888470 0.889725
v -0.399984 1.793155 0.954558
v -0.664496 1.781725 0.954618
v -0.691346 1.876325 0.886986
v -0.690751 1.779700 0.953903
v -0.629252 1.651105 1.035168
v -0.653601 1.645092 1.036478
v -0.558406 1.380937 1.197579
v -0.578826 1.373495 1.198888
v -0.508099 1.205429 1.295097
v -0.538759 1.204000 1.288072
v -0.718673 1.873527 0.886986
v 0.664496 1.781725 0.954618
v 0.399984 1.793155 0.954558
v 0.396352 1.757673 0.947890
v 0.651280 1.748445 0.948426
v -0.000030 1.772199 0.947235
v -0.000030 1.803097 0.954677
v -0.399984 1.793155 0.954558
v -0.396352 1.757673 0.947890
v -0.664496 1.781725 0.954618
v -0.651280 1.748445 0.948426
v 0.393911 1.739395 0.963786
v 0.526138 1.732728 0.965215
v 0.651280 1.748445 0.948426
v 0.396352 1.757673 0.947890
v 0.556620 1.715224 0.976943
v 0.572396 1.690041 0.994149
v 0.576981 1.662536 1.012426
v 0.623299 1.647474 1.019213
v 0.573111 1.646402 1.022368
v 0.553464 1.379092 1.192399
v 0.511254 1.378437 1.188946
v 0.487143 1.267107 1.257173
v 0.508099 1.205429 1.295097
v 0.452493 1.244960 1.272711
v 0.330150 1.209358 1.310456
v -0.000030 1.249663 1.287655
v -0.000030 1.213704 1.318315
v 0.393911 1.739395 0.963786
v 0.576981 1.662536 1.012426
v 0.526138 1.732728 0.965215
v -0.000030 1.651998 1.028143
v -0.000030 1.390998 1.193590
v -0.000030 1.750707 0.964203
v 0.452493 1.244960 1.272711
v 0.487143 1.267107 1.257173
v -0.000030 1.249663 1.287655
v -0.330150 1.209358 1.310456
v -0.452493 1.244960 1.272711
v -0.508099 1.205429 1.295097
v -0.487143 1.267107 1.257173
v -0.553464 1.379092 1.192399
v -0.511254 1.378437 1.188946
v -0.573111 1.646402 1.022368
v -0.623298 1.647474 1.019213
v -0.576980 1.662536 1.012426
v -0.651280 1.748445 0.948426
v -0.572396 1.690041 0.994149
v -0.556619 1.715224 0.976943
v -0.526138 1.732728 0.965215
v -0.393911 1.739395 0.963786
v -0.396352 1.757673 0.947890
v -0.393911 1.739395 0.963786
v -0.576980 1.662536 1.012426
v -0.526138 1.732728 0.965215
v -0.000030 1.772199 0.947235
v -0.000030 1.750707 0.964203
v 0.333424 -0.265019 1.293310
v 0.480058 -0.396709 1.191625
v 0.492263 -0.253290 1.278248
v 0.525543 -0.270139 1.261518
v 0.512802 -0.257934 1.271520
v 0.564478 -0.375991 1.184481
v 0.454815 -0.663187 1.013378
v -0.000030 -0.430227 1.197400
v -0.000030 -0.692656 1.022666
v -0.000030 -0.837504 0.926755
v 0.442908 -0.809106 0.918123
v 0.642111 -0.607343 1.000459
v 0.632229 -0.762848 0.907704
v 0.658603 -0.747011 0.906216
v 0.670986 -0.700217 0.926100
v 0.443920 -0.889240 0.887998
v -0.000030 -0.917936 0.901393
v 0.631514 -0.845124 0.877996
v 0.693430 -0.813928 0.873412
v 0.671105 -0.825180 0.875079
v 0.718971 -0.755108 0.868887
v 0.591626 -0.368788 1.180909
v 0.665687 -0.593412 0.999447
v -0.454815 -0.663187 1.013378
v -0.480058 -0.396709 1.191625
v -0.442908 -0.809106 0.918123
v -0.564478 -0.375991 1.184481
v -0.525542 -0.270139 1.261518
v -0.492263 -0.253290 1.278248
v -0.333424 -0.265019 1.293310
v -0.512802 -0.257934 1.271520
v -0.642111 -0.607343 1.000459
v -0.632229 -0.762848 0.907704
v -0.658602 -0.747011 0.906216
v -0.670986 -0.700217 0.926100
v -0.443920 -0.889240 0.887998
v -0.631514 -0.845124 0.877996
v -0.693430 -0.813928 0.873412
v -0.671105 -0.825180 0.875079
v -0.718970 -0.755108 0.868887
v -0.591626 -0.368788 1.180909
v -0.665687 -0.593412 0.999447
v -0.495477 -0.225011 1.296108
v -0.334257 -0.237275 1.310278
v -0.000030 -0.276032 1.301169
v -0.000030 -0.248825 1.317898
v 0.334258 -0.237275 1.310278
v 0.495478 -0.225011 1.296108
v 0.526197 -0.230072 1.287000
v 0.542986 -0.245491 1.274735
v -0.526197 -0.230072 1.287000
v -0.542986 -0.245491 1.274735
v 0.739391 0.247873 0.882104
v 0.691823 0.258053 0.993077
v 0.688191 -0.034619 0.990100
v 0.737962 -0.054147 0.874305
v 0.607701 0.005328 1.174241
v 0.687477 -0.496608 0.983075
v 0.597699 -0.260494 1.171562
v 0.610022 0.279962 1.176324
v 0.558465 0.289428 1.262888
v 0.558941 0.027892 1.253363
v 0.568527 -0.163869 1.233657
v 0.731473 -0.633002 0.857695
v 0.688549 0.918829 0.996411
v 0.689203 0.674617 0.997006
v 0.740641 0.672355 0.888593
v 0.740165 0.923711 0.891809
v 0.604426 0.679618 1.180016
v 0.598354 0.919484 1.180671
v 0.553107 0.682357 1.260626
v 0.549237 0.919841 1.256518
v 0.691228 0.391768 0.996470
v 0.740820 0.374979 0.882819
v 0.608415 0.408855 1.178885
v 0.556441 0.416713 1.263781
v 0.551559 0.959669 1.250445
v 0.594900 0.961336 1.183528
v 0.593650 1.015751 1.181266
v 0.687298 1.150776 0.998376
v 0.688370 0.962527 0.995280
v 0.740225 0.957943 0.893178
v 0.733081 1.222039 0.894309
v 0.693133 1.878587 0.787147
v 0.691644 1.876980 0.857874
v 0.722602 1.873229 0.857755
v 0.730759 1.875194 0.787147
v 0.736295 1.872872 0.694808
v 0.699027 1.876444 0.693856
v 0.573408 1.889482 0.693022
v 0.604069 1.884184 0.787564
v 0.622406 1.881683 0.856802
v 0.698074 1.867097 0.574072
v 0.740701 1.861263 0.574251
v 0.572753 1.874480 0.574370
v 0.722602 1.873229 0.857755
v 0.736593 1.821553 0.855790
v 0.730759 1.875194 0.787147
v 0.741356 1.808575 0.837453
v 0.749214 1.808813 0.789766
v 0.761598 1.808634 0.694808
v 0.736295 1.872872 0.694808
v 0.759097 1.809170 0.574429
v 0.740701 1.861263 0.574251
v 0.801724 0.299966 0.559545
v 0.786543 0.300144 0.573893
v 0.773326 -0.755048 0.575798
v 0.786304 -0.757906 0.559843
v 0.756418 -0.715815 0.835905
v 0.731473 -0.633002 0.857695
v 0.734688 -0.690811 0.853468
v 0.737962 -0.054147 0.874305
v 0.762610 -0.053670 0.850074
v 0.765586 0.259125 0.856802
v 0.739391 0.247873 0.882104
v 0.766122 0.316397 0.857993
v 0.740582 0.314254 0.881449
v 0.740820 0.374979 0.882819
v 0.766003 0.375634 0.859183
v 0.765467 0.670152 0.865077
v 0.740641 0.672355 0.888593
v 0.764932 0.957824 0.870793
v 0.740165 0.923711 0.891809
v 0.740225 0.957943 0.893178
v 0.733081 1.222039 0.894309
v 0.731890 1.269190 0.894666
v 0.755525 1.302232 0.880497
v 0.786543 0.300144 0.573893
v 0.792139 0.309729 0.688974
v 0.776958 -0.744332 0.687247
v 0.773326 -0.755048 0.575798
v 0.788150 0.378909 0.572821
v 0.794401 0.380159 0.690998
v 0.831015 0.665509 0.574489
v 0.829586 0.665747 0.696832
v 0.855127 1.001582 0.702369
v 0.868820 1.069690 0.566928
v 0.832384 0.665449 0.561034
v 0.860187 0.986103 0.448156
v 0.815596 0.665568 0.425235
v 0.802260 0.378968 0.558831
v 0.785947 0.381945 0.425890
v 0.781304 0.302526 0.426366
v 0.801724 0.299966 0.559545
v 0.762788 -0.744035 0.436308
v 0.786304 -0.757906 0.559843
v 0.802260 0.378968 0.558831
v 0.788150 0.378909 0.572821
v 0.801724 0.299966 0.559545
v 0.786543 0.300144 0.573893
v 0.866140 1.144168 0.614020
v 0.861794 1.273001 0.646526
v 0.856139 1.276394 0.703500
v 0.858877 1.352837 0.638310
v 0.840898 1.519176 0.702429
v 0.853221 1.438090 0.612174
v 0.847923 1.500304 0.570381
v 0.801545 1.694387 0.698678
v 0.792913 1.693673 0.572346
v 0.759097 1.809170 0.574429
v 0.761598 1.808634 0.694808
v 0.775172 1.692303 0.717670
v 0.749214 1.808813 0.789766
v 0.757013 1.697483 0.797565
v 0.787912 1.525368 0.739936
v 0.766777 1.530964 0.805841
v 0.742725 1.537692 0.883831
v 0.728556 1.807146 0.887046
v 0.690751 1.779700 0.953903
v 0.653602 1.645092 1.036478
v 0.689203 1.440531 1.010640
v 0.698253 1.307709 1.007961
v 0.749274 1.404810 0.882104
v 0.603176 1.149585 1.192578
v 0.592400 1.276751 1.195912
v 0.547630 1.201559 1.276045
v 0.546320 1.067487 1.287476
v 0.578826 1.373495 1.198888
v 0.538759 1.204000 1.288072
v 0.718673 1.873527 0.886986
v 0.736593 1.821553 0.855790
v 0.722602 1.873229 0.857755
v 0.741356 1.808575 0.837453
v 0.705337 1.203047 1.005639
v 0.755525 1.302232 0.880497
v 0.800355 1.282764 0.753450
v 0.764932 0.957824 0.870793
v 0.804224 0.985091 0.753152
v 0.765467 0.670152 0.865077
v 0.800533 0.667057 0.730767
v 0.766003 0.375634 0.859183
v 0.766122 0.316397 0.857993
v 0.765586 0.259125 0.856802
v 0.762610 -0.053670 0.850074
v 0.756418 -0.715815 0.835905
v 0.757430 -0.735164 0.835607
v 0.788984 -0.906862 0.716062
v 0.796187 -1.216442 0.734815
v 0.753977 -1.240971 0.808638
v 0.785292 -1.451605 0.718443
v 0.745285 -1.471430 0.789825
v 0.766122 -1.633007 0.694272
v 0.707480 -1.812385 0.745948
v 0.722722 -1.810360 0.705881
v 0.734866 -1.812027 0.663671
v 0.709981 -1.480598 0.804709
v 0.687774 -1.812801 0.765356
v 0.717423 -1.255259 0.825486
v 0.753977 -1.240971 0.808638
v 0.718971 -0.755108 0.868887
v 0.757430 -0.735164 0.835607
v 0.754453 -0.705754 0.850789
v 0.665687 -0.593412 0.999447
v 0.694859 -0.537271 0.992779
v 0.618178 -0.320505 1.175550
v 0.591626 -0.368788 1.180909
v 0.542986 -0.245491 1.274735
v 0.565133 -0.217629 1.265805
v 0.528460 -0.151665 1.307837
v 0.526197 -0.230072 1.287000
v 0.574718 -0.204531 1.258780
v 0.566681 -0.151367 1.282475
v 0.525662 0.052659 1.321589
v 0.564895 0.043252 1.296466
v 0.521613 0.360810 1.333080
v 0.561680 0.359679 1.309147
v 0.514945 0.946453 1.324149
v 0.556322 0.945619 1.299740
v 0.554595 1.190188 1.285571
v 0.511850 1.196856 1.310992
v 0.801426 0.665687 0.310333
v 0.764277 0.304609 0.315215
v 0.746297 0.305264 0.283483
v 0.786662 0.667414 0.285983
v 0.824764 0.960086 0.318489
v 0.806487 0.956931 0.285805
v 0.739272 -0.730163 0.313012
v 0.764277 0.304609 0.315215
v 0.718852 -0.722185 0.283899
v 0.746297 0.305264 0.283483
v 0.853221 1.438090 0.612174
v 0.434931 1.438090 0.612174
v 0.434931 1.500304 0.570381
v 0.847923 1.500304 0.570381
v 0.434931 1.352837 0.638310
v 0.858877 1.352837 0.638310
v 0.861794 1.273001 0.646526
v 0.434931 1.273001 0.646526
v 0.434931 1.144168 0.614020
v 0.866140 1.144168 0.614020
v 0.868820 1.069690 0.566928
v 0.434931 1.069690 0.566928
v 0.434990 0.986103 0.448156
v 0.860187 0.986103 0.448156
v 0.853162 1.517152 0.557462
v 0.434931 1.517152 0.557462
v 0.434931 1.549718 0.524063
v 0.847149 1.549718 0.524063
v 0.824764 0.960086 0.318489
v 0.435228 0.960086 0.318489
v 0.434990 0.986103 0.448156
v 0.860187 0.986103 0.448156
v 0.806487 0.956931 0.285805
v 0.435288 0.956931 0.285745
v 0.435466 0.951394 0.176202
v 0.803510 0.956752 0.176559
v 0.481785 -1.285026 0.649145
v 0.480892 -1.415943 0.567106
v 0.482737 -0.935379 0.573952
v 0.482261 -1.011167 0.624974
v 0.481785 -1.091539 0.655813
v 0.481785 -1.183162 0.669922
v 0.480296 -1.429100 0.549960
v 0.480594 -1.495303 0.428569
v 0.482499 -0.853638 0.436130
v 0.480356 -1.503281 0.406362
v 0.482201 -0.830062 0.313964
v 0.482082 -0.825954 0.256275
v 0.480177 -1.538644 0.193645
v 0.482023 -0.826431 0.164770
v 0.434931 1.549718 0.524063
v 0.434931 1.517152 0.557462
v 0.434990 0.986103 0.448156
v 0.435228 0.960086 0.318489
v 0.434931 1.609967 0.418448
v 0.435288 0.956931 0.285745
v 0.434931 1.614849 0.404160
v 0.434931 1.629911 0.332004
v 0.435466 0.951394 0.176202
v 0.434931 1.636281 0.254549
v 0.434931 1.069690 0.566928
v 0.434931 1.500304 0.570381
v 0.434931 1.438090 0.612174
v 0.434931 1.352837 0.638310
v 0.434931 1.144168 0.614020
v 0.434931 1.273001 0.646526
v 0.804224 0.985091 0.753152
v 0.855127 1.001582 0.702369
v 0.856139 1.276394 0.703500
v 0.800355 1.282764 0.753450
v 0.840898 1.519176 0.702429
v 0.787912 1.525368 0.739936
v 0.801545 1.694387 0.698678
v 0.775172 1.692303 0.717670
v 0.761598 1.808634 0.694808
v 0.800533 0.667057 0.730767
v 0.829586 0.665747 0.696832
v 0.794401 0.380159 0.690998
v 0.480892 -1.415943 0.567106
v 0.481785 -1.285026 0.649145
v 0.877095 -1.285026 0.649145
v 0.861199 -1.415943 0.567106
v 0.884061 -1.183162 0.669922
v 0.481785 -1.183162 0.669922
v 0.884537 -1.091539 0.655813
v 0.481785 -1.091539 0.655813
v 0.885430 -1.011167 0.624974
v 0.482261 -1.011167 0.624974
v 0.876202 -0.935379 0.573952
v 0.482737 -0.935379 0.573952
v 0.846316 -0.853638 0.436130
v 0.482499 -0.853638 0.436130
v 0.860306 -1.429100 0.549960
v 0.480296 -1.429100 0.549960
v 0.482023 -0.826431 0.164770
v 0.760228 -0.826371 0.164770
v 0.790293 -0.825895 0.254906
v 0.482082 -0.825954 0.256275
v 0.482201 -0.830062 0.313964
v 0.806725 -0.830062 0.313964
v 0.846316 -0.853638 0.436130
v 0.482499 -0.853638 0.436130
v 0.788984 -0.906862 0.716062
v 0.867450 -0.901028 0.690462
v 0.796187 -0.764753 0.683437
v 0.776958 -0.744332 0.687247
v 0.881322 -1.201678 0.697844
v 0.796187 -1.216442 0.734815
v 0.848697 -1.439698 0.686532
v 0.785292 -1.451605 0.718443
v 0.794997 -1.631161 0.672601
v 0.766122 -1.633007 0.694272
v 0.734866 -1.812027 0.663671
v 0.867450 -0.901028 0.690462
v 0.876202 -0.935379 0.573952
v 0.817858 -0.784816 0.567642
v 0.796187 -0.764753 0.683437
v 0.885430 -1.011167 0.624974
v 0.884537 -1.091539 0.655813
v 0.881322 -1.201678 0.697844
v 0.884061 -1.183162 0.669922
v 0.877095 -1.285026 0.649145
v 0.848697 -1.439698 0.686532
v 0.861199 -1.415943 0.567106
v 0.794997 -1.631161 0.672601
v 0.728973 -1.809289 0.563772
v 0.734866 -1.812027 0.663671
v 0.846316 -0.853638 0.436130
v 0.793270 -0.772135 0.437023
v 0.769397 -0.759752 0.309797
v 0.806725 -0.830062 0.313964
v 0.790293 -0.825895 0.254906
v 0.753680 -0.749214 0.268480
v 0.786304 -0.757906 0.559843
v 0.817858 -0.784816 0.567642
v 0.793270 -0.772135 0.437023
v 0.762788 -0.744035 0.436308
v 0.773326 -0.755048 0.575798
v 0.776958 -0.744332 0.687247
v 0.796187 -0.764753 0.683437
v 0.739272 -0.730163 0.313012
v 0.769397 -0.759752 0.309797
v 0.753680 -0.749214 0.268480
v 0.718852 -0.722185 0.283899
v 0.704325 -1.836199 0.659682
v 0.672176 -1.836199 0.660337
v 0.665568 -1.836199 0.630748
v 0.685274 -1.836199 0.721896
v 0.665509 -1.836199 0.691295
v 0.648303 -1.836199 0.711477
v 0.672474 -1.836199 0.736839
v 0.647708 -1.836199 0.609554
v 0.718078 -1.836199 0.563593
v 0.682536 -1.836199 0.563653
v 0.624013 -1.836199 0.597468
v 0.592757 -1.836199 0.597052
v 0.366704 -1.836199 0.577524
v 0.363906 -1.836972 0.563712
v 0.357298 -1.836199 0.570440
v 0.477081 -1.836199 0.597528
v 0.422190 -1.836199 0.610090
v 0.405521 -1.836199 0.629439
v 0.375277 -1.836199 0.634082
v 0.442254 -1.836199 0.598599
v -0.000030 -1.836199 0.563772
v -0.000030 -1.836199 0.570321
v 0.565490 -1.836199 0.610209
v 0.506730 -1.836199 0.612233
v 0.548761 -1.836199 0.632118
v 0.521196 -1.836199 0.632713
v 0.541736 -1.836199 0.662064
v 0.528519 -1.836199 0.662064
v 0.548761 -1.836199 0.688497
v 0.521137 -1.836199 0.689033
v 0.397721 -1.836199 0.660813
v 0.386946 -1.836199 0.710942
v 0.405878 -1.836199 0.693438
v 0.385993 -1.836199 0.719217
v 0.422309 -1.836199 0.711537
v 0.385219 -1.836199 0.726182
v 0.384326 -1.836199 0.734636
v 0.444575 -1.836199 0.723682
v 0.383314 -1.836199 0.745055
v 0.369740 -1.836199 0.734041
v -0.000030 -1.836199 0.733981
v -0.000030 -1.836199 0.744102
v 0.477081 -1.836199 0.724158
v 0.660151 -1.836199 0.744043
v 0.592817 -1.836199 0.723503
v 0.505003 -1.836199 0.711120
v 0.564716 -1.836199 0.710406
v 0.623477 -1.836199 0.724277
v -0.383314 -1.836199 0.745055
v -0.369740 -1.836199 0.734041
v -0.385219 -1.836199 0.726182
v -0.384326 -1.836199 0.734636
v -0.422309 -1.836199 0.711537
v -0.444575 -1.836199 0.723682
v -0.385993 -1.836199 0.719217
v -0.405878 -1.836199 0.693438
v -0.386946 -1.836199 0.710942
v -0.397721 -1.836199 0.660813
v -0.375277 -1.836199 0.634082
v -0.405520 -1.836199 0.629439
v -0.366704 -1.836199 0.577524
v -0.422190 -1.836199 0.610090
v -0.477081 -1.836199 0.597528
v -0.442253 -1.836199 0.598599
v -0.592757 -1.836199 0.597052
v -0.682535 -1.836199 0.563653
v -0.363906 -1.836972 0.563712
v -0.357357 -1.836199 0.570440
v -0.565490 -1.836199 0.610209
v -0.506729 -1.836199 0.612233
v -0.548761 -1.836199 0.632118
v -0.521196 -1.836199 0.632713
v -0.541736 -1.836199 0.662064
v -0.528519 -1.836199 0.662064
v -0.548761 -1.836199 0.688497
v -0.521137 -1.836199 0.689033
v -0.564716 -1.836199 0.710406
v -0.505003 -1.836199 0.711120
v -0.592817 -1.836199 0.723503
v -0.477081 -1.836199 0.724158
v -0.660150 -1.836199 0.744043
v -0.623477 -1.836199 0.724277
v -0.648303 -1.836199 0.711477
v -0.672474 -1.836199 0.736839
v -0.685274 -1.836199 0.721896
v -0.665509 -1.836199 0.691295
v -0.672176 -1.836199 0.660337
v -0.704325 -1.836199 0.659682
v -0.665568 -1.836199 0.630748
v -0.647708 -1.836199 0.609554
v -0.718078 -1.836199 0.563593
v -0.624013 -1.836199 0.597468
v 0.707480 -1.812385 0.745948
v 0.672474 -1.836199 0.736839
v 0.685274 -1.836199 0.721896
v 0.722722 -1.810360 0.705881
v 0.704325 -1.836199 0.659682
v 0.734866 -1.812027 0.663671
v 0.728973 -1.809289 0.563772
v 0.718078 -1.836199 0.563593
v 0.687774 -1.812801 0.765356
v 0.663901 -1.815183 0.770536
v 0.660151 -1.836199 0.744043
v 0.439039 -1.831852 0.771548
v 0.383314 -1.836199 0.745055
v 0.403318 -1.832210 0.778871
v -0.000030 -1.836199 0.744102
v -0.000030 -1.835484 0.778216
v -0.403318 -1.832210 0.778871
v -0.383314 -1.836199 0.745055
v -0.439038 -1.831852 0.771548
v -0.660150 -1.836199 0.744043
v -0.663901 -1.815183 0.770536
v -0.672474 -1.836199 0.736839
v -0.687774 -1.812801 0.765356
v -0.707480 -1.812385 0.745948
v -0.685274 -1.836199 0.721896
v -0.722721 -1.810360 0.705881
v -0.704325 -1.836199 0.659682
v -0.734866 -1.812027 0.663671
v -0.728972 -1.809289 0.563772
v -0.718078 -1.836199 0.563593
v 0.330150 0.398198 1.349809
v 0.331936 0.035513 1.338557
v 0.525662 0.052659 1.321589
v 0.521613 0.360810 1.333080
v 0.333543 -0.159047 1.325816
v 0.528460 -0.151665 1.307837
v 0.334258 -0.237275 1.310278
v 0.495478 -0.225011 1.296108
v 0.526197 -0.230072 1.287000
v 0.514945 0.946453 1.324149
v 0.328721 0.946215 1.341117
v -0.000030 0.035513 1.349332
v -0.000030 -0.161190 1.329388
v -0.000030 0.398198 1.363978
v -0.000030 0.945917 1.354155
v -0.000030 1.205905 1.335223
v 0.329376 1.202333 1.325340
v 0.511850 1.196856 1.310992
v -0.000030 -0.248825 1.317898
v -0.333543 -0.159047 1.325816
v -0.331936 0.035513 1.338557
v -0.525662 0.052659 1.321589
v -0.330150 0.398198 1.349809
v -0.521613 0.360810 1.333080
v -0.528459 -0.151665 1.307837
v -0.334257 -0.237275 1.310278
v -0.495477 -0.225011 1.296108
v -0.526197 -0.230072 1.287000
v -0.514945 0.946453 1.324149
v -0.328721 0.946215 1.341117
v -0.329376 1.202333 1.325340
v -0.511849 1.196856 1.310992
v 0.554595 1.190188 1.285571
v 0.538759 1.204000 1.288072
v 0.508099 1.205429 1.295097
v 0.511850 1.196856 1.310992
v 0.508099 1.205429 1.295097
v 0.330150 1.209358 1.310456
v 0.329376 1.202333 1.325340
v 0.511850 1.196856 1.310992
v -0.000030 1.213704 1.318315
v -0.000030 1.205905 1.335223
v -0.329376 1.202333 1.325340
v -0.330150 1.209358 1.310456
v -0.508099 1.205429 1.295097
v -0.511849 1.196856 1.310992
v 0.651280 1.748445 0.948426
v 0.623299 1.647474 1.019213
v 0.629252 1.651105 1.035168
v 0.664496 1.781725 0.954618
v 0.558406 1.380937 1.197579
v 0.553464 1.379092 1.192399
v 0.508099 1.205429 1.295097
v 0.608832 1.059747 1.189899
v 0.693252 1.194415 1.003019
v 0.705337 1.203047 1.005639
v 0.731890 1.269190 0.894666
v 0.755525 1.302232 0.880497
v 0.687774 -1.812801 0.765356
v 0.709981 -1.480598 0.804709
v 0.678190 -1.490302 0.814294
v 0.663901 -1.815183 0.770536
v 0.685095 -1.268476 0.835548
v 0.717423 -1.255259 0.825486
v 0.693430 -0.813928 0.873412
v 0.718971 -0.755108 0.868887
v 0.563764 -1.517390 0.833226
v 0.439039 -1.831852 0.771548
v 0.629728 -1.291754 0.847752
v 0.574897 -1.514771 0.831083
v 0.563764 -1.517390 0.833226
v 0.563764 -1.517390 0.833226
v 0.659138 -1.102910 0.857159
v 0.671105 -0.825180 0.875079
v 0.538759 1.204000 1.288072
v 0.554595 1.190188 1.285571
v 0.547630 1.201559 1.276045
v -0.000030 -1.869419 0.216327
v -0.000030 -1.538644 0.193645
v 0.480177 -1.538644 0.193645
v 0.461245 -1.847153 0.216327
v 0.718792 -1.646700 0.200967
v 0.734926 -1.538585 0.193645
v 0.683429 -1.813040 0.216327
v 0.659198 -1.836854 0.216327
v 0.482023 -0.826431 0.164770
v -0.000030 -0.826431 0.164770
v -0.000030 0.951394 0.176202
v 0.435466 0.951394 0.176202
v 0.434931 1.636281 0.254549
v -0.000030 1.636281 0.254549
v 0.794818 0.663663 0.182810
v 0.766956 0.307110 0.186263
v -0.000030 1.828221 0.290032
v 0.200185 1.828221 0.290032
v 0.729866 -0.739570 0.176856
v 0.760228 -0.826371 0.164770
v 0.803510 0.956752 0.176559
v 0.413022 1.820482 0.289556
v 0.544891 1.817624 0.289258
v 0.544891 1.690041 0.289258
v 0.527388 1.636281 0.254549
v 0.719804 1.636281 0.254549
v 0.695336 1.690041 0.286341
v 0.768801 1.636281 0.254549
v 0.762729 1.691887 0.264254
v 0.745583 1.794405 0.283066
v 0.730997 1.811313 0.286043
v 0.695336 1.812385 0.286341
v -0.434931 1.636281 0.254549
v -0.435466 0.951394 0.176202
v -0.482022 -0.826431 0.164770
v -0.794818 0.663663 0.182810
v -0.766956 0.307110 0.186263
v -0.200185 1.828221 0.290032
v -0.729866 -0.739570 0.176856
v -0.760228 -0.826371 0.164770
v -0.803510 0.956752 0.176559
v -0.480177 -1.538644 0.193645
v -0.461245 -1.847153 0.216327
v -0.718792 -1.646700 0.200967
v -0.734926 -1.538585 0.193645
v -0.683428 -1.813040 0.216327
v -0.659198 -1.836854 0.216327
v -0.413022 1.820482 0.289556
v -0.527388 1.636281 0.254549
v -0.595555 1.815243 0.287532
v -0.730997 1.811313 0.286043
v -0.719804 1.636281 0.254549
v -0.745583 1.794405 0.283066
v -0.768801 1.636281 0.254549
v -0.000030 -1.845843 0.734101
v 0.370336 -1.845843 0.734101
v 0.369740 -1.836199 0.734041
v -0.000030 -1.836199 0.733981
v 0.385219 -1.836199 0.726182
v 0.385219 -1.845843 0.726182
v 0.385993 -1.845843 0.719217
v 0.385993 -1.836199 0.719217
v 0.386946 -1.836199 0.710942
v 0.386946 -1.845843 0.710942
v 0.375039 -1.845843 0.634142
v 0.375277 -1.836199 0.634082
v 0.366228 -1.845843 0.577643
v 0.366704 -1.836199 0.577524
v -0.369740 -1.836199 0.734041
v -0.370335 -1.845843 0.734101
v -0.385219 -1.845843 0.726182
v -0.385219 -1.836199 0.726182
v -0.372002 -1.845843 0.733267
v -0.385993 -1.845843 0.719217
v -0.385993 -1.836199 0.719217
v -0.386946 -1.836199 0.710942
v -0.386946 -1.845843 0.710942
v -0.375039 -1.845843 0.634142
v -0.375277 -1.836199 0.634082
v -0.366228 -1.845843 0.577643
v -0.366704 -1.836199 0.577524
v 0.370336 -1.845843 0.734101
v 0.372003 -1.845843 0.733267
v 0.385219 -1.845843 0.726182
v 0.360036 -1.845843 0.570559
v 0.357298 -1.836199 0.570440
v 0.366704 -1.836199 0.577524
v 0.366228 -1.845843 0.577643
v -0.000030 -1.845843 0.570440
v -0.000030 -1.836199 0.570321
v 0.357298 -1.836199 0.570440
v 0.360036 -1.845843 0.570559
v -0.357357 -1.836199 0.570440
v -0.360036 -1.845843 0.570559
v 0.607879 -0.311515 1.173824
v 0.566205 -0.198697 1.254910
v 0.574718 -0.204531 1.258780
v 0.618178 -0.320505 1.175550
v 0.694859 -0.537271 0.992779
v 0.680749 -0.529412 0.989802
v 0.566681 -0.151367 1.282475
v 0.557096 -0.150176 1.275152
v 0.734688 -0.690811 0.853468
v 0.754453 -0.705754 0.850789
v 0.756418 -0.715815 0.835905
v 0.554595 1.190188 1.285571
v 0.556322 0.945619 1.299740
v 0.546320 1.067487 1.287476
v 0.547630 1.201559 1.276045
v 0.545427 0.975327 1.290929
v 0.550726 0.357357 1.298847
v 0.561680 0.359679 1.309147
v 0.549892 0.041228 1.288726
v 0.564895 0.043252 1.296466
v 0.557096 -0.150176 1.275152
v 0.566681 -0.151367 1.282475
v 0.691228 0.391768 0.996470
v 0.608415 0.408855 1.178885
v 0.621512 0.345569 1.179897
v 0.704563 0.326697 0.997066
v 0.550726 0.357357 1.298847
v 0.556441 0.416713 1.263781
v 0.740820 0.374979 0.882819
v 0.740582 0.314254 0.881449
v 0.553107 0.682357 1.260626
v 0.545427 0.975327 1.290929
v 0.549237 0.919841 1.256518
v 0.551559 0.959669 1.250445
v 0.593650 1.015751 1.181266
v 0.608832 1.059747 1.189899
v 0.693252 1.194415 1.003019
v 0.687298 1.150776 0.998376
v 0.733081 1.222039 0.894309
v 0.731890 1.269190 0.894666
v 0.704563 0.326697 0.997066
v 0.691823 0.258053 0.993077
v 0.739391 0.247873 0.882104
v 0.740582 0.314254 0.881449
v 0.610022 0.279962 1.176324
v 0.621512 0.345569 1.179897
v 0.558465 0.289428 1.262888
v 0.550726 0.357357 1.298847
v 0.549892 0.041228 1.288726
v 0.558941 0.027892 1.253363
v 0.557096 -0.150176 1.275152
v 0.568527 -0.163869 1.233657
v 0.566205 -0.198697 1.254910
v 0.597699 -0.260494 1.171562
v 0.607879 -0.311515 1.173824
v 0.680749 -0.529412 0.989802
v 0.687477 -0.496608 0.983075
v 0.734688 -0.690811 0.853468
v 0.731473 -0.633002 0.857695
v 0.608832 1.059747 1.189899
v 0.545427 0.975327 1.290929
v 0.370336 -1.845843 0.734101
v -0.000030 -1.845843 0.734101
v -0.000030 -1.845843 0.570440
v 0.360036 -1.845843 0.570559
v 0.366228 -1.845843 0.577643
v 0.372003 -1.845843 0.733267
v 0.375039 -1.845843 0.634142
v 0.386946 -1.845843 0.710942
v 0.385219 -1.845843 0.726182
v 0.385993 -1.845843 0.719217
v -0.370335 -1.845843 0.734101
v -0.360036 -1.845843 0.570559
v -0.366228 -1.845843 0.577643
v -0.375039 -1.845843 0.634142
v -0.372002 -1.845843 0.733267
v -0.386946 -1.845843 0.710942
v -0.385219 -1.845843 0.726182
v -0.385993 -1.845843 0.719217
v 0.823097 -1.503281 0.406362
v 0.829348 -1.495303 0.428569
v 0.799938 -1.647414 0.413387
v 0.794044 -1.646938 0.406541
v 0.753441 -1.825363 0.522216
v 0.744571 -1.825780 0.416781
v 0.860306 -1.429100 0.549960
v 0.752608 -1.828102 0.544721
v 0.739034 -1.818219 0.409160
v 0.744571 -1.825780 0.416781
v 0.794044 -1.646938 0.406541
v 0.718792 -1.646700 0.200967
v 0.734926 -1.538585 0.193645
v 0.683429 -1.813040 0.216327
v 0.739034 -1.818219 0.409160
v 0.483928 -1.892280 0.374987
v 0.363251 -1.916749 0.406124
v 0.360751 -1.907402 0.389752
v 0.576564 -1.887875 0.374928
v 0.611689 -1.907283 0.409517
v 0.693430 -1.893947 0.409815
v 0.659198 -1.836854 0.216327
v 0.720459 -1.866740 0.409577
v 0.683429 -1.813040 0.216327
v 0.569420 -1.865073 0.299557
v 0.485357 -1.869121 0.298664
v 0.461245 -1.847153 0.216327
v 0.739034 -1.818219 0.409160
v 0.347951 -1.901627 0.372368
v -0.000030 -1.912224 0.370820
v -0.000030 -1.869419 0.216327
v -0.461245 -1.847153 0.216327
v -0.347950 -1.901627 0.372368
v -0.485357 -1.869121 0.298664
v -0.659198 -1.836854 0.216327
v -0.569419 -1.865073 0.299557
v -0.576564 -1.887875 0.374928
v -0.693430 -1.893947 0.409815
v -0.611689 -1.907283 0.409517
v -0.363251 -1.916749 0.406124
v -0.483928 -1.892280 0.374987
v -0.360750 -1.907402 0.389752
v -0.720459 -1.866740 0.409577
v -0.683428 -1.813040 0.216327
v -0.739034 -1.818219 0.409160
v 0.337830 -1.909248 0.523586
v 0.344081 -1.941575 0.527575
v -0.000030 -1.950803 0.528051
v -0.000030 -1.918118 0.524062
v -0.337830 -1.909248 0.523586
v -0.344081 -1.941575 0.527575
v 0.346224 -1.923119 0.374511
v 0.334317 -1.926215 0.389811
v -0.000030 -1.940087 0.388918
v -0.000030 -1.937169 0.374273
v 0.342354 -1.928715 0.400111
v 0.358131 -1.926751 0.391538
v 0.360572 -1.931156 0.410053
v 0.367597 -1.932168 0.420650
v 0.344081 -1.941575 0.527575
v 0.628121 -1.929013 0.525670
v 0.612820 -1.920797 0.420174
v 0.698789 -1.910915 0.525491
v 0.696586 -1.904068 0.419162
v 0.729568 -1.880492 0.525491
v 0.726948 -1.872931 0.417912
v 0.753441 -1.825363 0.522216
v 0.744571 -1.825780 0.416781
v 0.729151 -1.881266 0.543471
v 0.752608 -1.828102 0.544721
v 0.346581 -1.937705 0.542875
v 0.629312 -1.926989 0.542637
v 0.698789 -1.910855 0.542518
v -0.000030 -1.950803 0.543173
v -0.000030 -1.950803 0.528051
v -0.344081 -1.941575 0.527575
v -0.346581 -1.937705 0.542875
v -0.628121 -1.929013 0.525670
v -0.367597 -1.932168 0.420650
v -0.342354 -1.928715 0.400111
v -0.360572 -1.931156 0.410053
v -0.358131 -1.926751 0.391538
v -0.346224 -1.923119 0.374511
v -0.334317 -1.926215 0.389811
v -0.612820 -1.920797 0.420174
v -0.698788 -1.910915 0.525491
v -0.696586 -1.904068 0.419162
v -0.729568 -1.880492 0.525491
v -0.726948 -1.872931 0.417912
v -0.753441 -1.825363 0.522216
v -0.744570 -1.825780 0.416781
v -0.729151 -1.881266 0.543471
v -0.752608 -1.828102 0.544721
v -0.698788 -1.910855 0.542518
v -0.629311 -1.926989 0.542637
v 0.576564 -1.887875 0.374928
v 0.483928 -1.892280 0.374987
v 0.486190 -1.846439 0.371177
v 0.574480 -1.842331 0.371177
v 0.486190 -1.846439 0.371177
v 0.483928 -1.892280 0.374987
v 0.485357 -1.869121 0.298664
v 0.487381 -1.853106 0.301343
v 0.485357 -1.869121 0.298664
v 0.569420 -1.865073 0.299557
v 0.567514 -1.848820 0.302117
v 0.487381 -1.853106 0.301343
v 0.576564 -1.887875 0.374928
v 0.574480 -1.842331 0.371177
v 0.567514 -1.848820 0.302117
v 0.569420 -1.865073 0.299557
v 0.860306 -1.429100 0.549960
v 0.861199 -1.415943 0.567106
v 0.728973 -1.809289 0.563772
v 0.752608 -1.828102 0.544721
v 0.346581 -1.937705 0.542875
v 0.629312 -1.926989 0.542637
v 0.682536 -1.836199 0.563653
v 0.363906 -1.836972 0.563712
v 0.698789 -1.910855 0.542518
v 0.718078 -1.836199 0.563593
v -0.000030 -1.836199 0.563772
v -0.000030 -1.950803 0.543173
v 0.729151 -1.881266 0.543471
v 0.752608 -1.828102 0.544721
v 0.728973 -1.809289 0.563772
v -0.346581 -1.937705 0.542875
v -0.363906 -1.836972 0.563712
v -0.682535 -1.836199 0.563653
v -0.629311 -1.926989 0.542637
v -0.698788 -1.910855 0.542518
v -0.718078 -1.836199 0.563593
v -0.729151 -1.881266 0.543471
v -0.752608 -1.828102 0.544721
v -0.728972 -1.809289 0.563772
v 0.326220 -1.896983 0.396598
v 0.334317 -1.926215 0.389811
v 0.342354 -1.928715 0.400111
v -0.000030 -1.940087 0.388918
v -0.000030 -1.905914 0.396122
v 0.337830 -1.909248 0.523586
v 0.344081 -1.941575 0.527575
v -0.326220 -1.896983 0.396598
v -0.334317 -1.926215 0.389811
v -0.342354 -1.928715 0.400111
v -0.337830 -1.909248 0.523586
v -0.344081 -1.941575 0.527575
v 0.744571 -1.825780 0.416781
v 0.726948 -1.872931 0.417912
v 0.720459 -1.866740 0.409577
v 0.739034 -1.818219 0.409160
v 0.693430 -1.893947 0.409815
v 0.696586 -1.904068 0.419162
v 0.611689 -1.907283 0.409517
v 0.612820 -1.920797 0.420174
v 0.363251 -1.916749 0.406124
v 0.367597 -1.932168 0.420650
v -0.000030 -1.912224 0.370820
v 0.347951 -1.901627 0.372368
v 0.346224 -1.923119 0.374511
v -0.000030 -1.937169 0.374273
v -0.346224 -1.923119 0.374511
v -0.347950 -1.901627 0.372368
v 0.367597 -1.932168 0.420650
v 0.360572 -1.931156 0.410053
v 0.363251 -1.916749 0.406124
v 0.360751 -1.907402 0.389752
v 0.358131 -1.926751 0.391538
v 0.347951 -1.901627 0.372368
v 0.346224 -1.923119 0.374511
v 0.487381 -1.853106 0.301343
v 0.567514 -1.848820 0.302117
v 0.574480 -1.842331 0.371177
v 0.486190 -1.846439 0.371177
v 0.337830 -1.909248 0.523586
v -0.000030 -1.918118 0.524062
v -0.000030 -1.905914 0.396122
v 0.326220 -1.896983 0.396598
v -0.337830 -1.909248 0.523586
v -0.326220 -1.896983 0.396598
v 0.823097 -1.503281 0.406362
v 0.480356 -1.503281 0.406362
v 0.480594 -1.495303 0.428569
v 0.829348 -1.495303 0.428569
v 0.860306 -1.429100 0.549960
v 0.480296 -1.429100 0.549960
v 0.480177 -1.538644 0.193645
v 0.734926 -1.538585 0.193645
v 0.403318 -1.832210 0.778871
v 0.399805 -1.542871 0.859242
v -0.000030 -1.561148 0.867220
v -0.000030 -1.835484 0.778216
v 0.509051 -1.529595 0.854480
v 0.568050 -1.308126 0.881271
v 0.433085 -0.977411 0.906930
v 0.618298 -0.983900 0.892344
v 0.623060 -0.920614 0.890558
v 0.447909 -0.951751 0.905858
v -0.000030 -1.001939 0.920742
v -0.000030 -0.980447 0.920444
v 0.443920 -0.889240 0.887998
v 0.631514 -0.845124 0.877996
v 0.671105 -0.825180 0.875079
v -0.000030 -0.917936 0.901393
v -0.403318 -1.832210 0.778871
v -0.447909 -0.951751 0.905858
v -0.433085 -0.977411 0.906930
v -0.623060 -0.920614 0.890558
v -0.618297 -0.983900 0.892344
v -0.568050 -1.308126 0.881271
v -0.399805 -1.542871 0.859242
v -0.509051 -1.529595 0.854480
v -0.443920 -0.889240 0.887998
v -0.631514 -0.845124 0.877996
v -0.671105 -0.825180 0.875079
v 0.623060 -0.920614 0.890558
v 0.618298 -0.983900 0.892344
v 0.659138 -1.102910 0.857159
v 0.671105 -0.825180 0.875079
v 0.568050 -1.308126 0.881271
v 0.629728 -1.291754 0.847752
v 0.563764 -1.517390 0.833226
v 0.509051 -1.529595 0.854480
v 0.403318 -1.832210 0.778871
v 0.439039 -1.831852 0.771548
v 0.729866 -0.739570 0.176856
v 0.755406 -0.744213 0.257704
v 0.790293 -0.825895 0.254906
v 0.760228 -0.826371 0.164770
v 0.766956 0.307110 0.186263
v 0.783566 0.304609 0.262408
v 0.755406 -0.744213 0.257704
v 0.729866 -0.739570 0.176856
v 0.812738 0.663187 0.269552
v 0.794818 0.663663 0.182810
v 0.803510 0.956752 0.176559
v 0.824764 0.956455 0.272350
v 0.806487 0.956931 0.285805
v 0.786662 0.667414 0.285983
v 0.812738 0.663187 0.269552
v 0.824764 0.956455 0.272350
v 0.783566 0.304609 0.262408
v 0.746297 0.305264 0.283483
v 0.718852 -0.722185 0.283899
v 0.755406 -0.744213 0.257704
v 0.718852 -0.722185 0.283899
v 0.753680 -0.749214 0.268480
v 0.755406 -0.744213 0.257704
v 0.753680 -0.749214 0.268480
v 0.790293 -0.825895 0.254906
v 0.755406 -0.744213 0.257704
v 0.806487 0.956931 0.285805
v 0.824764 0.956455 0.272350
v 0.803510 0.956752 0.176559
v 0.754453 -0.705754 0.850789
v 0.417011 1.931752 0.439524
v 0.414689 1.941754 0.569131
v 0.603712 1.933598 0.568833
v 0.615797 1.923179 0.438333
v 0.202626 1.949791 0.569369
v 0.201495 1.937705 0.439702
v 0.725936 1.918238 0.437261
v 0.725281 1.927525 0.568654
v 0.772552 1.903771 0.566749
v 0.766777 1.899544 0.434701
v -0.000030 1.950803 0.569488
v -0.000030 1.937705 0.439702
v -0.201495 1.937705 0.439702
v -0.202626 1.949791 0.569369
v -0.417010 1.931752 0.439524
v -0.414689 1.941754 0.569131
v -0.603711 1.933598 0.568833
v -0.615797 1.923179 0.438333
v -0.725936 1.918238 0.437261
v -0.725281 1.927525 0.568654
v -0.772552 1.903771 0.566749
v -0.766777 1.899544 0.434701
v 0.725936 1.918238 0.437261
v 0.763681 1.882100 0.419580
v 0.732664 1.901032 0.421425
v 0.615797 1.923179 0.438333
v 0.616392 1.909010 0.422675
v 0.417249 1.916809 0.424223
v 0.417011 1.931752 0.439524
v 0.201495 1.937705 0.439702
v 0.201317 1.923358 0.424938
v 0.200185 1.828221 0.290032
v 0.413022 1.820482 0.289556
v 0.072781 1.896626 0.382430
v 0.072484 1.846320 0.307178
v -0.000030 1.828221 0.290032
v -0.000030 1.844653 0.306940
v -0.000030 1.937705 0.439702
v -0.000030 1.923358 0.424938
v 0.661282 1.868705 0.363736
v 0.732128 1.859358 0.360045
v 0.681226 1.852511 0.342423
v 0.689382 1.836854 0.320454
v 0.695336 1.812385 0.286341
v 0.730997 1.811313 0.286043
v 0.757430 1.840604 0.357425
v 0.745583 1.794405 0.283066
v -0.072483 1.846320 0.307178
v -0.200185 1.828221 0.290032
v -0.072781 1.896626 0.382430
v -0.201316 1.923358 0.424938
v -0.417249 1.916809 0.424223
v -0.413022 1.820482 0.289556
v -0.201495 1.937705 0.439702
v -0.417010 1.931752 0.439524
v -0.615797 1.923179 0.438333
v -0.616392 1.909010 0.422675
v -0.732664 1.901032 0.421425
v -0.725936 1.918238 0.437261
v -0.763681 1.882100 0.419580
v -0.766777 1.899544 0.434701
v -0.745583 1.794405 0.283066
v -0.730997 1.811313 0.286043
v -0.000030 1.898234 0.382728
v -0.595555 1.815243 0.287532
v 0.434931 1.629911 0.332004
v 0.434931 1.636281 0.254549
v 0.527388 1.636281 0.254549
v 0.799700 1.629911 0.332004
v 0.434931 1.614849 0.404160
v 0.821847 1.614849 0.404160
v 0.824943 1.609967 0.418448
v 0.434931 1.609967 0.418448
v 0.434931 1.549718 0.524063
v 0.847149 1.549718 0.524063
v 0.719804 1.636281 0.254549
v 0.768801 1.636281 0.254549
v 0.813929 1.663250 0.420056
v 0.766777 1.899544 0.434701
v 0.772552 1.903771 0.566749
v 0.819763 1.694089 0.558891
v 0.847149 1.549718 0.524063
v 0.824943 1.609967 0.418448
v 0.853162 1.517152 0.557462
v 0.821847 1.614849 0.404160
v 0.808987 1.661703 0.413209
v 0.790889 1.682361 0.338076
v 0.799700 1.629911 0.332004
v 0.757430 1.840604 0.357425
v 0.763681 1.882100 0.419580
v 0.745583 1.794405 0.283066
v 0.762729 1.691887 0.264254
v 0.768801 1.636281 0.254549
v 0.740701 1.861263 0.574251
v 0.759097 1.809170 0.574429
v 0.772552 1.903771 0.566749
v 0.792913 1.693673 0.572346
v 0.819763 1.694089 0.558891
v 0.847923 1.500304 0.570381
v 0.853162 1.517152 0.557462
v 0.725281 1.927525 0.568654
v 0.698074 1.867097 0.574072
v 0.740701 1.861263 0.574251
v 0.772552 1.903771 0.566749
v 0.603712 1.933598 0.568833
v 0.572753 1.874480 0.574370
v 0.414570 1.880790 0.574906
v 0.414689 1.941754 0.569131
v 0.202626 1.949791 0.569369
v 0.202686 1.887399 0.575560
v -0.000030 1.889899 0.575977
v -0.000030 1.950803 0.569488
v -0.202626 1.949791 0.569369
v -0.202686 1.887399 0.575560
v -0.414570 1.880790 0.574906
v -0.414689 1.941754 0.569131
v -0.603711 1.933598 0.568833
v -0.572753 1.874480 0.574370
v -0.698074 1.867097 0.574072
v -0.725281 1.927525 0.568654
v -0.740701 1.861263 0.574251
v -0.772552 1.903771 0.566749
v 0.628061 1.873170 0.367844
v 0.569777 1.871324 0.363915
v 0.554655 1.856441 0.342184
v 0.544891 1.817624 0.289258
v 0.072781 1.896626 0.382430
v 0.072484 1.846320 0.307178
v 0.064685 1.831019 0.314024
v 0.064685 1.865549 0.377727
v -0.000030 1.898234 0.382728
v 0.072781 1.896626 0.382430
v 0.064685 1.865549 0.377727
v -0.000030 1.866204 0.377727
v -0.064684 1.865549 0.377727
v -0.072781 1.896626 0.382430
v 0.064685 1.831019 0.314024
v 0.072484 1.846320 0.307178
v -0.000030 1.844653 0.306940
v -0.000030 1.830960 0.314024
v -0.064684 1.831019 0.314024
v -0.072483 1.846320 0.307178
v 0.661282 1.690041 0.363736
v 0.628061 1.690041 0.367844
v 0.628061 1.873170 0.367844
v 0.661282 1.868705 0.363736
v 0.569777 1.871324 0.363915
v 0.569777 1.690041 0.363915
v 0.695336 1.690041 0.286341
v 0.689382 1.690041 0.320454
v 0.689382 1.836854 0.320454
v 0.695336 1.812385 0.286341
v 0.681226 1.852511 0.342423
v 0.681226 1.690041 0.342423
v 0.661282 1.868705 0.363736
v 0.661282 1.690041 0.363736
v 0.569777 1.690041 0.363915
v 0.554655 1.690041 0.342184
v 0.554655 1.856441 0.342184
v 0.569777 1.871324 0.363915
v 0.544891 1.817624 0.289258
v 0.544891 1.690041 0.289258
v 0.544891 1.690041 0.289258
v 0.554655 1.690041 0.342184
v 0.689382 1.690041 0.320454
v 0.695336 1.690041 0.286341
v 0.681226 1.690041 0.342423
v 0.569777 1.690041 0.363915
v 0.661282 1.690041 0.363736
v 0.628061 1.690041 0.367844
v 0.075698 1.899127 0.586812
v -0.000030 1.899960 0.586812
v -0.000030 1.908236 0.662481
v 0.075698 1.907581 0.662541
v -0.075698 1.899127 0.586812
v -0.075698 1.907581 0.662541
v 0.064685 1.831019 0.314024
v -0.000030 1.830960 0.314024
v -0.000030 1.866204 0.377727
v 0.064685 1.865549 0.377727
v -0.064684 1.831019 0.314024
v -0.064684 1.865549 0.377727
v 0.397721 -1.846796 0.660813
v 0.405878 -1.846796 0.693438
v 0.405878 -1.836199 0.693438
v 0.397721 -1.836199 0.660813
v 0.405521 -1.846796 0.629439
v 0.405521 -1.836199 0.629439
v 0.422190 -1.846796 0.610090
v 0.422190 -1.836199 0.610090
v 0.422309 -1.836199 0.711537
v 0.422309 -1.846796 0.711537
v 0.444575 -1.836199 0.723682
v 0.444575 -1.846796 0.723682
v 0.477081 -1.836199 0.724158
v 0.477081 -1.846796 0.724158
v 0.505003 -1.836199 0.711120
v 0.505003 -1.846796 0.711120
v 0.521137 -1.836199 0.689033
v 0.521137 -1.846796 0.689033
v 0.528519 -1.836199 0.662064
v 0.528519 -1.846796 0.662064
v 0.521196 -1.836199 0.632713
v 0.521196 -1.846796 0.632713
v 0.506730 -1.836199 0.612233
v 0.506730 -1.846796 0.612233
v 0.477081 -1.836199 0.597528
v 0.477081 -1.846796 0.597528
v 0.442254 -1.836199 0.598599
v 0.442254 -1.846796 0.598599
v 0.592757 -1.846796 0.597052
v 0.565490 -1.846796 0.610209
v 0.565490 -1.836199 0.610209
v 0.592757 -1.836199 0.597052
v 0.548761 -1.836199 0.632118
v 0.548761 -1.846796 0.632118
v 0.541736 -1.836199 0.662064
v 0.541736 -1.846796 0.662064
v 0.548761 -1.836199 0.688497
v 0.548761 -1.846796 0.688497
v 0.564716 -1.836199 0.710406
v 0.564716 -1.846796 0.710406
v 0.592817 -1.836199 0.723503
v 0.592817 -1.846796 0.723503
v 0.623477 -1.836199 0.724277
v 0.623477 -1.846796 0.724277
v 0.624013 -1.846796 0.597468
v 0.624013 -1.836199 0.597468
v 0.647708 -1.846796 0.609554
v 0.647708 -1.836199 0.609554
v 0.665568 -1.846796 0.630748
v 0.665568 -1.836199 0.630748
v 0.672176 -1.846796 0.660337
v 0.672176 -1.836199 0.660337
v 0.665509 -1.846796 0.691295
v 0.665509 -1.836199 0.691295
v 0.648303 -1.846796 0.711477
v 0.648303 -1.836199 0.711477
v 0.397721 -1.846796 0.660813
v 0.405521 -1.846796 0.629439
v 0.462674 -1.846796 0.661170
v 0.405878 -1.846796 0.693438
v 0.422190 -1.846796 0.610090
v 0.442254 -1.846796 0.598599
v 0.477081 -1.846796 0.597528
v 0.506730 -1.846796 0.612233
v 0.521196 -1.846796 0.632713
v 0.528519 -1.846796 0.662064
v 0.521137 -1.846796 0.689033
v 0.505003 -1.846796 0.711120
v 0.477081 -1.846796 0.724158
v 0.444575 -1.846796 0.723682
v 0.422309 -1.846796 0.711537
v 0.541736 -1.846796 0.662064
v 0.548761 -1.846796 0.632118
v 0.607284 -1.846796 0.660635
v 0.548761 -1.846796 0.688497
v 0.565490 -1.846796 0.610209
v 0.592757 -1.846796 0.597052
v 0.564716 -1.846796 0.710406
v 0.592817 -1.846796 0.723503
v 0.624013 -1.846796 0.597468
v 0.647708 -1.846796 0.609554
v 0.665568 -1.846796 0.630748
v 0.672176 -1.846796 0.660337
v 0.665509 -1.846796 0.691295
v 0.648303 -1.846796 0.711477
v 0.623477 -1.846796 0.724277
v -0.287642 1.848403 0.824118
v -0.287642 1.896924 0.683199
v -0.287642 1.896686 0.843824
v -0.080044 1.897579 0.666053
v -0.075698 1.907581 0.662541
v -0.075698 1.899127 0.586812
v -0.080044 1.889006 0.583181
v -0.739391 0.247873 0.882104
v -0.737962 -0.054147 0.874305
v -0.688191 -0.034619 0.990100
v -0.691823 0.258053 0.993077
v -0.607700 0.005328 1.174241
v -0.687477 -0.496608 0.983075
v -0.597699 -0.260494 1.171562
v -0.610022 0.279962 1.176324
v -0.558465 0.289428 1.262888
v -0.558941 0.027892 1.253363
v -0.568527 -0.163869 1.233657
v -0.731473 -0.633002 0.857695
v -0.688548 0.918829 0.996411
v -0.740165 0.923711 0.891809
v -0.740641 0.672355 0.888593
v -0.689203 0.674617 0.997006
v -0.604426 0.679618 1.180016
v -0.598353 0.919484 1.180671
v -0.553107 0.682357 1.260626
v -0.549237 0.919841 1.256518
v -0.691227 0.391768 0.996470
v -0.740820 0.374979 0.882819
v -0.608415 0.408855 1.178885
v -0.556441 0.416713 1.263781
v -0.551559 0.959669 1.250445
v -0.594900 0.961336 1.183528
v -0.593650 1.015751 1.181266
v -0.687298 1.150776 0.998376
v -0.688370 0.962527 0.995280
v -0.740224 0.957943 0.893178
v -0.733080 1.222039 0.894309
v -0.693133 1.878587 0.787147
v -0.730758 1.875194 0.787147
v -0.722602 1.873229 0.857755
v -0.691644 1.876980 0.857874
v -0.736295 1.872872 0.694808
v -0.699027 1.876444 0.693856
v -0.573408 1.889482 0.693022
v -0.604069 1.884184 0.787564
v -0.622405 1.881683 0.856802
v -0.698074 1.867097 0.574072
v -0.740701 1.861263 0.574251
v -0.572753 1.874480 0.574370
v -0.736593 1.821553 0.855790
v -0.722602 1.873229 0.857755
v -0.730758 1.875194 0.787147
v -0.741356 1.808575 0.837453
v -0.749214 1.808813 0.789766
v -0.761597 1.808634 0.694808
v -0.736295 1.872872 0.694808
v -0.759097 1.809170 0.574429
v -0.740701 1.861263 0.574251
v -0.487143 1.267107 1.257173
v -0.452493 1.244960 1.272711
v -0.801724 0.299966 0.559545
v -0.786304 -0.757906 0.559843
v -0.773326 -0.755048 0.575798
v -0.786542 0.300144 0.573893
v -0.731473 -0.633002 0.857695
v -0.756418 -0.715815 0.835905
v -0.734688 -0.690811 0.853468
v -0.737962 -0.054147 0.874305
v -0.762609 -0.053670 0.850074
v -0.765586 0.259125 0.856802
v -0.739391 0.247873 0.882104
v -0.766122 0.316397 0.857993
v -0.740582 0.314254 0.881449
v -0.740820 0.374979 0.882819
v -0.766003 0.375634 0.859183
v -0.765467 0.670152 0.865077
v -0.740641 0.672355 0.888593
v -0.764931 0.957824 0.870793
v -0.740165 0.923711 0.891809
v -0.740224 0.957943 0.893178
v -0.733080 1.222039 0.894309
v -0.731890 1.269190 0.894666
v -0.755525 1.302232 0.880497
v -0.786542 0.300144 0.573893
v -0.773326 -0.755048 0.575798
v -0.776957 -0.744332 0.687247
v -0.792139 0.309729 0.688974
v -0.788150 0.378909 0.572821
v -0.794401 0.380159 0.690998
v -0.831015 0.665509 0.574489
v -0.829586 0.665747 0.696832
v -0.855126 1.001582 0.702369
v -0.868819 1.069690 0.566928
v -0.832384 0.665449 0.561034
v -0.860187 0.986103 0.448156
v -0.815595 0.665568 0.425235
v -0.802260 0.378968 0.558831
v -0.785947 0.381945 0.425890
v -0.781303 0.302526 0.426366
v -0.801724 0.299966 0.559545
v -0.762788 -0.744035 0.436308
v -0.786304 -0.757906 0.559843
v -0.802260 0.378968 0.558831
v -0.788150 0.378909 0.572821
v -0.801724 0.299966 0.559545
v -0.786542 0.300144 0.573893
v -0.866140 1.144168 0.614020
v -0.861794 1.273001 0.646526
v -0.856139 1.276394 0.703500
v -0.858877 1.352837 0.638310
v -0.840898 1.519176 0.702429
v -0.853221 1.438090 0.612174
v -0.847923 1.500304 0.570381
v -0.801545 1.694387 0.698678
v -0.792913 1.693673 0.572346
v -0.759097 1.809170 0.574429
v -0.761597 1.808634 0.694808
v -0.775171 1.692303 0.717670
v -0.749214 1.808813 0.789766
v -0.757013 1.697483 0.797565
v -0.787912 1.525368 0.739936
v -0.766777 1.530964 0.805841
v -0.742725 1.537692 0.883831
v -0.728556 1.807146 0.887046
v -0.690751 1.779700 0.953903
v -0.653601 1.645092 1.036478
v -0.689203 1.440531 1.010640
v -0.698252 1.307709 1.007961
v -0.749274 1.404810 0.882104
v -0.603176 1.149585 1.192578
v -0.592400 1.276751 1.195912
v -0.547630 1.201559 1.276045
v -0.546320 1.067487 1.287476
v -0.578826 1.373495 1.198888
v -0.538759 1.204000 1.288072
v -0.718673 1.873527 0.886986
v -0.736593 1.821553 0.855790
v -0.722602 1.873229 0.857755
v -0.741356 1.808575 0.837453
v -0.705337 1.203047 1.005639
v -0.755525 1.302232 0.880497
v -0.800354 1.282764 0.753450
v -0.764931 0.957824 0.870793
v -0.804224 0.985091 0.753152
v -0.765467 0.670152 0.865077
v -0.800533 0.667057 0.730767
v -0.766003 0.375634 0.859183
v -0.766122 0.316397 0.857993
v -0.765586 0.259125 0.856802
v -0.762609 -0.053670 0.850074
v -0.756418 -0.715815 0.835905
v -0.757430 -0.735164 0.835607
v -0.788983 -0.906862 0.716062
v -0.796187 -1.216442 0.734815
v -0.753977 -1.240971 0.808638
v -0.785292 -1.451605 0.718443
v -0.745285 -1.471430 0.789825
v -0.766122 -1.633007 0.694272
v -0.707480 -1.812385 0.745948
v -0.722721 -1.810360 0.705881
v -0.734866 -1.812027 0.663671
v -0.709981 -1.480598 0.804709
v -0.687774 -1.812801 0.765356
v -0.717423 -1.255259 0.825486
v -0.753977 -1.240971 0.808638
v -0.718970 -0.755108 0.868887
v -0.757430 -0.735164 0.835607
v -0.754453 -0.705754 0.850789
v -0.665687 -0.593412 0.999447
v -0.694859 -0.537271 0.992779
v -0.618178 -0.320505 1.175550
v -0.591626 -0.368788 1.180909
v -0.542986 -0.245491 1.274735
v -0.565133 -0.217629 1.265805
v -0.528459 -0.151665 1.307837
v -0.526197 -0.230072 1.287000
v -0.574718 -0.204531 1.258780
v -0.566681 -0.151367 1.282475
v -0.525662 0.052659 1.321589
v -0.564895 0.043252 1.296466
v -0.521613 0.360810 1.333080
v -0.561680 0.359679 1.309147
v -0.514945 0.946453 1.324149
v -0.556322 0.945619 1.299740
v -0.554595 1.190188 1.285571
v -0.511849 1.196856 1.310992
v -0.801426 0.665687 0.310333
v -0.786662 0.667414 0.285983
v -0.746297 0.305264 0.283483
v -0.764277 0.304609 0.315215
v -0.824764 0.960086 0.318489
v -0.806487 0.956931 0.285805
v -0.739272 -0.730163 0.313012
v -0.764277 0.304609 0.315215
v -0.718852 -0.722185 0.283899
v -0.746297 0.305264 0.283483
v -0.853221 1.438090 0.612174
v -0.847923 1.500304 0.570381
v -0.434931 1.500304 0.570381
v -0.434931 1.438090 0.612174
v -0.434931 1.352837 0.638310
v -0.858877 1.352837 0.638310
v -0.861794 1.273001 0.646526
v -0.434931 1.273001 0.646526
v -0.434931 1.144168 0.614020
v -0.866140 1.144168 0.614020
v -0.868819 1.069690 0.566928
v -0.434931 1.069690 0.566928
v -0.434990 0.986103 0.448156
v -0.860187 0.986103 0.448156
v -0.853162 1.517152 0.557462
v -0.434931 1.517152 0.557462
v -0.434931 1.549718 0.524063
v -0.847149 1.549718 0.524063
v -0.824764 0.960086 0.318489
v -0.860187 0.986103 0.448156
v -0.434990 0.986103 0.448156
v -0.435228 0.960086 0.318489
v -0.806487 0.956931 0.285805
v -0.435288 0.956931 0.285745
v -0.435466 0.951394 0.176202
v -0.803510 0.956752 0.176559
v -0.482737 -0.935379 0.573952
v -0.480891 -1.415943 0.567106
v -0.481784 -1.285026 0.649145
v -0.482261 -1.011167 0.624974
v -0.481784 -1.091539 0.655813
v -0.481784 -1.183162 0.669922
v -0.480296 -1.429100 0.549960
v -0.480594 -1.495303 0.428569
v -0.482499 -0.853638 0.436130
v -0.480356 -1.503281 0.406362
v -0.482201 -0.830062 0.313964
v -0.482082 -0.825954 0.256275
v -0.480177 -1.538644 0.193645
v -0.482022 -0.826431 0.164770
v -0.434931 1.517152 0.557462
v -0.434931 1.549718 0.524063
v -0.434990 0.986103 0.448156
v -0.435228 0.960086 0.318489
v -0.434931 1.609967 0.418448
v -0.435288 0.956931 0.285745
v -0.434931 1.614849 0.404160
v -0.434931 1.629911 0.332004
v -0.435466 0.951394 0.176202
v -0.434931 1.636281 0.254549
v -0.434931 1.069690 0.566928
v -0.434931 1.500304 0.570381
v -0.434931 1.438090 0.612174
v -0.434931 1.352837 0.638310
v -0.434931 1.144168 0.614020
v -0.434931 1.273001 0.646526
v -0.804224 0.985091 0.753152
v -0.800354 1.282764 0.753450
v -0.856139 1.276394 0.703500
v -0.855126 1.001582 0.702369
v -0.840898 1.519176 0.702429
v -0.787912 1.525368 0.739936
v -0.801545 1.694387 0.698678
v -0.775171 1.692303 0.717670
v -0.761597 1.808634 0.694808
v -0.800533 0.667057 0.730767
v -0.829586 0.665747 0.696832
v -0.794401 0.380159 0.690998
v -0.480891 -1.415943 0.567106
v -0.861199 -1.415943 0.567106
v -0.877095 -1.285026 0.649145
v -0.481784 -1.285026 0.649145
v -0.884060 -1.183162 0.669922
v -0.481784 -1.183162 0.669922
v -0.884537 -1.091539 0.655813
v -0.481784 -1.091539 0.655813
v -0.885430 -1.011167 0.624974
v -0.482261 -1.011167 0.624974
v -0.876202 -0.935379 0.573952
v -0.482737 -0.935379 0.573952
v -0.846315 -0.853638 0.436130
v -0.482499 -0.853638 0.436130
v -0.860306 -1.429100 0.549960
v -0.480296 -1.429100 0.549960
v -0.482022 -0.826431 0.164770
v -0.482082 -0.825954 0.256275
v -0.790293 -0.825895 0.254906
v -0.760228 -0.826371 0.164770
v -0.482201 -0.830062 0.313964
v -0.806725 -0.830062 0.313964
v -0.846315 -0.853638 0.436130
v -0.482499 -0.853638 0.436130
v -0.788983 -0.906862 0.716062
v -0.776957 -0.744332 0.687247
v -0.796187 -0.764753 0.683437
v -0.867450 -0.901028 0.690462
v -0.881322 -1.201678 0.697844
v -0.796187 -1.216442 0.734815
v -0.848697 -1.439698 0.686532
v -0.785292 -1.451605 0.718443
v -0.794997 -1.631161 0.672601
v -0.766122 -1.633007 0.694272
v -0.734866 -1.812027 0.663671
v -0.867450 -0.901028 0.690462
v -0.796187 -0.764753 0.683437
v -0.817858 -0.784816 0.567642
v -0.876202 -0.935379 0.573952
v -0.885430 -1.011167 0.624974
v -0.884537 -1.091539 0.655813
v -0.881322 -1.201678 0.697844
v -0.884060 -1.183162 0.669922
v -0.877095 -1.285026 0.649145
v -0.848697 -1.439698 0.686532
v -0.861199 -1.415943 0.567106
v -0.794997 -1.631161 0.672601
v -0.728972 -1.809289 0.563772
v -0.734866 -1.812027 0.663671
v -0.846315 -0.853638 0.436130
v -0.793270 -0.772135 0.437023
v -0.769396 -0.759752 0.309797
v -0.806725 -0.830062 0.313964
v -0.790293 -0.825895 0.254906
v -0.753679 -0.749214 0.268480
v -0.786304 -0.757906 0.559843
v -0.762788 -0.744035 0.436308
v -0.793270 -0.772135 0.437023
v -0.817858 -0.784816 0.567642
v -0.773326 -0.755048 0.575798
v -0.776957 -0.744332 0.687247
v -0.796187 -0.764753 0.683437
v -0.739272 -0.730163 0.313012
v -0.769396 -0.759752 0.309797
v -0.753679 -0.749214 0.268480
v -0.718852 -0.722185 0.283899
v -0.554595 1.190188 1.285571
v -0.511849 1.196856 1.310992
v -0.508099 1.205429 1.295097
v -0.538759 1.204000 1.288072
v -0.651280 1.748445 0.948426
v -0.664496 1.781725 0.954618
v -0.629252 1.651105 1.035168
v -0.623298 1.647474 1.019213
v -0.558406 1.380937 1.197579
v -0.553464 1.379092 1.192399
v -0.508099 1.205429 1.295097
v -0.693252 1.194415 1.003019
v -0.608831 1.059747 1.189899
v -0.705337 1.203047 1.005639
v -0.731890 1.269190 0.894666
v -0.755525 1.302232 0.880497
v -0.687774 -1.812801 0.765356
v -0.663901 -1.815183 0.770536
v -0.678189 -1.490302 0.814294
v -0.709981 -1.480598 0.804709
v -0.685095 -1.268476 0.835548
v -0.717423 -1.255259 0.825486
v -0.693430 -0.813928 0.873412
v -0.718970 -0.755108 0.868887
v -0.563764 -1.517390 0.833226
v -0.439038 -1.831852 0.771548
v -0.629728 -1.291754 0.847752
v -0.574897 -1.514771 0.831083
v -0.563764 -1.517390 0.833226
v -0.563764 -1.517390 0.833226
v -0.659138 -1.102910 0.857159
v -0.671105 -0.825180 0.875079
v -0.554595 1.190188 1.285571
v -0.538759 1.204000 1.288072
v -0.547630 1.201559 1.276045
v -0.360036 -1.845843 0.570559
v -0.366228 -1.845843 0.577643
v -0.366704 -1.836199 0.577524
v -0.357357 -1.836199 0.570440
v -0.607879 -0.311515 1.173824
v -0.618178 -0.320505 1.175550
v -0.574718 -0.204531 1.258780
v -0.566204 -0.198697 1.254910
v -0.694859 -0.537271 0.992779
v -0.680749 -0.529412 0.989802
v -0.566681 -0.151367 1.282475
v -0.557096 -0.150176 1.275152
v -0.734688 -0.690811 0.853468
v -0.754453 -0.705754 0.850789
v -0.756418 -0.715815 0.835905
v -0.554595 1.190188 1.285571
v -0.547630 1.201559 1.276045
v -0.546320 1.067487 1.287476
v -0.556322 0.945619 1.299740
v -0.545427 0.975327 1.290929
v -0.550785 0.357357 1.298847
v -0.561680 0.359679 1.309147
v -0.549892 0.041228 1.288726
v -0.564895 0.043252 1.296466
v -0.557096 -0.150176 1.275152
v -0.566681 -0.151367 1.282475
v -0.691227 0.391768 0.996470
v -0.704563 0.326697 0.997066
v -0.621512 0.345569 1.179897
v -0.608415 0.408855 1.178885
v -0.550785 0.357357 1.298847
v -0.556441 0.416713 1.263781
v -0.740820 0.374979 0.882819
v -0.740582 0.314254 0.881449
v -0.553107 0.682357 1.260626
v -0.545427 0.975327 1.290929
v -0.549237 0.919841 1.256518
v -0.551559 0.959669 1.250445
v -0.593650 1.015751 1.181266
v -0.608831 1.059747 1.189899
v -0.693252 1.194415 1.003019
v -0.687298 1.150776 0.998376
v -0.733080 1.222039 0.894309
v -0.731890 1.269190 0.894666
v -0.704563 0.326697 0.997066
v -0.740582 0.314254 0.881449
v -0.739391 0.247873 0.882104
v -0.691823 0.258053 0.993077
v -0.610022 0.279962 1.176324
v -0.621512 0.345569 1.179897
v -0.558465 0.289428 1.262888
v -0.550785 0.357357 1.298847
v -0.549892 0.041228 1.288726
v -0.558941 0.027892 1.253363
v -0.557096 -0.150176 1.275152
v -0.568527 -0.163869 1.233657
v -0.566204 -0.198697 1.254910
v -0.597699 -0.260494 1.171562
v -0.607879 -0.311515 1.173824
v -0.680749 -0.529412 0.989802
v -0.687477 -0.496608 0.983075
v -0.734688 -0.690811 0.853468
v -0.731473 -0.633002 0.857695
v -0.608831 1.059747 1.189899
v -0.545427 0.975327 1.290929
v -0.823097 -1.503281 0.406362
v -0.794044 -1.646938 0.406541
v -0.799938 -1.647414 0.413387
v -0.829348 -1.495303 0.428569
v -0.753441 -1.825363 0.522216
v -0.744570 -1.825780 0.416781
v -0.860306 -1.429100 0.549960
v -0.752608 -1.828102 0.544721
v -0.739034 -1.818219 0.409160
v -0.744570 -1.825780 0.416781
v -0.734926 -1.538585 0.193645
v -0.718792 -1.646700 0.200967
v -0.794044 -1.646938 0.406541
v -0.683428 -1.813040 0.216327
v -0.739034 -1.818219 0.409160
v -0.576564 -1.887875 0.374928
v -0.574480 -1.842331 0.371177
v -0.486190 -1.846439 0.371177
v -0.483928 -1.892280 0.374987
v -0.486190 -1.846439 0.371177
v -0.487381 -1.853106 0.301343
v -0.485357 -1.869121 0.298664
v -0.483928 -1.892280 0.374987
v -0.485357 -1.869121 0.298664
v -0.487381 -1.853106 0.301343
v -0.567514 -1.848820 0.302117
v -0.569419 -1.865073 0.299557
v -0.576564 -1.887875 0.374928
v -0.569419 -1.865073 0.299557
v -0.567514 -1.848820 0.302117
v -0.574480 -1.842331 0.371177
v -0.860306 -1.429100 0.549960
v -0.752608 -1.828102 0.544721
v -0.728972 -1.809289 0.563772
v -0.861199 -1.415943 0.567106
v -0.744570 -1.825780 0.416781
v -0.739034 -1.818219 0.409160
v -0.720459 -1.866740 0.409577
v -0.726948 -1.872931 0.417912
v -0.693430 -1.893947 0.409815
v -0.696586 -1.904068 0.419162
v -0.611689 -1.907283 0.409517
v -0.612820 -1.920797 0.420174
v -0.363251 -1.916749 0.406124
v -0.367597 -1.932168 0.420650
v -0.360572 -1.931156 0.410053
v -0.367597 -1.932168 0.420650
v -0.363251 -1.916749 0.406124
v -0.360750 -1.907402 0.389752
v -0.358131 -1.926751 0.391538
v -0.347950 -1.901627 0.372368
v -0.346224 -1.923119 0.374511
v -0.487381 -1.853106 0.301343
v -0.486190 -1.846439 0.371177
v -0.574480 -1.842331 0.371177
v -0.567514 -1.848820 0.302117
v -0.823097 -1.503281 0.406362
v -0.829348 -1.495303 0.428569
v -0.480594 -1.495303 0.428569
v -0.480356 -1.503281 0.406362
v -0.860306 -1.429100 0.549960
v -0.480296 -1.429100 0.549960
v -0.480177 -1.538644 0.193645
v -0.734926 -1.538585 0.193645
v -0.623060 -0.920614 0.890558
v -0.671105 -0.825180 0.875079
v -0.659138 -1.102910 0.857159
v -0.618297 -0.983900 0.892344
v -0.568050 -1.308126 0.881271
v -0.629728 -1.291754 0.847752
v -0.563764 -1.517390 0.833226
v -0.509051 -1.529595 0.854480
v -0.403318 -1.832210 0.778871
v -0.439038 -1.831852 0.771548
v -0.729866 -0.739570 0.176856
v -0.760228 -0.826371 0.164770
v -0.790293 -0.825895 0.254906
v -0.755406 -0.744213 0.257704
v -0.766956 0.307110 0.186263
v -0.783566 0.304609 0.262408
v -0.812738 0.663187 0.269552
v -0.794818 0.663663 0.182810
v -0.803510 0.956752 0.176559
v -0.824764 0.956455 0.272350
v -0.806487 0.956931 0.285805
v -0.824764 0.956455 0.272350
v -0.812738 0.663187 0.269552
v -0.786662 0.667414 0.285983
v -0.783566 0.304609 0.262408
v -0.746297 0.305264 0.283483
v -0.718852 -0.722185 0.283899
v -0.755406 -0.744213 0.257704
v -0.753679 -0.749214 0.268480
v -0.718852 -0.722185 0.283899
v -0.755406 -0.744213 0.257704
v -0.790293 -0.825895 0.254906
v -0.824764 0.956455 0.272350
v -0.806487 0.956931 0.285805
v -0.803510 0.956752 0.176559
v -0.754453 -0.705754 0.850789
v -0.434931 1.636281 0.254549
v -0.434931 1.629911 0.332004
v -0.527388 1.636281 0.254549
v -0.799699 1.629911 0.332004
v -0.434931 1.614849 0.404160
v -0.821846 1.614849 0.404160
v -0.824942 1.609967 0.418448
v -0.434931 1.609967 0.418448
v -0.434931 1.549718 0.524063
v -0.847149 1.549718 0.524063
v -0.719804 1.636281 0.254549
v -0.768801 1.636281 0.254549
v -0.813928 1.663250 0.420056
v -0.819763 1.694089 0.558891
v -0.772552 1.903771 0.566749
v -0.766777 1.899544 0.434701
v -0.847149 1.549718 0.524063
v -0.824942 1.609967 0.418448
v -0.853162 1.517152 0.557462
v -0.821846 1.614849 0.404160
v -0.808987 1.661703 0.413209
v -0.790888 1.682361 0.338076
v -0.799699 1.629911 0.332004
v -0.768801 1.636281 0.254549
v -0.745583 1.794405 0.283066
v -0.763681 1.882100 0.419580
v -0.759097 1.809170 0.574429
v -0.740701 1.861263 0.574251
v -0.772552 1.903771 0.566749
v -0.792913 1.693673 0.572346
v -0.819763 1.694089 0.558891
v -0.847923 1.500304 0.570381
v -0.853162 1.517152 0.557462
v -0.072781 1.896626 0.382430
v -0.064684 1.865549 0.377727
v -0.064684 1.831019 0.314024
v -0.072483 1.846320 0.307178
v -0.397721 -1.846796 0.660813
v -0.397721 -1.836199 0.660813
v -0.405878 -1.836199 0.693438
v -0.405878 -1.846796 0.693438
v -0.405520 -1.846796 0.629439
v -0.405520 -1.836199 0.629439
v -0.422190 -1.846796 0.610090
v -0.422190 -1.836199 0.610090
v -0.422309 -1.836199 0.711537
v -0.422309 -1.846796 0.711537
v -0.444575 -1.836199 0.723682
v -0.444575 -1.846796 0.723682
v -0.477081 -1.836199 0.724158
v -0.477081 -1.846796 0.724158
v -0.505003 -1.836199 0.711120
v -0.505003 -1.846796 0.711120
v -0.521137 -1.836199 0.689033
v -0.521137 -1.846796 0.689033
v -0.528519 -1.836199 0.662064
v -0.528519 -1.846796 0.662064
v -0.521196 -1.836199 0.632713
v -0.521196 -1.846796 0.632713
v -0.506729 -1.836199 0.612233
v -0.506729 -1.846796 0.612233
v -0.477081 -1.836199 0.597528
v -0.477081 -1.846796 0.597528
v -0.442253 -1.836199 0.598599
v -0.442253 -1.846796 0.598599
v -0.592757 -1.846796 0.597052
v -0.592757 -1.836199 0.597052
v -0.565490 -1.836199 0.610209
v -0.565490 -1.846796 0.610209
v -0.548761 -1.836199 0.632118
v -0.548761 -1.846796 0.632118
v -0.541736 -1.836199 0.662064
v -0.541736 -1.846796 0.662064
v -0.548761 -1.836199 0.688497
v -0.548761 -1.846796 0.688497
v -0.564716 -1.836199 0.710406
v -0.564716 -1.846796 0.710406
v -0.592817 -1.836199 0.723503
v -0.592817 -1.846796 0.723503
v -0.623477 -1.836199 0.724277
v -0.623477 -1.846796 0.724277
v -0.624013 -1.846796 0.597468
v -0.624013 -1.836199 0.597468
v -0.647708 -1.846796 0.609554
v -0.647708 -1.836199 0.609554
v -0.665568 -1.846796 0.630748
v -0.665568 -1.836199 0.630748
v -0.672176 -1.846796 0.660337
v -0.672176 -1.836199 0.660337
v -0.665509 -1.846796 0.691295
v -0.665509 -1.836199 0.691295
v -0.648303 -1.846796 0.711477
v -0.648303 -1.836199 0.711477
v -0.397721 -1.846796 0.660813
v -0.405878 -1.846796 0.693438
v -0.462674 -1.846796 0.661170
v -0.405520 -1.846796 0.629439
v -0.422190 -1.846796 0.610090
v -0.442253 -1.846796 0.598599
v -0.477081 -1.846796 0.597528
v -0.506729 -1.846796 0.612233
v -0.521196 -1.846796 0.632713
v -0.528519 -1.846796 0.662064
v -0.521137 -1.846796 0.689033
v -0.505003 -1.846796 0.711120
v -0.477081 -1.846796 0.724158
v -0.444575 -1.846796 0.723682
v -0.422309 -1.846796 0.711537
v -0.541736 -1.846796 0.662064
v -0.548761 -1.846796 0.688497
v -0.607284 -1.846796 0.660635
v -0.548761 -1.846796 0.632118
v -0.565490 -1.846796 0.610209
v -0.592757 -1.846796 0.597052
v -0.564716 -1.846796 0.710406
v -0.592817 -1.846796 0.723503
v -0.624013 -1.846796 0.597468
v -0.647708 -1.846796 0.609554
v -0.665568 -1.846796 0.630748
v -0.672176 -1.846796 0.660337
v -0.665509 -1.846796 0.691295
v -0.648303 -1.846796 0.711477
v -0.623477 -1.846796 0.724277
vn -0.0117 -0.9926 -0.1205
vn 0.0275 0.9983 0.0510
vn 0.0115 0.9999 0.0063
vn 0.0353 0.9988 0.0353
vn 0.0353 0.9981 -0.0510
vn 0.0588 0.9981 0.0196
vn 0.0588 0.9960 -0.0667
vn 0.0510 0.9978 0.0431
vn 0.0588 0.9918 -0.1137
vn 0.0274 0.9922 -0.1216
vn 0.0196 0.9933 -0.1138
vn 0.0196 0.9933 -0.1137
vn 0.0118 0.9925 -0.1216
vn -0.0039 0.9814 -0.1922
vn -0.0039 0.9604 -0.2785
vn 0.0118 0.9951 -0.0980
vn -0.0039 0.9978 -0.0667
vn -0.0039 0.9870 -0.1608
vn 0.0196 0.9892 -0.1451
vn 0.0118 0.9925 -0.1215
vn -0.0118 0.9925 -0.1215
vn -0.0196 0.9933 -0.1137
vn -0.0118 0.9951 -0.0981
vn -0.0353 0.9981 -0.0510
vn -0.0274 0.9922 -0.1216
vn -0.0588 0.9918 -0.1137
vn -0.0588 0.9960 -0.0667
vn -0.0588 0.9981 0.0196
vn -0.0353 0.9988 0.0353
vn -0.0510 0.9978 0.0431
vn -0.0196 0.9868 -0.1608
vn -0.0275 0.9996 0.0039
vn -0.0667 0.9960 0.0588
vn -0.0353 0.9946 0.0981
vn -0.0824 0.9962 0.0275
vn -0.1137 0.9934 0.0118
vn -0.1059 0.9940 0.0275
vn -0.0274 0.9983 0.0510
vn -0.0039 0.9959 0.0902
vn 0.0353 0.9946 0.0981
vn 0.0667 0.9960 0.0588
vn 0.0824 0.9962 0.0275
vn 0.1137 0.9934 0.0118
vn 0.1059 0.9940 0.0275
vn -1.0000 0.0003 0.0039
vn 0.0039 0.3690 -0.9294
vn -0.0039 0.3690 -0.9294
vn -0.0039 0.3691 -0.9294
vn -0.0039 0.9455 0.3255
vn 0.0196 0.9453 0.3255
vn 0.0194 0.9453 0.3255
vn -0.0196 0.9453 0.3255
vn 0.9137 0.4040 -0.0431
vn 0.9137 0.4041 -0.0431
vn 0.0039 0.3486 0.9372
vn 0.0039 0.3486 0.9373
vn -0.0039 0.3486 0.9372
vn -0.0039 0.3487 0.9372
vn -0.0039 0.3486 0.9373
vn 0.0118 0.3689 -0.9294
vn -0.0118 0.3689 -0.9294
vn -0.0039 0.5615 0.8274
vn 0.0196 0.5613 0.8274
vn 0.0196 0.5612 0.8274
vn -0.0039 0.5615 0.8275
vn 0.0353 0.5604 0.8274
vn 0.0353 0.5719 0.8196
vn 0.0667 0.5336 0.8431
vn 0.0902 0.5043 0.8588
vn 0.1294 0.4674 0.8745
vn 0.1765 0.4363 0.8823
vn 0.0667 0.5690 0.8196
vn -0.0196 0.5612 0.8274
vn -0.0196 0.5613 0.8274
vn -0.0353 0.5604 0.8274
vn -0.0353 0.5718 0.8196
vn -0.0667 0.5336 0.8431
vn -0.0902 0.5043 0.8588
vn -0.1294 0.4674 0.8745
vn -0.1765 0.4363 0.8823
vn -0.0667 0.5690 0.8196
vn -0.0118 -0.1761 0.9843
vn -0.0039 -0.1764 0.9843
vn -0.0039 -0.2156 0.9765
vn -0.0118 -0.1760 0.9843
vn -0.0039 -0.2157 0.9765
vn 0.0039 -0.1764 0.9843
vn 0.0039 -0.2156 0.9765
vn 0.0118 -0.1761 0.9843
vn 0.0196 0.6347 0.7725
vn 0.0196 0.6441 0.7647
vn 0.0510 0.5818 0.8118
vn 0.0353 0.5937 0.8039
vn 0.0588 0.5699 0.8196
vn 0.0588 0.5585 0.8274
vn 0.0039 0.5377 0.8431
vn -0.0118 0.5376 0.8431
vn -0.0196 0.5374 0.8431
vn -0.0275 0.5370 0.8431
vn -0.0431 0.5234 0.8510
vn 0.0196 0.5495 0.8353
vn 0.0588 0.6126 0.7882
vn 0.0275 0.6620 0.7490
vn -0.0039 0.6626 0.7490
vn 0.0118 0.5497 0.8353
vn 0.0039 0.5498 0.8353
vn 0.0196 0.5837 0.8118
vn -0.0039 0.5377 0.8431
vn -0.0039 0.5498 0.8353
vn 0.0275 0.5245 0.8510
vn 0.0196 0.5248 0.8510
vn -0.0274 0.6620 0.7490
vn -0.0588 0.6126 0.7882
vn -0.0196 0.5495 0.8353
vn 0.0432 0.5234 0.8510
vn 0.0196 0.5374 0.8431
vn 0.0275 0.5370 0.8431
vn 0.0118 0.5376 0.8431
vn -0.0588 0.5585 0.8274
vn -0.0510 0.5818 0.8117
vn -0.0588 0.5699 0.8196
vn -0.0353 0.5937 0.8039
vn -0.0196 0.6441 0.7647
vn -0.0196 0.6347 0.7725
vn -0.0118 0.5497 0.8353
vn -0.0196 0.5837 0.8118
vn -0.0039 0.6349 0.7726
vn -0.0039 0.6350 0.7725
vn 0.0510 -0.5592 0.8275
vn 0.0902 -0.5543 0.8274
vn 0.1216 -0.5238 0.8431
vn 0.1843 -0.5304 0.8274
vn 0.1529 -0.5282 0.8353
vn 0.2235 -0.5511 0.8039
vn -0.0039 -0.5615 0.8274
vn -0.0039 -0.5498 0.8353
vn -0.0039 -0.4850 0.8745
vn 0.0823 -0.4780 0.8745
vn 0.1922 -0.4749 0.8588
vn 0.4117 -0.3644 0.8353
vn 0.3804 -0.4837 0.7882
vn 0.0667 -0.3199 0.9451
vn -0.0039 -0.3268 0.9451
vn 0.1451 -0.3393 0.9294
vn 0.4117 -0.3048 0.8588
vn 0.2392 -0.3285 0.9137
vn 0.4510 -0.3346 0.8274
vn 0.2706 -0.5296 0.8039
vn 0.3098 -0.5317 0.7882
vn -0.0902 -0.5543 0.8274
vn -0.0823 -0.4780 0.8745
vn -0.2235 -0.5512 0.8039
vn -0.1843 -0.5304 0.8274
vn -0.1216 -0.5238 0.8431
vn -0.0510 -0.5592 0.8274
vn -0.1529 -0.5282 0.8353
vn -0.2235 -0.5511 0.8039
vn -0.1922 -0.4749 0.8588
vn -0.4117 -0.3643 0.8353
vn -0.3804 -0.4837 0.7882
vn -0.0667 -0.3199 0.9451
vn -0.1451 -0.3393 0.9294
vn -0.4117 -0.3048 0.8588
vn -0.2392 -0.3285 0.9137
vn -0.4510 -0.3346 0.8274
vn -0.2706 -0.5296 0.8039
vn -0.3098 -0.5317 0.7882
vn -0.1216 -0.5362 0.8353
vn -0.0667 -0.5210 0.8510
vn -0.0039 -0.5615 0.8275
vn -0.0039 -0.5252 0.8510
vn 0.0667 -0.5210 0.8510
vn 0.1216 -0.5362 0.8353
vn 0.1451 -0.5303 0.8353
vn -0.1451 -0.5303 0.8353
vn 0.9187 -0.0000 0.3949
vn 0.9137 -0.0444 0.4039
vn 0.9216 -0.0776 0.3804
vn 0.8968 -0.0000 0.4425
vn 0.9216 -0.0000 0.3882
vn 0.9044 -0.0000 0.4268
vn 0.8510 -0.0618 0.5216
vn 0.8582 -0.0000 0.5134
vn 0.8667 -0.0293 0.4980
vn 0.9282 -0.0000 0.3721
vn 0.8980 0.0637 0.4353
vn 0.9059 0.0576 0.4196
vn 0.9044 0.0002 0.4267
vn 0.8980 -0.0637 0.4353
vn 0.8889 -0.0000 0.4581
vn 0.8823 0.0608 0.4667
vn 0.8431 0.0221 0.5373
vn 0.8431 0.0222 0.5373
vn 0.9059 0.0991 0.4118
vn 0.9117 -0.0000 0.4109
vn 0.8902 0.0646 0.4510
vn 0.8491 -0.0000 0.5282
vn 0.8353 0.0719 0.5451
vn 0.8824 0.0608 0.4666
vn 0.8889 -0.0000 0.4582
vn 0.9044 -0.0000 0.4267
vn 0.0824 0.9965 0.0118
vn 0.0824 0.9962 0.0274
vn 0.0980 0.9952 0.0039
vn 0.1059 0.9926 -0.0588
vn 0.0902 0.9942 -0.0588
vn 0.0902 0.9911 -0.0980
vn 0.1216 0.9892 -0.0823
vn 0.9608 0.2139 0.1765
vn 0.9686 0.1363 0.2078
vn 0.9451 0.3118 0.0980
vn 0.9765 0.0808 0.2000
vn 0.9686 0.2018 0.1451
vn 0.9529 0.3030 0.0118
vn 0.9451 0.3249 0.0353
vn 0.9451 0.3249 -0.0353
vn 0.9373 0.3485 -0.0118
vn 0.7333 -0.0444 0.6784
vn 0.6543 -0.0000 0.7562
vn 0.6156 -0.0000 0.7881
vn 0.6706 -0.0314 0.7412
vn 0.6995 -0.0000 0.7147
vn 0.6992 -0.0000 0.7149
vn 0.6863 -0.0520 0.7255
vn 0.6784 -0.0444 0.7333
vn 0.6235 -0.0470 0.7804
vn 0.6069 -0.0000 0.7948
vn 0.6000 0.0792 0.7961
vn 0.9991 -0.0000 -0.0431
vn 0.9998 -0.0000 0.0196
vn 0.9987 -0.0000 0.0509
vn 0.9921 -0.1220 -0.0274
vn 0.9922 -0.0776 0.0980
vn 0.9921 -0.1220 0.0275
vn 0.9921 -0.1245 0.0118
vn 0.9991 -0.0000 0.0431
vn 0.9994 -0.0000 0.0353
vn 0.9921 -0.1142 -0.0510
vn 0.9922 -0.0776 -0.0980
vn 0.9843 -0.1005 -0.1451
vn 0.9843 -0.1200 -0.1294
vn 0.9843 -0.1279 -0.1216
vn 0.9843 -0.0520 -0.1686
vn 0.8274 -0.0980 0.5530
vn 0.8274 -0.0293 0.5608
vn 0.6941 -0.0566 0.7176
vn 0.9922 -0.0665 0.1059
vn 0.9922 0.0520 0.1137
vn 0.9921 0.0666 0.1059
vn 0.9843 0.1729 0.0353
vn 0.9765 0.2154 0.0118
vn 0.9608 0.2751 -0.0353
vn 0.9529 0.2989 -0.0510
vn 0.9529 0.3030 0.0117
vn 0.9686 0.1087 0.2235
vn 0.9529 0.3029 0.0118
vn 0.9686 0.0272 0.2470
vn 0.9608 0.0608 0.2706
vn 0.9605 -0.0000 0.2783
vn 0.8723 -0.0000 0.4890
vn 0.8667 0.0294 0.4980
vn 0.8745 0.0508 0.4823
vn 0.9294 0.0566 0.3647
vn 0.8588 0.0807 0.5059
vn 0.8510 0.1092 0.5137
vn 0.8431 0.0941 0.5294
vn 0.8196 0.1174 0.5608
vn 0.9216 0.1529 0.3569
vn 0.9686 0.1363 0.2079
vn 0.9372 0.0719 0.3412
vn 0.9451 0.0293 0.3255
vn 0.9529 -0.0272 0.3020
vn 0.9510 0.0001 0.3092
vn 0.9686 -0.0675 0.2392
vn 0.9765 -0.0807 0.2000
vn 0.9843 -0.0880 0.1529
vn 0.9843 -0.0881 0.1529
vn 0.9895 -0.0000 0.1447
vn 0.9748 -0.0000 0.2231
vn 0.9431 -0.0000 0.3326
vn 0.8745 -0.1322 0.4667
vn 0.7804 -0.1093 0.6157
vn 0.8823 -0.1345 0.4510
vn 0.7255 -0.1549 0.6706
vn 0.9294 -0.2006 0.3098
vn 0.9372 -0.2100 0.2784
vn 0.4118 -0.1549 0.8980
vn 0.4196 -0.1322 0.8980
vn 0.4431 -0.1058 0.8902
vn 0.5450 -0.0719 0.8353
vn 0.5922 -0.1250 0.7961
vn 0.5842 -0.0000 0.8116
vn 0.7098 -0.2960 0.6392
vn 0.7098 -0.2784 0.6471
vn 0.7020 -0.2976 0.6471
vn 0.6784 -0.2819 0.6784
vn 0.6863 -0.2997 0.6627
vn 0.6235 -0.2710 0.7333
vn 0.6235 -0.2487 0.7412
vn 0.1843 -0.1120 0.9765
vn 0.4510 -0.2134 0.8667
vn 0.6314 -0.2281 0.7412
vn 0.5529 -0.0980 0.8274
vn 0.1765 0.0003 0.9843
vn 0.5294 -0.0941 0.8431
vn 0.5133 -0.0000 0.8582
vn 0.1765 0.0004 0.9843
vn 0.1687 0.0520 0.9843
vn 0.9686 -0.0675 -0.2392
vn 0.9608 -0.1092 -0.2549
vn 0.8588 -0.0808 -0.5059
vn 0.9686 -0.0675 -0.2393
vn 0.8667 -0.0293 -0.4980
vn 0.9686 -0.0272 -0.2471
vn 0.9651 -0.0000 -0.2618
vn 0.8431 -0.0222 -0.5373
vn 0.8431 -0.0222 -0.5372
vn -0.0039 -0.4063 -0.9137
vn -0.0039 -0.4235 -0.9059
vn -0.0039 -0.5729 -0.8196
vn -0.0039 -0.2156 -0.9765
vn -0.0039 -0.2157 -0.9765
vn -0.0039 0.1250 -0.9922
vn -0.0039 0.1250 -0.9921
vn -0.0039 0.7198 -0.6941
vn -0.0039 0.9113 -0.4118
vn -0.0039 0.9040 -0.4275
vn -0.0039 -0.6882 -0.7255
vn -0.0039 -0.6799 -0.7333
vn -0.0039 -0.8279 -0.5608
vn -0.0039 -0.8226 -0.5687
vn -0.0039 0.9829 -0.1843
vn -0.0039 0.9843 -0.1765
vn -0.0039 0.9113 -0.4117
vn -0.0039 0.9041 -0.4274
vn -0.0039 0.9991 -0.0431
vn -0.0039 0.9996 -0.0275
vn -0.0039 0.9996 -0.0274
vn 1.0000 -0.0000 -0.0039
vn 0.9999 -0.0000 -0.0118
vn 1.0000 -0.0001 -0.0039
vn 1.0000 -0.0000 0.0039
vn 1.0000 -0.0000 0.0038
vn 0.7098 -0.0587 0.7020
vn 0.7020 -0.0587 0.7098
vn 0.6627 -0.0000 0.7489
vn 0.6157 0.1092 0.7804
vn 0.5765 0.1463 0.8039
vn 0.5608 0.2276 0.7961
vn 0.7333 -0.1120 0.6706
vn 0.7569 -0.0921 0.6471
vn -0.0039 0.5616 -0.8274
vn -0.0039 0.4063 -0.9137
vn -0.0039 0.3882 -0.9216
vn -0.0056 0.5616 -0.8274
vn -0.0039 -0.0000 -1.0000
vn -0.0039 -0.2485 -0.9686
vn -0.0039 -0.4556 -0.8902
vn -0.0039 -0.4706 -0.8823
vn -0.0039 -0.7488 -0.6627
vn -0.0039 -0.7624 -0.6471
vn -0.0039 -0.9148 -0.4039
vn -0.0039 -0.9248 -0.3804
vn -0.0039 0.8671 -0.4981
vn 0.0039 -1.0000 0.0039
vn -0.0039 -0.9994 -0.0353
vn 0.0039 -0.9996 -0.0275
vn -0.0039 -0.9882 -0.1529
vn -0.0039 -0.9870 -0.1608
vn -0.0039 -0.9248 -0.3803
vn 0.3412 0.0719 0.9372
vn 0.3098 0.2006 0.9294
vn 0.3804 0.0776 0.9216
vn 0.3882 0.0003 0.9216
vn 0.4510 -0.1345 0.8823
vn 0.4667 -0.1322 0.8745
vn 0.5294 -0.1873 0.8274
vn 0.5372 -0.1990 0.8196
vn 0.5922 -0.2292 0.7725
vn 0.9294 0.3673 0.0353
vn 0.9216 0.3882 0.0039
vn 0.9059 0.4235 -0.0039
vn 0.9137 0.4059 0.0196
vn 0.9921 0.0293 0.1216
vn 0.9815 -0.0000 0.1916
vn 0.9843 -0.0880 0.1530
vn 0.9843 -0.0520 0.1686
vn 0.9765 -0.1921 0.0980
vn 0.9765 -0.2075 0.0588
vn 0.9686 -0.2470 0.0275
vn 0.9529 -0.3001 -0.0431
vn 0.9451 -0.3214 -0.0588
vn 0.9451 -0.3215 -0.0588
vn 0.8902 0.4518 -0.0588
vn 0.8823 0.4634 -0.0824
vn 0.8588 0.4837 -0.1686
vn 0.8588 0.4864 -0.1608
vn 0.8667 0.4535 -0.2078
vn 0.8667 0.4535 -0.2079
vn 0.6627 0.7486 -0.0195
vn 0.6392 0.7673 -0.0510
vn 0.6784 0.7329 -0.0509
vn 0.6784 0.7329 -0.0510
vn 0.6078 0.7929 -0.0431
vn 0.6078 0.7919 -0.0588
vn 0.6079 0.7919 -0.0588
vn 0.6706 0.7381 -0.0745
vn 0.6784 0.7316 -0.0667
vn 0.6314 0.7659 -0.1216
vn 0.6313 0.7659 -0.1216
vn -0.0039 -1.0000 0.0039
vn -0.0040 -1.0000 0.0039
vn 0.0039 -0.9998 0.0196
vn 0.0039 -0.9999 0.0117
vn 0.0039 -0.9996 0.0275
vn -0.0039 -0.9983 0.0588
vn 0.9647 0.2623 -0.0222
vn -0.0039 -1.0000 -0.0039
vn -0.0039 -0.9999 0.0118
vn -0.0039 -0.9998 0.0196
vn -0.0039 -0.9996 0.0275
vn 0.0039 -0.9983 0.0588
vn 0.5373 -0.7905 0.2941
vn 0.4353 -0.8085 0.3961
vn 0.5765 -0.7837 0.2314
vn 0.5922 -0.7786 0.2078
vn 0.7098 -0.6976 0.0980
vn 0.7097 -0.6987 0.0902
vn 0.7726 -0.6346 0.0196
vn 0.3333 -0.8005 0.4980
vn 0.0510 -0.9063 0.4196
vn 0.0510 -0.9062 0.4197
vn 0.0353 -0.9176 0.3960
vn 0.0039 -0.9944 0.1059
vn 0.0039 -0.9978 0.0667
vn -0.0039 -0.9978 0.0667
vn -0.0039 -0.9944 0.1059
vn -0.0353 -0.9176 0.3960
vn -0.0510 -0.9062 0.4197
vn -0.0510 -0.9063 0.4196
vn -0.4353 -0.8085 0.3961
vn -0.3333 -0.8005 0.4980
vn -0.5373 -0.7905 0.2941
vn -0.5765 -0.7837 0.2314
vn -0.5922 -0.7786 0.2078
vn -0.7098 -0.6976 0.0980
vn -0.7097 -0.6987 0.0902
vn -0.7726 -0.6346 0.0196
vn 0.0587 -0.0000 0.9983
vn 0.0509 -0.0000 0.9987
vn 0.1764 0.0003 0.9843
vn 0.0510 -0.1142 0.9921
vn 0.0431 -0.1711 0.9843
vn 0.1059 -0.1879 0.9765
vn 0.4509 -0.2134 0.8667
vn -0.0039 0.0003 1.0000
vn -0.0039 -0.1250 0.9921
vn -0.0039 0.0004 1.0000
vn 0.1686 0.0520 0.9843
vn -0.0510 -0.1142 0.9921
vn -0.0509 -0.0000 0.9987
vn -0.1765 0.0004 0.9843
vn -0.0587 -0.0000 0.9983
vn -0.1765 0.0003 0.9843
vn -0.1843 -0.1120 0.9765
vn -0.0431 -0.1711 0.9843
vn -0.1059 -0.1879 0.9765
vn -0.4509 -0.2134 0.8667
vn -0.1686 0.0520 0.9843
vn 0.4196 0.6946 0.5843
vn 0.3804 0.6901 0.6156
vn 0.1059 0.8739 0.4745
vn 0.1059 0.8696 0.4823
vn 0.0353 0.8996 0.4353
vn -0.0039 0.9040 0.4275
vn -0.0353 0.8996 0.4353
vn -0.1059 0.8739 0.4745
vn -0.1059 0.8696 0.4823
vn -0.9137 0.3660 0.1765
vn -0.8824 0.3956 0.2549
vn -0.8745 0.4025 0.2706
vn -0.8274 0.4336 0.3569
vn -0.7098 0.4901 0.5059
vn 0.6000 -0.7529 -0.2706
vn 0.6549 -0.7114 -0.2549
vn 0.6863 -0.6869 -0.2392
vn 0.7098 -0.6653 -0.2314
vn 0.4195 -0.1322 0.8981
vn 0.4117 -0.1549 0.8981
vn 0.1608 -0.1438 0.9765
vn 0.2784 -0.1200 0.9529
vn 0.3098 -0.1040 0.9451
vn 0.5921 -0.1250 0.7961
vn 0.0823 -0.1561 0.9843
vn 0.0824 -0.1561 0.9843
vn 0.2157 -0.1235 0.9686
vn 0.2079 -0.1363 0.9686
vn -0.2313 0.9729 0.0039
vn 0.2078 -0.1363 0.9686
vn 0.2157 -0.0000 0.9765
vn 0.3804 0.6901 0.6157
vn 0.6471 0.6818 0.3411
vn 0.0039 -0.0000 -1.0000
vn 0.0118 -0.0000 -0.9999
vn 0.0117 -0.0000 -0.9999
vn 0.0039 0.1250 -0.9921
vn 0.0353 -0.0000 -0.9994
vn -0.0039 0.1764 -0.9843
vn 0.0039 0.1764 -0.9843
vn 0.0431 -0.0000 -0.9991
vn 0.0510 0.1689 -0.9843
vn 0.1137 0.1349 -0.9843
vn 0.0745 0.2671 -0.9608
vn -0.0039 0.5252 -0.8510
vn -0.0666 0.4507 -0.8902
vn -0.0745 0.4335 -0.8980
vn -0.1843 0.2960 -0.9372
vn -0.2471 0.2139 -0.9451
vn -0.2314 0.0908 -0.9686
vn -0.0509 -0.0000 -0.9987
vn -0.0118 -0.0000 -0.9999
vn -0.0353 -0.0000 -0.9994
vn -0.0431 -0.0000 -0.9991
vn -0.0117 -0.0000 -0.9999
vn 0.0196 -0.0000 0.9998
vn 0.0197 -0.0000 0.9998
vn 0.6785 0.0443 0.7333
vn 0.9921 0.0520 0.1137
vn 0.9916 -0.0000 -0.1293
vn 0.9843 -0.0880 -0.1529
vn 0.9843 -0.0881 -0.1529
vn 0.9671 -0.0000 -0.2545
vn 0.9686 -0.0272 -0.2470
vn -0.0197 -0.0000 0.9998
vn -0.0196 -0.0000 0.9998
vn -0.6785 0.0444 0.7333
vn -0.6785 0.0443 0.7333
vn -0.4581 0.0001 0.8889
vn -0.9921 0.0520 0.1137
vn -0.9916 -0.0010 -0.1293
vn -0.9916 -0.0000 -0.1293
vn -0.9843 -0.0880 -0.1529
vn -0.9671 -0.0000 -0.2545
vn -0.9686 -0.0272 -0.2470
vn 0.4581 -0.0000 0.8889
vn 0.6784 0.0443 0.7334
vn 0.0274 -0.0000 -0.9996
vn 0.0275 -0.0000 -0.9996
vn -0.0275 -0.0000 -0.9996
vn 0.5843 0.6217 -0.5216
vn 0.6157 0.5108 -0.6000
vn 0.6157 0.5691 -0.5451
vn 0.5529 0.6369 -0.5372
vn 0.4824 0.6596 -0.5765
vn 0.5137 0.6493 -0.5608
vn 0.5921 0.3958 -0.7020
vn 0.4510 0.6608 -0.6000
vn 0.4588 0.6762 -0.5764
vn 0.5058 0.7447 -0.4354
vn 0.6000 -0.0792 -0.7960
vn 0.6543 -0.0000 -0.7562
vn 0.5999 -0.0792 -0.7961
vn 0.6235 -0.0471 -0.7804
vn 0.6156 -0.0000 -0.7880
vn 0.6235 0.0471 -0.7804
vn 0.5451 0.0719 -0.8353
vn 0.5520 -0.0000 -0.8339
vn 0.5216 0.0617 -0.8510
vn 0.5216 0.0618 -0.8509
vn 0.9137 0.1623 0.3725
vn 0.8824 0.1788 0.4353
vn 0.8823 0.2131 0.4196
vn 0.9671 0.0001 0.2545
vn 0.9373 0.0719 0.3412
vn 0.9373 0.0718 0.3412
vn 0.9843 0.0727 0.1608
vn 0.9608 -0.1836 0.2078
vn 0.9922 0.0866 0.0902
vn 0.9137 -0.3164 0.2549
vn 0.9137 -0.3100 0.2628
vn 0.9216 -0.2928 0.2549
vn 0.9451 -0.1425 0.2941
vn 0.9372 -0.2199 0.2706
vn 0.9451 -0.0294 0.3255
vn 0.9059 -0.1501 0.3961
vn 0.9059 -0.1500 0.3961
vn 0.9294 -0.0941 0.3568
vn 0.8745 -0.1785 0.4510
vn 0.8667 -0.1959 0.4588
vn 0.9371 -0.0000 0.3490
vn 0.8980 -0.1322 0.4196
vn 0.9684 -0.0676 0.2401
vn 0.9686 0.0272 0.2471
vn 0.9608 0.1260 0.2470
vn 0.9529 0.1200 0.2784
vn 0.9451 0.0769 0.3176
vn 0.9216 0.0776 0.3804
vn 0.9372 0.0718 0.3412
vn 0.9451 0.0294 0.3255
vn 0.9529 0.0272 0.3020
vn 0.8431 0.0222 0.5372
vn 0.0119 -0.9999 0.0039
vn 0.9216 -0.1853 -0.3411
vn 0.9686 -0.2433 -0.0510
vn 0.9686 -0.2371 -0.0746
vn 0.8353 -0.1959 -0.5138
vn 0.9608 -0.2726 -0.0510
vn 0.9451 -0.3182 -0.0745
vn 0.9686 -0.2448 -0.0432
vn 0.9686 -0.2448 -0.0431
vn 0.6863 -0.2410 -0.6863
vn 0.6784 -0.2407 -0.6941
vn 0.9216 -0.1853 -0.3412
vn 0.9216 -0.2116 -0.3255
vn 0.9216 -0.1701 -0.3490
vn 0.8902 -0.3340 -0.3098
vn 0.9137 -0.2719 -0.3020
vn 0.0588 -0.9129 -0.4039
vn 0.0431 -0.8569 -0.5137
vn 0.0588 -0.9058 -0.4196
vn 0.0353 -0.9273 -0.3725
vn 0.0745 -0.8350 -0.5451
vn 0.3020 -0.8960 -0.3255
vn 0.2706 -0.9115 -0.3098
vn 0.7726 -0.5586 -0.3019
vn 0.8902 -0.3341 -0.3098
vn 0.0432 -0.9595 -0.2784
vn 0.0666 -0.9582 -0.2784
vn 0.0432 -0.9572 -0.2863
vn 0.0431 -0.9572 -0.2863
vn -0.0039 -0.9581 -0.2863
vn -0.0432 -0.9572 -0.2863
vn -0.0431 -0.9572 -0.2863
vn -0.0666 -0.9581 -0.2784
vn -0.2706 -0.9115 -0.3098
vn -0.0431 -0.9595 -0.2784
vn -0.0353 -0.9273 -0.3725
vn -0.3020 -0.8960 -0.3255
vn -0.0745 -0.8350 -0.5451
vn -0.0431 -0.8569 -0.5137
vn -0.0588 -0.9129 -0.4039
vn -0.0588 -0.9058 -0.4196
vn -0.7725 -0.5586 -0.3020
vn -0.8902 -0.3341 -0.3098
vn -0.9137 -0.2719 -0.3020
vn 0.0039 -0.1250 -0.9922
vn 0.0039 -0.1250 -0.9921
vn -0.0039 -0.1250 -0.9922
vn -0.0039 -0.1250 -0.9921
vn 0.0353 -0.9822 -0.1843
vn -0.0039 -0.9829 -0.1843
vn -0.0431 -0.9907 -0.1294
vn -0.0039 -0.9765 -0.2157
vn -0.0509 -0.9939 -0.0980
vn 0.0353 -0.9960 -0.0823
vn 0.0431 -0.9990 -0.0117
vn 0.0902 -0.9946 -0.0510
vn 0.0824 -0.9932 -0.0824
vn 0.4118 -0.9088 -0.0667
vn 0.4118 -0.9075 -0.0823
vn 0.8431 -0.5353 -0.0510
vn 0.8510 -0.5210 -0.0667
vn 0.8431 -0.5377 -0.0039
vn 0.0353 -0.9876 0.1530
vn 0.0824 -0.9860 0.1451
vn 0.4274 -0.9036 0.0274
vn -0.0039 -0.9926 0.1215
vn -0.0431 -0.9990 -0.0117
vn -0.0353 -0.9876 0.1530
vn -0.0902 -0.9946 -0.0510
vn -0.0353 -0.9960 -0.0823
vn 0.0431 -0.9907 -0.1294
vn 0.0509 -0.9939 -0.0980
vn 0.0039 -0.9764 -0.2157
vn -0.0353 -0.9822 -0.1843
vn -0.0824 -0.9932 -0.0824
vn -0.4118 -0.9088 -0.0667
vn -0.4118 -0.9075 -0.0823
vn -0.8431 -0.5353 -0.0510
vn -0.8510 -0.5210 -0.0667
vn -0.9608 -0.2726 -0.0510
vn -0.9451 -0.3182 -0.0745
vn -0.8431 -0.5377 -0.0039
vn -0.9686 -0.2448 -0.0431
vn -0.4274 -0.9036 0.0274
vn -0.0824 -0.9860 0.1451
vn 0.9999 -0.0000 0.0118
vn 0.9999 -0.0001 0.0118
vn -0.9922 -0.0866 0.0902
vn -0.9921 -0.0866 0.0902
vn 0.7255 -0.2116 0.6549
vn 0.7019 -0.2399 0.6706
vn 0.6862 -0.2410 0.6863
vn 0.0039 -0.2157 0.9765
vn 0.0118 -0.2153 0.9765
vn 0.0588 -0.2710 0.9608
vn 0.2314 -0.2608 0.9372
vn 0.3726 -0.2875 0.8823
vn -0.0118 -0.2153 0.9765
vn -0.0588 -0.2710 0.9608
vn -0.2314 -0.2608 0.9372
vn -0.3726 -0.2875 0.8823
vn -0.6862 -0.2410 0.6863
vn -0.7019 -0.2399 0.6706
vn -0.2549 -0.2929 0.9216
vn -0.0118 -0.2154 0.9765
vn -0.9451 -0.3257 0.0275
vn -0.9451 -0.3262 0.0196
vn 0.2549 -0.2929 0.9216
vn 0.0118 -0.2154 0.9765
vn 0.9451 -0.3257 0.0275
vn 0.9451 -0.3262 0.0196
vn 0.5686 -0.3878 -0.7255
vn 0.5843 -0.3637 -0.7255
vn 0.2314 -0.6014 -0.7647
vn 0.2000 -0.6026 -0.7725
vn 0.0510 -0.6516 -0.7569
vn 0.0353 -0.6526 -0.7569
vn 0.7804 -0.3064 -0.5451
vn 0.9137 -0.2324 -0.3334
vn 0.9529 -0.1863 -0.2393
vn 0.8431 -0.1823 -0.5059
vn 0.8902 -0.1576 -0.4275
vn 0.7882 -0.1368 -0.6000
vn 0.7882 -0.1367 -0.6000
vn 0.0510 -0.9946 0.0902
vn 0.0510 -0.9946 0.0901
vn 0.0270 -0.9949 -0.0977
vn -0.0039 -0.9952 -0.0980
vn 0.0274 -0.9948 -0.0981
vn -0.0273 -0.9948 -0.0979
vn -0.0274 -0.9948 -0.0982
vn -0.0039 0.8885 -0.4588
vn -0.0039 0.8844 -0.4666
vn -0.0039 0.8672 -0.4980
vn 0.0196 -0.2766 0.9608
vn 0.0275 -0.1743 0.9843
vn -0.0039 -0.2773 0.9608
vn 0.0118 -0.1245 0.9921
vn 0.0353 -0.0000 0.9994
vn 0.0743 -0.0000 0.9972
vn 0.0431 0.1711 0.9843
vn 0.0274 0.1743 0.9843
vn -0.0039 0.2156 0.9765
vn 0.0196 0.2478 0.9686
vn 0.0196 0.2148 0.9765
vn -0.0118 0.1761 0.9843
vn -0.0039 0.2773 0.9608
vn -0.0196 -0.2766 0.9608
vn -0.0275 0.1743 0.9843
vn -0.0353 -0.0000 0.9994
vn -0.0431 0.1711 0.9843
vn -0.0743 -0.0000 0.9972
vn -0.0118 -0.1245 0.9921
vn -0.0275 -0.1743 0.9843
vn -0.0196 0.2478 0.9686
vn -0.0196 0.2148 0.9765
vn 0.0118 0.1761 0.9843
vn 0.4823 -0.0508 0.8745
vn 0.4824 -0.0508 0.8745
vn 0.4745 -0.1004 0.8745
vn 0.4667 -0.1764 0.8666
vn 0.4118 -0.2563 0.8745
vn 0.3725 -0.2875 0.8824
vn 0.3255 -0.3188 0.8902
vn 0.8902 0.3606 -0.2784
vn 0.9765 -0.0576 -0.2077
vn 0.9765 -0.0576 -0.2078
vn 0.5216 -0.0618 0.8510
vn 0.5216 -0.0617 0.8510
vn 0.5282 -0.0000 0.8491
vn 0.5373 -0.0222 0.8431
vn 0.5372 -0.0222 0.8431
vn 0.6627 0.6355 0.3961
vn 0.8823 0.3543 0.3098
vn -0.0040 0.9991 -0.0432
vn 0.0274 0.9996 -0.0039
vn 0.9921 0.0777 0.0980
vn 0.0353 0.9960 -0.0823
vn 0.0432 0.9963 -0.0745
vn 0.0431 0.9963 -0.0745
vn 0.0195 0.9957 -0.0902
vn 0.0196 0.9957 -0.0902
vn 0.1687 0.9834 -0.0667
vn 0.1608 0.9847 -0.0667
vn 0.9294 0.3614 -0.0745
vn 0.9294 0.3557 -0.0981
vn -0.0039 0.9952 -0.0980
vn -0.0196 0.9957 -0.0902
vn -0.0353 0.9960 -0.0823
vn -0.0432 0.9963 -0.0745
vn -0.0431 0.9963 -0.0745
vn -0.1687 0.9834 -0.0667
vn -0.1608 0.9847 -0.0679
vn -0.9294 0.3614 -0.0745
vn -0.9373 0.3387 -0.0824
vn 0.0745 0.7083 -0.7020
vn 0.9294 0.3558 -0.0980
vn 0.8667 0.3318 -0.3725
vn 0.1687 0.7820 -0.6000
vn 0.0275 0.7268 -0.6863
vn 0.0275 0.8053 -0.5922
vn 0.0196 0.7998 -0.6000
vn 0.0196 0.7196 -0.6941
vn 0.0117 0.7198 -0.6941
vn 0.0196 0.8056 -0.5921
vn 0.0274 0.8167 -0.5765
vn 0.0196 0.8113 -0.5843
vn 0.0196 0.8330 -0.5530
vn 0.0196 0.7938 -0.6079
vn -0.0039 0.6964 -0.7176
vn -0.0039 0.7199 -0.6941
vn -0.0039 0.8058 -0.5921
vn 0.0588 0.8363 -0.5451
vn 0.2627 0.7961 -0.5451
vn 0.0823 0.8239 -0.5607
vn 0.0510 0.8317 -0.5529
vn 0.0509 0.8317 -0.5529
vn 0.3255 0.7781 -0.5373
vn 0.9137 0.3031 -0.2706
vn 0.8902 0.3019 -0.3412
vn -0.0196 0.7938 -0.6078
vn -0.0274 0.8167 -0.5765
vn -0.0196 0.8330 -0.5529
vn -0.0196 0.8056 -0.5921
vn -0.0275 0.8054 -0.5921
vn -0.0274 0.8166 -0.5765
vn -0.0118 0.7198 -0.6941
vn -0.0196 0.7196 -0.6941
vn -0.0275 0.7268 -0.6863
vn -0.0274 0.8111 -0.5843
vn -0.1059 0.8102 -0.5765
vn -0.0745 0.7083 -0.7019
vn -0.8039 0.4135 -0.4274
vn -0.3019 0.6534 -0.6942
vn -0.8823 0.3242 -0.3412
vn -0.1452 0.8151 -0.5608
vn -0.0039 0.8484 -0.5294
vn -0.0275 0.8221 -0.5686
vn -0.0039 -0.9857 -0.1686
vn -0.0039 -0.9966 -0.0824
vn -0.0039 -0.9843 -0.1765
vn -0.0039 -0.9747 -0.2235
vn -0.0039 -0.9729 -0.2314
vn -0.0039 -0.8760 -0.4824
vn -0.0039 -0.8802 -0.4745
vn -0.0039 -0.8226 -0.5686
vn 0.9686 0.2249 -0.1059
vn 0.9294 0.3558 -0.0981
vn 0.9765 0.2024 -0.0745
vn 0.9765 0.2075 -0.0588
vn 0.9765 0.1959 -0.0902
vn 0.9843 0.1765 0.0039
vn 0.9451 0.2455 -0.2157
vn 0.9451 0.2139 -0.2471
vn 0.9451 0.1943 -0.2627
vn 0.9372 0.1990 -0.2863
vn 0.9216 0.1990 -0.3333
vn 0.0824 0.0941 0.9921
vn 0.3411 0.0719 0.9373
vn 0.1608 0.0727 0.9843
vn 0.4353 0.0637 0.8980
vn 0.4667 0.1322 0.8745
vn 0.5843 0.1576 0.7961
vn 0.5844 0.1576 0.7960
vn 0.0196 0.1235 0.9922
vn 0.0118 0.1245 0.9921
vn 0.0039 0.1250 0.9921
vn 0.0039 0.1250 0.9922
vn -0.0039 0.1250 0.9921
vn -0.0039 0.1250 0.9922
vn -0.0118 0.1245 0.9921
vn -0.0196 0.1235 0.9922
vn -0.0824 0.0941 0.9921
vn -0.1608 0.0727 0.9843
vn 0.0353 0.8376 -0.5451
vn 0.0118 0.8114 -0.5843
vn -0.9294 0.3198 -0.1843
vn -0.9294 0.3197 -0.1843
vn 0.0039 0.1250 -0.9922
vn -0.0039 0.4399 0.8980
vn 0.0039 0.4399 0.8980
vn -0.1216 0.0294 -0.9921
vn 0.0667 -0.0000 -0.9978
vn 0.0665 -0.0000 -0.9978
vn -0.9843 0.0520 -0.1686
vn -0.9686 0.0272 -0.2471
vn -0.9584 -0.0000 -0.2855
vn -0.7948 -0.0000 -0.6069
vn -0.8339 -0.0000 -0.5520
vn -0.7302 -0.0000 -0.6833
vn 0.8196 0.0702 -0.5686
vn 0.9431 -0.0000 -0.3326
vn 0.9117 -0.0000 -0.4109
vn 0.9829 -0.0000 -0.1840
vn -0.0039 1.0000 0.0039
vn 0.0118 0.9934 -0.1137
vn -0.0039 0.9935 -0.1137
vn -0.0118 0.9934 -0.1137
vn -0.0118 0.9934 -0.1138
vn 0.0039 0.8760 -0.4823
vn -0.0039 0.8760 -0.4823
vn -0.0039 0.8760 -0.4824
vn 0.0039 0.8760 -0.4824
vn -0.8980 0.0637 0.4353
vn -0.8980 0.0637 -0.4353
vn -0.6392 0.0815 -0.7647
vn -0.6156 -0.0000 0.7880
vn -0.6156 -0.0000 0.7881
vn -0.2231 -0.0000 0.9748
vn -0.2232 -0.0000 0.9748
vn 0.2078 0.0576 0.9765
vn 0.6235 0.0471 0.7804
vn 0.6235 0.0470 0.7804
vn 0.9137 0.0443 -0.4039
vn 0.9137 0.0444 -0.4039
vn 0.2078 0.0576 -0.9765
vn 0.2078 0.0577 -0.9765
vn -0.2231 -0.0000 -0.9748
vn -0.2232 -0.0000 -0.9748
vn -0.2159 -0.0000 -0.9764
vn -0.6235 0.0471 -0.7804
vn -0.6235 0.0470 -0.7804
vn -0.2158 -0.0000 -0.9764
vn -0.9059 0.0576 -0.4196
vn -0.9043 -0.0000 0.4268
vn -0.9044 -0.0000 0.4267
vn -0.6235 0.0471 0.7804
vn -0.6235 0.0470 0.7804
vn -0.2306 -0.0000 0.9730
vn 0.2078 0.0577 0.9765
vn 0.2231 -0.0000 -0.9748
vn 0.6235 0.0470 -0.7804
vn 0.8980 0.0637 -0.4353
vn -0.9137 0.4040 -0.0431
vn -0.9137 0.4041 -0.0431
vn -0.9187 -0.0000 0.3949
vn -0.9216 -0.0776 0.3804
vn -0.9137 -0.0444 0.4039
vn -0.8968 -0.0000 0.4425
vn -0.9216 0.0004 0.3882
vn -0.9044 -0.0000 0.4268
vn -0.8510 -0.0618 0.5216
vn -0.8582 -0.0000 0.5134
vn -0.8667 -0.0293 0.4980
vn -0.9282 -0.0000 0.3721
vn -0.8980 -0.0637 0.4353
vn -0.9044 0.0001 0.4267
vn -0.9059 0.0576 0.4196
vn -0.8889 -0.0000 0.4581
vn -0.8823 0.0608 0.4667
vn -0.8431 0.0221 0.5372
vn -0.8431 0.0222 0.5373
vn -0.9059 0.0991 0.4118
vn -0.9117 -0.0000 0.4109
vn -0.8902 0.0646 0.4510
vn -0.8491 -0.0000 0.5282
vn -0.8353 0.0719 0.5451
vn -0.8824 0.0608 0.4666
vn -0.8889 -0.0000 0.4582
vn -0.0825 0.9965 0.0117
vn -0.0980 0.9952 0.0039
vn -0.0823 0.9962 0.0275
vn -0.1059 0.9926 -0.0588
vn -0.0902 0.9942 -0.0588
vn -0.0902 0.9911 -0.0980
vn -0.1216 0.9892 -0.0823
vn -0.9686 0.1363 0.2078
vn -0.9608 0.2139 0.1765
vn -0.9451 0.3118 0.0980
vn -0.9765 0.0808 0.2000
vn -0.9686 0.2018 0.1451
vn -0.9529 0.3029 0.0118
vn -0.9451 0.3249 0.0353
vn -0.9451 0.3249 -0.0353
vn -0.9373 0.3485 -0.0118
vn -0.0196 0.5248 0.8510
vn -0.0275 0.5245 0.8510
vn -0.7333 -0.0444 0.6784
vn -0.6543 -0.0000 0.7562
vn -0.6706 -0.0314 0.7412
vn -0.6992 -0.0000 0.7149
vn -0.6863 -0.0520 0.7255
vn -0.6784 -0.0444 0.7333
vn -0.6235 -0.0470 0.7804
vn -0.6069 -0.0000 0.7948
vn -0.6000 0.0792 0.7961
vn -0.9991 -0.0000 -0.0431
vn -0.9987 -0.0000 0.0509
vn -0.9998 -0.0000 0.0196
vn -0.9921 -0.1220 -0.0274
vn -0.9922 -0.0776 0.0980
vn -0.9922 -0.1220 0.0275
vn -0.9921 -0.1245 0.0118
vn -0.9991 -0.0000 0.0431
vn -0.9994 -0.0000 0.0353
vn -0.9921 -0.1142 -0.0510
vn -0.9922 -0.0776 -0.0980
vn -0.9843 -0.1005 -0.1451
vn -0.9843 -0.1200 -0.1294
vn -0.9843 -0.1279 -0.1216
vn -0.9843 -0.0520 -0.1686
vn -0.8274 -0.0979 0.5530
vn -0.8274 -0.0294 0.5608
vn -0.6941 -0.0566 0.7176
vn -0.9922 -0.0665 0.1059
vn -0.9922 0.0520 0.1137
vn -0.9922 0.0665 0.1058
vn -0.9843 0.1729 0.0353
vn -0.9765 0.2154 0.0118
vn -0.9608 0.2751 -0.0353
vn -0.9529 0.2989 -0.0510
vn -0.9529 0.3030 0.0118
vn -0.9686 0.1087 0.2235
vn -0.9686 0.0272 0.2471
vn -0.9608 0.0608 0.2706
vn -0.9605 -0.0000 0.2783
vn -0.8723 -0.0000 0.4890
vn -0.8667 0.0294 0.4980
vn -0.8745 0.0508 0.4823
vn -0.9294 0.0566 0.3647
vn -0.8588 0.0807 0.5059
vn -0.8510 0.1092 0.5137
vn -0.8431 0.0941 0.5294
vn -0.8196 0.1174 0.5608
vn -0.9216 0.1529 0.3569
vn -0.9686 0.1363 0.2079
vn -0.9372 0.0719 0.3412
vn -0.9451 0.0293 0.3255
vn -0.9529 -0.0272 0.3020
vn -0.9510 -0.0000 0.3092
vn -0.9686 -0.0675 0.2392
vn -0.9765 -0.0807 0.2000
vn -0.9843 -0.0880 0.1529
vn -0.9843 -0.0881 0.1529
vn -0.9895 -0.0000 0.1447
vn -0.9748 -0.0000 0.2231
vn -0.9431 -0.0000 0.3326
vn -0.8745 -0.1322 0.4667
vn -0.7804 -0.1093 0.6157
vn -0.8823 -0.1345 0.4510
vn -0.7255 -0.1549 0.6706
vn -0.9294 -0.2006 0.3098
vn -0.9372 -0.2101 0.2783
vn -0.4118 -0.1549 0.8980
vn -0.4196 -0.1322 0.8980
vn -0.4431 -0.1058 0.8902
vn -0.5451 -0.0719 0.8353
vn -0.5922 -0.1250 0.7961
vn -0.5842 -0.0000 0.8116
vn -0.7098 -0.2960 0.6392
vn -0.7098 -0.2784 0.6471
vn -0.7020 -0.2976 0.6471
vn -0.6784 -0.2819 0.6784
vn -0.6863 -0.2997 0.6627
vn -0.6235 -0.2710 0.7333
vn -0.6235 -0.2487 0.7412
vn -0.1843 -0.1121 0.9765
vn -0.4510 -0.2134 0.8667
vn -0.6314 -0.2281 0.7412
vn -0.5529 -0.0980 0.8274
vn -0.5294 -0.0941 0.8431
vn -0.5133 -0.0000 0.8582
vn -0.1687 0.0520 0.9843
vn -0.9686 -0.0675 -0.2392
vn -0.8588 -0.0808 -0.5059
vn -0.9608 -0.1092 -0.2549
vn -0.9686 -0.0675 -0.2393
vn -0.8667 -0.0293 -0.4980
vn -0.9686 -0.0272 -0.2471
vn -0.9651 -0.0000 -0.2618
vn -0.8431 -0.0222 -0.5373
vn -0.8431 -0.0222 -0.5372
vn 0.0039 0.3691 -0.9294
vn 0.0039 0.9991 -0.0431
vn 0.0039 0.9996 -0.0275
vn 0.0039 0.9996 -0.0274
vn -1.0000 0.0003 -0.0039
vn -0.9999 -0.0000 -0.0118
vn -1.0000 0.0004 -0.0039
vn -1.0000 0.0003 0.0038
vn -0.7098 -0.0587 0.7020
vn -0.6627 -0.0000 0.7489
vn -0.7020 -0.0587 0.7098
vn -0.6157 0.1092 0.7804
vn -0.5765 0.1463 0.8039
vn -0.5608 0.2276 0.7961
vn -0.7333 -0.1120 0.6706
vn -0.7569 -0.0921 0.6471
vn -0.0055 0.8671 -0.4981
vn -0.0039 -0.9996 -0.0274
vn 0.0039 -0.9882 -0.1529
vn 0.0039 -0.9870 -0.1608
vn -0.3412 0.0719 0.9372
vn -0.3098 0.2006 0.9294
vn -0.3804 0.0776 0.9216
vn -0.3882 0.0003 0.9216
vn -0.4510 -0.1345 0.8823
vn -0.4667 -0.1322 0.8745
vn -0.5294 -0.1873 0.8274
vn -0.5372 -0.1990 0.8196
vn -0.5922 -0.2292 0.7725
vn -0.9294 0.3673 0.0353
vn -0.9137 0.4059 0.0196
vn -0.9059 0.4235 -0.0039
vn -0.9216 0.3882 0.0039
vn -0.9921 0.0293 0.1216
vn -0.9815 -0.0000 0.1916
vn -0.9843 -0.0520 0.1686
vn -0.9765 -0.1921 0.0980
vn -0.9765 -0.2075 0.0588
vn -0.9686 -0.2470 0.0275
vn -0.9529 -0.3001 -0.0431
vn -0.9451 -0.3215 -0.0588
vn -0.8902 0.4518 -0.0588
vn -0.8823 0.4634 -0.0824
vn -0.8588 0.4837 -0.1686
vn -0.8588 0.4864 -0.1608
vn -0.8667 0.4535 -0.2078
vn -0.8667 0.4535 -0.2079
vn -0.6627 0.7486 -0.0195
vn -0.6784 0.7329 -0.0510
vn -0.6784 0.7329 -0.0509
vn -0.6392 0.7673 -0.0510
vn -0.6077 0.7930 -0.0433
vn -0.6078 0.7919 -0.0588
vn -0.6079 0.7919 -0.0588
vn -0.6706 0.7381 -0.0745
vn -0.6784 0.7316 -0.0667
vn -0.6314 0.7659 -0.1216
vn -0.6313 0.7659 -0.1216
vn -0.4196 0.6946 0.5843
vn -0.1059 0.8738 0.4745
vn -0.3804 0.6901 0.6157
vn 0.9137 0.3660 0.1765
vn 0.8745 0.4025 0.2706
vn 0.8823 0.3956 0.2549
vn 0.8274 0.4336 0.3569
vn 0.7098 0.4901 0.5059
vn -0.6549 -0.7114 -0.2549
vn -0.6000 -0.7528 -0.2705
vn -0.6863 -0.6869 -0.2392
vn -0.7098 -0.6653 -0.2314
vn -0.4195 -0.1322 0.8981
vn -0.1608 -0.1438 0.9765
vn -0.4117 -0.1549 0.8981
vn -0.2784 -0.1200 0.9529
vn -0.3098 -0.1040 0.9451
vn -0.5921 -0.1250 0.7961
vn -0.0823 -0.1561 0.9843
vn -0.0824 -0.1561 0.9843
vn -0.2157 -0.1235 0.9686
vn -0.2079 -0.1363 0.9686
vn 0.2314 0.9729 0.0039
vn -0.2078 -0.1363 0.9686
vn -0.2157 0.0002 0.9765
vn -0.2156 0.0002 0.9765
vn -0.3804 0.6901 0.6156
vn -0.6471 0.6818 0.3411
vn -0.0274 -0.0000 -0.9996
vn -0.5843 0.6217 -0.5216
vn -0.5529 0.6369 -0.5372
vn -0.6157 0.5691 -0.5451
vn -0.6157 0.5108 -0.6000
vn -0.4824 0.6596 -0.5765
vn -0.5137 0.6493 -0.5608
vn -0.5921 0.3958 -0.7020
vn -0.4510 0.6608 -0.6000
vn -0.4588 0.6762 -0.5764
vn -0.5059 0.7447 -0.4353
vn -0.6000 -0.0792 -0.7960
vn -0.6000 -0.0792 -0.7961
vn -0.5999 -0.0792 -0.7961
vn -0.6543 -0.0000 -0.7562
vn -0.6235 -0.0471 -0.7804
vn -0.6156 -0.0000 -0.7881
vn -0.6236 0.0470 -0.7804
vn -0.5450 0.0719 -0.8353
vn -0.5520 -0.0000 -0.8339
vn -0.5216 0.0618 -0.8510
vn -0.5216 0.0618 -0.8509
vn -0.9137 0.1623 0.3725
vn -0.8823 0.2131 0.4196
vn -0.8823 0.1789 0.4353
vn -0.9671 -0.0000 0.2545
vn -0.9373 0.0719 0.3412
vn -0.9843 0.0727 0.1608
vn -0.9608 -0.1836 0.2079
vn -0.9921 0.0866 0.0902
vn -0.9137 -0.3164 0.2549
vn -0.9137 -0.3100 0.2628
vn -0.9216 -0.2928 0.2549
vn -0.9451 -0.1425 0.2941
vn -0.9372 -0.2199 0.2706
vn -0.9451 -0.0294 0.3255
vn -0.9059 -0.1501 0.3961
vn -0.9294 -0.0941 0.3568
vn -0.9059 -0.1500 0.3961
vn -0.8745 -0.1785 0.4510
vn -0.8667 -0.1959 0.4588
vn -0.9371 -0.0000 0.3490
vn -0.8980 -0.1322 0.4196
vn -0.9686 -0.0674 0.2392
vn -0.9608 0.1260 0.2471
vn -0.9529 0.1200 0.2784
vn -0.9451 0.0769 0.3176
vn -0.9216 0.0776 0.3804
vn -0.9372 0.0718 0.3412
vn -0.9451 0.0294 0.3255
vn -0.9529 0.0272 0.3020
vn -0.8431 0.0222 0.5372
vn -0.9216 -0.1853 -0.3411
vn -0.8353 -0.1959 -0.5138
vn -0.9686 -0.2371 -0.0745
vn -0.9686 -0.2433 -0.0510
vn -0.9686 -0.2448 -0.0432
vn -0.6860 -0.2413 -0.6864
vn -0.6784 -0.2407 -0.6941
vn -0.9216 -0.1853 -0.3412
vn -0.9216 -0.1700 -0.3490
vn -0.9216 -0.2116 -0.3255
vn -0.8902 -0.3340 -0.3098
vn -0.9999 -0.0000 0.0118
vn -0.9999 -0.0001 0.0118
vn 0.9922 -0.0866 0.0902
vn 0.9921 -0.0866 0.0902
vn -0.7255 -0.2116 0.6549
vn -0.6863 -0.2410 0.6863
vn -0.6863 -0.2410 -0.6863
vn -0.5843 -0.3637 -0.7255
vn -0.5686 -0.3878 -0.7255
vn -0.2314 -0.6014 -0.7647
vn -0.2000 -0.6026 -0.7725
vn -0.0510 -0.6516 -0.7568
vn -0.0353 -0.6526 -0.7569
vn -0.9137 -0.2324 -0.3334
vn -0.7804 -0.3064 -0.5451
vn -0.9529 -0.1863 -0.2392
vn -0.8431 -0.1823 -0.5059
vn -0.8902 -0.1576 -0.4275
vn -0.7882 -0.1368 -0.6000
vn -0.7882 -0.1367 -0.6000
vn -0.0510 -0.9946 0.0902
vn -0.0509 -0.9946 0.0903
vn 0.0039 0.9814 -0.1922
vn 0.0039 0.9829 -0.1843
vn 0.0039 0.9870 -0.1608
vn -0.4823 -0.0508 0.8745
vn -0.4745 -0.1005 0.8745
vn -0.4824 -0.0508 0.8745
vn -0.4667 -0.1764 0.8666
vn -0.4117 -0.2563 0.8745
vn -0.3725 -0.2875 0.8824
vn -0.3255 -0.3188 0.8902
vn -0.9608 0.0887 -0.2627
vn -0.8902 0.3606 -0.2784
vn -0.9608 0.0888 -0.2628
vn -0.9765 -0.0576 -0.2078
vn -0.5216 -0.0617 0.8510
vn -0.5216 -0.0618 0.8510
vn -0.5282 -0.0000 0.8491
vn -0.5372 -0.0222 0.8431
vn -0.8196 0.4603 0.3412
vn -0.6627 0.6355 0.3961
vn -0.8823 0.3543 0.3098
vn -0.0274 0.9996 -0.0039
vn 0.0040 0.9991 -0.0432
vn -0.9921 0.0777 0.0980
vn -0.0038 -0.9966 -0.0823
vn -0.9686 0.2249 -0.1059
vn -0.9765 0.2024 -0.0745
vn -0.9765 0.2075 -0.0588
vn -0.9765 0.1959 -0.0902
vn -0.9843 0.1764 0.0039
vn -0.9451 0.2455 -0.2157
vn -0.9451 0.2140 -0.2471
vn -0.9372 0.2099 -0.2784
vn -0.9294 0.2122 -0.3020
vn -0.9137 0.2081 -0.3490
vn -0.8824 0.3241 -0.3412
vn -0.3411 0.0719 0.9373
vn -0.4353 0.0637 0.8980
vn -0.4667 0.1322 0.8745
vn -0.5843 0.1577 0.7960
vn -0.5844 0.1576 0.7960
vn 0.9294 0.3198 -0.1843
vn 0.9294 0.3197 -0.1843
vn 0.6392 0.0815 -0.7647
vn 0.6156 -0.0000 0.7880
vn 0.2231 -0.0000 0.9748
vn 0.2232 -0.0000 0.9748
vn -0.2078 0.0576 0.9765
vn -0.9137 0.0443 -0.4039
vn -0.9137 0.0444 -0.4039
vn -0.2078 0.0576 -0.9765
vn -0.2078 0.0577 -0.9765
vn 0.2232 -0.0000 -0.9748
vn 0.2159 -0.0000 -0.9764
vn 0.2158 -0.0000 -0.9764
vn 0.9059 0.0576 -0.4196
vn 0.2305 -0.0000 0.9731
vn -0.2078 0.0577 0.9765
vt 0.098683 0.879288
vt 0.093882 0.908093
vt 0.089081 0.881208
vt 0.077559 0.910013
vt 0.077559 0.879288
vt 0.042994 0.897531
vt 0.048755 0.879288
vt 0.040113 0.910013
vt 0.048755 0.861045
vt 0.076599 0.861045
vt 0.113085 0.861045
vt 0.114045 0.877368
vt 0.134208 0.876408
vt 0.148611 0.877368
vt 0.148611 0.876408
vt 0.134208 0.862005
vt 0.148611 0.861045
vt 0.148611 0.862005
vt 0.148611 0.879288
vt 0.114045 0.879288
vt 0.163013 0.876408
vt 0.183176 0.877368
vt 0.184136 0.861045
vt 0.163013 0.862005
vt 0.219662 0.879288
vt 0.220622 0.861045
vt 0.248467 0.861045
vt 0.248467 0.879288
vt 0.254228 0.897531
vt 0.219662 0.910013
vt 0.257108 0.910013
vt 0.183176 0.879288
vt 0.203340 0.880248
vt 0.269590 0.914814
vt 0.218702 0.915774
vt 0.269590 0.910013
vt 0.274391 0.914814
vt 0.275351 0.910013
vt 0.203340 0.908093
vt 0.148611 0.915774
vt 0.148611 0.909053
vt 0.078519 0.915774
vt 0.027631 0.914814
vt 0.027631 0.910013
vt 0.022830 0.914814
vt 0.021870 0.910013
vt 0.098683 0.904252
vt 0.148611 0.904252
vt 0.198539 0.904252
vt 0.955140 0.634449
vt 0.970503 0.634449
vt 0.969543 0.634449
vt 0.956101 0.634449
vt 0.956101 0.647891
vt 0.955140 0.647891
vt 0.955140 0.662293
vt 0.956101 0.661333
vt 0.970503 0.647891
vt 0.969543 0.647891
vt 0.970503 0.662293
vt 0.969543 0.661333
vt 0.148611 0.927296
vt 0.078519 0.927296
vt 0.032432 0.927296
vt 0.027631 0.927296
vt 0.039153 0.940738
vt 0.034352 0.941698
vt 0.050675 0.969543
vt 0.047794 0.969543
vt 0.060276 0.986826
vt 0.054516 0.984905
vt 0.218702 0.927296
vt 0.264789 0.927296
vt 0.269590 0.927296
vt 0.258068 0.940738
vt 0.262869 0.941698
vt 0.246546 0.969543
vt 0.249427 0.969543
vt 0.236945 0.986826
vt 0.242706 0.984905
vt 0.079480 0.926336
vt 0.035312 0.926336
vt 0.148611 0.925376
vt 0.217742 0.926336
vt 0.261909 0.926336
vt 0.914814 0.573959
vt 0.913854 0.548995
vt 0.917694 0.525951
vt 0.918655 0.573959
vt 0.910013 0.543234
vt 0.904252 0.540354
vt 0.898491 0.539393
vt 0.895611 0.530752
vt 0.894651 0.540354
vt 0.838002 0.544194
vt 0.838962 0.551875
vt 0.814958 0.556676
vt 0.802476 0.552836
vt 0.810157 0.563397
vt 0.800556 0.586441
vt 0.809197 0.647891
vt 0.800556 0.647891
vt 0.894651 0.647891
vt 0.839922 0.647891
vt 0.915774 0.647891
vt 0.800556 0.710301
vt 0.810157 0.733345
vt 0.802476 0.742946
vt 0.814958 0.739106
vt 0.838002 0.751588
vt 0.838962 0.743906
vt 0.894651 0.755428
vt 0.895611 0.765030
vt 0.898491 0.756388
vt 0.917694 0.769831
vt 0.904252 0.755428
vt 0.910013 0.752548
vt 0.913854 0.746787
vt 0.914814 0.721823
vt 0.918655 0.722783
vt 0.920575 0.647891
vt 0.504828 0.584521
vt 0.474103 0.556676
vt 0.503868 0.554756
vt 0.499067 0.548035
vt 0.501948 0.550915
vt 0.475063 0.540354
vt 0.415534 0.561477
vt 0.470262 0.647891
vt 0.412653 0.647891
vt 0.380968 0.647891
vt 0.383848 0.563397
vt 0.420334 0.525951
vt 0.387689 0.527872
vt 0.389609 0.523071
vt 0.398251 0.520190
vt 0.369446 0.563397
vt 0.367526 0.647891
vt 0.373287 0.527872
vt 0.376167 0.516350
vt 0.375207 0.520190
vt 0.382888 0.511549
vt 0.476023 0.535553
vt 0.422255 0.521151
vt 0.415534 0.734305
vt 0.474103 0.739106
vt 0.383848 0.732385
vt 0.475063 0.755428
vt 0.499067 0.747747
vt 0.503868 0.741026
vt 0.504828 0.711261
vt 0.501948 0.745827
vt 0.420334 0.769831
vt 0.387689 0.767910
vt 0.389609 0.772711
vt 0.398251 0.775592
vt 0.369446 0.732385
vt 0.373287 0.767910
vt 0.376167 0.779432
vt 0.375207 0.775592
vt 0.382888 0.784233
vt 0.476023 0.760229
vt 0.422255 0.774631
vt 0.509629 0.741986
vt 0.510589 0.711261
vt 0.504828 0.647891
vt 0.510589 0.647891
vt 0.510589 0.584521
vt 0.509629 0.553796
vt 0.507708 0.548035
vt 0.504828 0.545155
vt 0.507708 0.747747
vt 0.504828 0.751588
vt 0.654612 0.450099
vt 0.656532 0.470262
vt 0.602764 0.469302
vt 0.598923 0.448179
vt 0.610445 0.503868
vt 0.518270 0.468342
vt 0.561477 0.502908
vt 0.660373 0.503868
vt 0.662293 0.520190
vt 0.614286 0.518270
vt 0.578760 0.514430
vt 0.493306 0.445298
vt 0.777512 0.471223
vt 0.733345 0.471223
vt 0.732385 0.451059
vt 0.778472 0.452020
vt 0.734305 0.504828
vt 0.777512 0.504828
vt 0.734305 0.519230
vt 0.777512 0.518270
vt 0.681496 0.471223
vt 0.677656 0.450099
vt 0.684377 0.504828
vt 0.685337 0.520190
vt 0.785193 0.517310
vt 0.785193 0.504828
vt 0.795755 0.504828
vt 0.820719 0.471223
vt 0.786153 0.470262
vt 0.785193 0.452020
vt 0.833201 0.452020
vt 0.966662 0.770791
vt 0.966662 0.789034
vt 0.958981 0.789034
vt 0.957061 0.770791
vt 0.956101 0.746787
vt 0.964742 0.745827
vt 0.990666 0.742946
vt 0.983945 0.770791
vt 0.980104 0.789034
vt 0.963782 0.714142
vt 0.953220 0.714142
vt 0.987786 0.714142
vt 0.947459 0.789034
vt 0.944579 0.784233
vt 0.942658 0.771751
vt 0.940738 0.745827
vt 0.941698 0.714142
vt 0.664214 0.390570
vt 0.664214 0.393450
vt 0.471223 0.393450
vt 0.470262 0.390570
vt 0.477944 0.441458
vt 0.482744 0.444338
vt 0.599883 0.444338
vt 0.656532 0.445298
vt 0.667094 0.445298
vt 0.667094 0.450099
vt 0.678616 0.445298
vt 0.732385 0.447219
vt 0.785193 0.448179
vt 0.841842 0.452020
vt 0.848563 0.450099
vt 0.666134 0.414573
vt 0.473143 0.414573
vt 0.678616 0.393450
vt 0.678616 0.414573
vt 0.731425 0.393450
vt 0.731425 0.415534
vt 0.792874 0.417454
vt 0.805356 0.392490
vt 0.731425 0.391530
vt 0.789994 0.370406
vt 0.731425 0.366566
vt 0.678616 0.390570
vt 0.679576 0.366566
vt 0.665174 0.366566
vt 0.473143 0.368486
vt 0.818798 0.401131
vt 0.842802 0.406892
vt 0.843763 0.417454
vt 0.857205 0.404972
vt 0.887930 0.417454
vt 0.872567 0.400171
vt 0.884089 0.392490
vt 0.919615 0.416494
vt 0.919615 0.393450
vt 0.940738 0.393450
vt 0.940738 0.415534
vt 0.919615 0.419374
vt 0.940738 0.432816
vt 0.920575 0.434737
vt 0.888890 0.424175
vt 0.889850 0.435697
vt 0.891770 0.450099
vt 0.940738 0.451059
vt 0.935937 0.463541
vt 0.910973 0.477944
vt 0.873527 0.473143
vt 0.849523 0.473143
vt 0.866806 0.450099
vt 0.819759 0.506748
vt 0.843763 0.507708
vt 0.829360 0.522111
vt 0.805356 0.524031
vt 0.861045 0.507708
vt 0.830320 0.524031
vt 0.952260 0.451059
vt 0.943619 0.445298
vt 0.951300 0.445298
vt 0.940738 0.441458
vt 0.830320 0.472183
vt 0.844723 0.426095
vt 0.789994 0.426095
vt 0.731425 0.422255
vt 0.474103 0.441458
vt 0.443378 0.419374
vt 0.385769 0.423215
vt 0.381928 0.436657
vt 0.343522 0.420334
vt 0.339681 0.432816
vt 0.309917 0.415534
vt 0.277271 0.425135
vt 0.277271 0.417454
vt 0.277271 0.409773
vt 0.337761 0.435697
vt 0.277271 0.428976
vt 0.379048 0.439537
vt 0.471223 0.447219
vt 0.479864 0.444338
vt 0.500027 0.471223
vt 0.510589 0.470262
vt 0.550915 0.503868
vt 0.541314 0.504828
vt 0.564358 0.522111
vt 0.569158 0.520190
vt 0.581640 0.527872
vt 0.567238 0.524031
vt 0.572039 0.519230
vt 0.581640 0.523071
vt 0.619086 0.530752
vt 0.617166 0.525951
vt 0.675735 0.532673
vt 0.674775 0.527872
vt 0.783273 0.530752
vt 0.782313 0.526912
vt 0.827440 0.524031
vt 0.828400 0.528832
vt 0.731425 0.345442
vt 0.665174 0.346402
vt 0.665174 0.340642
vt 0.731425 0.340642
vt 0.785193 0.346402
vt 0.785193 0.340642
vt 0.475063 0.345442
vt 0.476983 0.340642
vt 0.897531 0.302235
vt 0.895611 0.302235
vt 0.897531 0.303196
vt 0.895611 0.303196
vt 0.895611 0.304156
vt 0.897531 0.304156
vt 0.896571 0.304156
vt 0.896571 0.305116
vt 0.897531 0.305116
vt 0.896571 0.301275
vt 0.896571 0.300315
vt 0.895611 0.299355
vt 0.894651 0.302235
vt 0.894651 0.299355
vt 0.899451 0.299355
vt 0.899451 0.300315
vt 0.899451 0.301275
vt 0.899451 0.302235
vt 0.898491 0.302235
vt 0.898491 0.299355
vt 0.900412 0.300315
vt 0.900412 0.301275
vt 0.898491 0.304156
vt 0.898491 0.303196
vt 0.900412 0.303196
vt 0.900412 0.304156
vt 0.900412 0.302235
vt 0.899451 0.306076
vt 0.899451 0.305116
vt 0.900412 0.306076
vt 0.900412 0.305116
vt 0.464502 0.414573
vt 0.469302 0.413613
vt 0.388649 0.414573
vt 0.345442 0.413613
vt 0.309917 0.411693
vt 0.437617 0.393450
vt 0.465462 0.392490
vt 0.424175 0.403052
vt 0.408812 0.408812
vt 0.392490 0.410733
vt 0.373287 0.406892
vt 0.349283 0.392490
vt 0.277271 0.391530
vt 0.452980 0.368486
vt 0.467382 0.368486
vt 0.470262 0.345442
vt 0.456820 0.345442
vt 0.457780 0.334881
vt 0.472183 0.337761
vt 0.136129 0.520190
vt 0.136129 0.525951
vt 0.131328 0.526912
vt 0.147650 0.524031
vt 0.141890 0.526912
vt 0.145730 0.530752
vt 0.150531 0.525951
vt 0.127487 0.530752
vt 0.118846 0.517310
vt 0.118846 0.524031
vt 0.124607 0.534593
vt 0.124607 0.540354
vt 0.120766 0.581640
vt 0.118846 0.581640
vt 0.119806 0.582600
vt 0.124607 0.561477
vt 0.127487 0.571079
vt 0.130368 0.573959
vt 0.131328 0.579720
vt 0.124607 0.567238
vt 0.118846 0.647891
vt 0.119806 0.647891
vt 0.127487 0.545155
vt 0.127487 0.555716
vt 0.131328 0.548035
vt 0.131328 0.553796
vt 0.136129 0.549955
vt 0.136129 0.551875
vt 0.140929 0.548035
vt 0.141890 0.553796
vt 0.136129 0.575879
vt 0.145730 0.577800
vt 0.141890 0.573959
vt 0.146690 0.577800
vt 0.145730 0.571079
vt 0.148611 0.577800
vt 0.149571 0.577800
vt 0.147650 0.567238
vt 0.151491 0.578760
vt 0.149571 0.580680
vt 0.149571 0.647891
vt 0.151491 0.647891
vt 0.147650 0.561477
vt 0.151491 0.527872
vt 0.147650 0.540354
vt 0.145730 0.556676
vt 0.145730 0.545155
vt 0.147650 0.534593
vt 0.151491 0.717022
vt 0.149571 0.715102
vt 0.148611 0.717982
vt 0.149571 0.717982
vt 0.145730 0.724703
vt 0.147650 0.728544
vt 0.146690 0.717982
vt 0.141890 0.721823
vt 0.145730 0.717982
vt 0.136129 0.719903
vt 0.131328 0.716062
vt 0.130368 0.721823
vt 0.120766 0.714142
vt 0.127487 0.724703
vt 0.124607 0.734305
vt 0.124607 0.727584
vt 0.124607 0.755428
vt 0.118846 0.771751
vt 0.118846 0.714142
vt 0.119806 0.712221
vt 0.127487 0.750628
vt 0.127487 0.740066
vt 0.131328 0.747747
vt 0.131328 0.741986
vt 0.136129 0.745827
vt 0.136129 0.743906
vt 0.140929 0.747747
vt 0.141890 0.741986
vt 0.145730 0.750628
vt 0.145730 0.739106
vt 0.147650 0.755428
vt 0.147650 0.734305
vt 0.151491 0.767910
vt 0.147650 0.761189
vt 0.145730 0.765030
vt 0.150531 0.769831
vt 0.147650 0.771751
vt 0.141890 0.768870
vt 0.136129 0.769831
vt 0.136129 0.775592
vt 0.131328 0.768870
vt 0.127487 0.765030
vt 0.118846 0.778472
vt 0.124607 0.761189
vt 0.177415 0.789994
vt 0.176455 0.789034
vt 0.176455 0.789994
vt 0.177415 0.790954
vt 0.177415 0.793835
vt 0.177415 0.795755
vt 0.177415 0.797675
vt 0.176455 0.797675
vt 0.639250 0.586441
vt 0.572039 0.585481
vt 0.574919 0.549955
vt 0.632528 0.550915
vt 0.535553 0.585481
vt 0.536513 0.548995
vt 0.520190 0.585481
vt 0.523071 0.555716
vt 0.522111 0.549955
vt 0.741986 0.551875
vt 0.741986 0.586441
vt 0.572039 0.647891
vt 0.534593 0.647891
vt 0.639250 0.647891
vt 0.741986 0.647891
vt 0.789994 0.647891
vt 0.789994 0.586441
vt 0.788074 0.551875
vt 0.518270 0.647891
vt 0.535553 0.710301
vt 0.572039 0.710301
vt 0.574919 0.745827
vt 0.639250 0.709341
vt 0.632528 0.745827
vt 0.536513 0.746787
vt 0.520190 0.710301
vt 0.523071 0.740066
vt 0.522111 0.745827
vt 0.741986 0.743906
vt 0.741986 0.709341
vt 0.789994 0.709341
vt 0.788074 0.743906
vt 0.051635 0.984905
vt 0.059316 0.989706
vt 0.789994 0.552836
vt 0.790954 0.586441
vt 0.791914 0.647891
vt 0.790954 0.709341
vt 0.789994 0.742946
vt 0.040113 0.937858
vt 0.051635 0.968583
vt 0.803436 0.506748
vt 0.828400 0.472183
vt 0.171654 0.517310
vt 0.234064 0.513469
vt 0.232144 0.519230
vt 0.170694 0.522111
vt 0.274391 0.518270
vt 0.277271 0.511549
vt 0.360805 0.516350
vt 0.372327 0.511549
vt 0.227343 0.541314
vt 0.167814 0.564358
vt 0.270550 0.527872
vt 0.228304 0.538433
vt 0.306076 0.523071
vt 0.358885 0.520190
vt 0.476983 0.206220
vt 0.521151 0.206220
vt 0.521151 0.269590
vt 0.479864 0.266710
vt 0.506748 0.301275
vt 0.521151 0.303196
vt 0.484665 0.296474
vt 0.481784 0.293594
vt 0.615246 0.269590
vt 0.615246 0.206220
vt 0.849523 0.206220
vt 0.849523 0.263829
vt 0.939778 0.263829
vt 0.939778 0.206220
vt 0.812078 0.310877
vt 0.765030 0.307036
vt 0.965702 0.206220
vt 0.965702 0.232144
vt 0.626768 0.302235
vt 0.615246 0.306076
vt 0.850484 0.311837
vt 0.964742 0.260949
vt 0.963782 0.278232
vt 0.947459 0.278232
vt 0.939778 0.275351
vt 0.939778 0.301275
vt 0.947459 0.298395
vt 0.939778 0.307996
vt 0.947459 0.307036
vt 0.960901 0.304156
vt 0.963782 0.302235
vt 0.963782 0.298395
vt 0.939778 0.148611
vt 0.849523 0.148611
vt 0.615246 0.142850
vt 0.812078 0.101563
vt 0.765030 0.104444
vt 0.965702 0.179336
vt 0.626768 0.109244
vt 0.615246 0.105404
vt 0.850484 0.099643
vt 0.521151 0.142850
vt 0.479864 0.144770
vt 0.506748 0.111165
vt 0.521151 0.109244
vt 0.484665 0.115965
vt 0.481784 0.118846
vt 0.964742 0.151491
vt 0.939778 0.136129
vt 0.963782 0.127487
vt 0.963782 0.109244
vt 0.939778 0.111165
vt 0.960901 0.107324
vt 0.939778 0.104444
vt 0.038193 0.714142
vt 0.038193 0.645971
vt 0.037233 0.643090
vt 0.035312 0.643090
vt 0.034352 0.643090
vt 0.019950 0.645010
vt 0.009388 0.646931
vt 0.038193 0.781353
vt 0.037233 0.784233
vt 0.038193 0.782313
vt 0.035312 0.784233
vt 0.034352 0.784233
vt 0.019950 0.782313
vt 0.009388 0.781353
vt 0.008428 0.647891
vt 0.008428 0.714142
vt 0.008428 0.779432
vt 0.551875 0.503868
vt 0.572999 0.518270
vt 0.512509 0.469302
vt 0.581640 0.522111
vt 0.788074 0.524991
vt 0.674775 0.525951
vt 0.617166 0.524991
vt 0.672855 0.504828
vt 0.669014 0.471223
vt 0.333921 0.362725
vt 0.334881 0.366566
vt 0.307036 0.363685
vt 0.307036 0.362725
vt 0.274391 0.383848
vt 0.274391 0.364645
vt 0.347363 0.388649
vt 0.274391 0.387689
vt 0.275351 0.363685
vt 0.307036 0.325279
vt 0.327199 0.323359
vt 0.276311 0.328160
vt 0.071798 0.560517
vt 0.077559 0.581640
vt 0.074679 0.582600
vt 0.071798 0.543234
vt 0.077559 0.536513
vt 0.077559 0.522111
vt 0.042994 0.527872
vt 0.077559 0.517310
vt 0.042994 0.524031
vt 0.057396 0.544194
vt 0.057396 0.559557
vt 0.042994 0.564358
vt 0.077559 0.513469
vt 0.070838 0.584521
vt 0.070838 0.647891
vt 0.042994 0.647891
vt 0.042994 0.731425
vt 0.070838 0.711261
vt 0.057396 0.736225
vt 0.042994 0.766950
vt 0.057396 0.750628
vt 0.071798 0.752548
vt 0.077559 0.773671
vt 0.077559 0.758309
vt 0.077559 0.714142
vt 0.071798 0.735265
vt 0.074679 0.713181
vt 0.077559 0.778472
vt 0.042994 0.771751
vt 0.077559 0.782313
vt 0.107324 0.586441
vt 0.107324 0.585481
vt 0.108284 0.647891
vt 0.107324 0.647891
vt 0.107324 0.709341
vt 0.107324 0.710301
vt 0.080440 0.585481
vt 0.082360 0.587401
vt 0.082360 0.647891
vt 0.080440 0.647891
vt 0.084280 0.585481
vt 0.083320 0.582600
vt 0.086201 0.582600
vt 0.088121 0.581640
vt 0.107324 0.533633
vt 0.088121 0.536513
vt 0.107324 0.521151
vt 0.088121 0.521151
vt 0.107324 0.514430
vt 0.088121 0.514430
vt 0.106364 0.508669
vt 0.088121 0.508669
vt 0.110205 0.514430
vt 0.111165 0.508669
vt 0.110205 0.585481
vt 0.110205 0.533633
vt 0.110205 0.521151
vt 0.110205 0.647891
vt 0.110205 0.710301
vt 0.107324 0.762149
vt 0.088121 0.714142
vt 0.084280 0.710301
vt 0.086201 0.713181
vt 0.083320 0.713181
vt 0.080440 0.710301
vt 0.082360 0.708381
vt 0.088121 0.759269
vt 0.107324 0.774631
vt 0.088121 0.774631
vt 0.107324 0.781353
vt 0.088121 0.781353
vt 0.106364 0.787113
vt 0.088121 0.787113
vt 0.110205 0.781353
vt 0.111165 0.787113
vt 0.110205 0.774631
vt 0.110205 0.762149
vt 0.070838 0.559557
vt 0.070838 0.543234
vt 0.058356 0.559557
vt 0.058356 0.545155
vt 0.114045 0.524031
vt 0.114045 0.581640
vt 0.114045 0.517310
vt 0.114045 0.647891
vt 0.114045 0.515390
vt 0.114045 0.714142
vt 0.114045 0.771751
vt 0.114045 0.778472
vt 0.114045 0.780392
vt 0.084280 0.588361
vt 0.084280 0.647891
vt 0.084280 0.707421
vt 0.086201 0.515390
vt 0.086201 0.508669
vt 0.086201 0.522111
vt 0.086201 0.536513
vt 0.086201 0.581640
vt 0.079480 0.647891
vt 0.079480 0.584521
vt 0.079480 0.711261
vt 0.082360 0.582600
vt 0.129408 0.652692
vt 0.129408 0.638290
vt 0.141890 0.636369
vt 0.141890 0.652692
vt 0.038193 0.516350
vt 0.038193 0.577800
vt 0.015149 0.577800
vt 0.015149 0.518270
vt 0.038193 0.639250
vt 0.015149 0.637329
vt 0.901372 0.303196
vt 0.901372 0.302235
vt 0.167814 0.571079
vt 0.222543 0.572039
vt 0.218702 0.647891
vt 0.166854 0.647891
vt 0.225423 0.550915
vt 0.266710 0.540354
vt 0.330080 0.565318
vt 0.329120 0.530752
vt 0.340642 0.529792
vt 0.334881 0.562437
vt 0.325279 0.647891
vt 0.329120 0.647891
vt 0.346402 0.563397
vt 0.355044 0.527872
vt 0.341602 0.647891
vt 0.167814 0.724703
vt 0.334881 0.733345
vt 0.330080 0.730464
vt 0.340642 0.765990
vt 0.329120 0.765030
vt 0.266710 0.755428
vt 0.222543 0.723743
vt 0.225423 0.744867
vt 0.346402 0.732385
vt 0.355044 0.767910
vt 0.358885 0.775592
vt 0.474103 0.320478
vt 0.473143 0.335841
vt 0.457780 0.318558
vt 0.665174 0.322399
vt 0.665174 0.335841
vt 0.730464 0.337761
vt 0.731425 0.321438
vt 0.785193 0.320478
vt 0.784233 0.337761
vt 0.075639 0.837041
vt 0.076599 0.860085
vt 0.042994 0.860085
vt 0.041073 0.837041
vt 0.113085 0.860085
vt 0.113085 0.837041
vt 0.021870 0.837041
vt 0.021870 0.860085
vt 0.013229 0.859125
vt 0.015149 0.836081
vt 0.148611 0.860085
vt 0.148611 0.837041
vt 0.184136 0.837041
vt 0.184136 0.860085
vt 0.221582 0.837041
vt 0.220622 0.860085
vt 0.254228 0.860085
vt 0.256148 0.837041
vt 0.275351 0.837041
vt 0.275351 0.860085
vt 0.283992 0.859125
vt 0.282072 0.836081
vt 0.015149 0.833201
vt 0.020910 0.834161
vt 0.041073 0.834161
vt 0.075639 0.834161
vt 0.113085 0.834161
vt 0.114045 0.811117
vt 0.076599 0.811117
vt 0.136129 0.827440
vt 0.136129 0.813998
vt 0.148611 0.811117
vt 0.148611 0.813998
vt 0.148611 0.834161
vt 0.033392 0.823599
vt 0.020910 0.823599
vt 0.029552 0.819759
vt 0.028591 0.815918
vt 0.027631 0.810157
vt 0.020910 0.810157
vt 0.016109 0.822639
vt 0.018030 0.810157
vt 0.161093 0.813998
vt 0.183176 0.811117
vt 0.161093 0.827440
vt 0.184136 0.834161
vt 0.221582 0.834161
vt 0.220622 0.811117
vt 0.256148 0.834161
vt 0.276311 0.834161
vt 0.282072 0.833201
vt 0.279192 0.810157
vt 0.276311 0.810157
vt 0.148611 0.827440
vt 0.252307 0.810157
vt 0.898491 0.305116
vt 0.899451 0.304156
vt 0.914814 0.351203
vt 0.956101 0.353124
vt 0.956101 0.378088
vt 0.919615 0.376167
vt 0.893691 0.370406
vt 0.904252 0.350243
vt 0.887930 0.376167
vt 0.905212 0.348323
vt 0.913854 0.349283
vt 0.917694 0.335841
vt 0.908093 0.334881
vt 0.945539 0.339681
vt 0.952260 0.350243
vt 0.936898 0.325279
vt 0.919615 0.322399
vt 0.909053 0.320478
vt 0.949380 0.379048
vt 0.940738 0.379048
vt 0.919615 0.379048
vt 0.884089 0.378088
vt 0.026671 0.861045
vt 0.018990 0.861045
vt 0.270550 0.861045
vt 0.278232 0.861045
vt 0.039153 0.824560
vt 0.048755 0.823599
vt 0.051635 0.819759
vt 0.053555 0.811117
vt 0.137089 0.814958
vt 0.137089 0.826480
vt 0.148611 0.826480
vt 0.160132 0.826480
vt 0.148611 0.814958
vt 0.160132 0.814958
vt 0.898491 0.306076
vt 0.897531 0.306076
vt 0.968583 0.636369
vt 0.968583 0.647891
vt 0.957061 0.647891
vt 0.957061 0.636369
vt 0.968583 0.659413
vt 0.957061 0.659413
vt 0.378088 0.818798
vt 0.376167 0.812078
vt 0.364645 0.818798
vt 0.376167 0.825520
vt 0.373287 0.808237
vt 0.368486 0.806316
vt 0.361765 0.805356
vt 0.356004 0.808237
vt 0.353124 0.813038
vt 0.351203 0.818798
vt 0.353124 0.824560
vt 0.356004 0.828400
vt 0.361765 0.831281
vt 0.368486 0.831281
vt 0.373287 0.828400
vt 0.348323 0.818798
vt 0.347363 0.813038
vt 0.334881 0.818798
vt 0.347363 0.824560
vt 0.343522 0.808237
vt 0.337761 0.805356
vt 0.343522 0.828400
vt 0.337761 0.831281
vt 0.332000 0.805356
vt 0.327199 0.808237
vt 0.323359 0.812078
vt 0.322399 0.818798
vt 0.323359 0.824560
vt 0.327199 0.828400
vt 0.332000 0.831281
vt 0.670935 0.845683
vt 0.615246 0.847603
vt 0.619086 0.826480
vt 0.672855 0.825520
vt 0.626768 0.791914
vt 0.534593 0.827440
vt 0.577800 0.792874
vt 0.676696 0.791914
vt 0.678616 0.776552
vt 0.630608 0.777512
vt 0.595083 0.781353
vt 0.509629 0.850484
vt 0.793835 0.824560
vt 0.794795 0.843763
vt 0.748707 0.844723
vt 0.748707 0.824560
vt 0.749667 0.790954
vt 0.793835 0.790954
vt 0.750628 0.776552
vt 0.793835 0.777512
vt 0.696859 0.824560
vt 0.693978 0.845683
vt 0.700700 0.791914
vt 0.701660 0.775592
vt 0.801516 0.778472
vt 0.801516 0.790954
vt 0.812078 0.790954
vt 0.836081 0.824560
vt 0.801516 0.825520
vt 0.801516 0.843763
vt 0.849523 0.843763
vt 0.680536 0.905212
vt 0.486585 0.905212
vt 0.486585 0.902332
vt 0.680536 0.902332
vt 0.494266 0.854324
vt 0.499067 0.851444
vt 0.615246 0.851444
vt 0.672855 0.850484
vt 0.683417 0.850484
vt 0.683417 0.845683
vt 0.693978 0.850484
vt 0.748707 0.849523
vt 0.801516 0.847603
vt 0.858165 0.843763
vt 0.863926 0.846643
vt 0.488505 0.882169
vt 0.682457 0.881208
vt 0.694939 0.902332
vt 0.694939 0.881208
vt 0.747747 0.902332
vt 0.747747 0.880248
vt 0.809197 0.879288
vt 0.821679 0.904252
vt 0.747747 0.905212
vt 0.806316 0.925376
vt 0.747747 0.930176
vt 0.694939 0.905212
vt 0.695899 0.929216
vt 0.680536 0.929216
vt 0.488505 0.927296
vt 0.835121 0.895611
vt 0.859125 0.888890
vt 0.859125 0.878328
vt 0.873527 0.890810
vt 0.904252 0.879288
vt 0.888890 0.895611
vt 0.900412 0.903292
vt 0.935937 0.879288
vt 0.935937 0.902332
vt 0.957061 0.902332
vt 0.957061 0.880248
vt 0.935937 0.876408
vt 0.957061 0.862966
vt 0.936898 0.861045
vt 0.905212 0.871607
vt 0.906173 0.860085
vt 0.907133 0.845683
vt 0.957061 0.844723
vt 0.952260 0.833201
vt 0.927296 0.817838
vt 0.889850 0.822639
vt 0.864886 0.822639
vt 0.883129 0.845683
vt 0.836081 0.789034
vt 0.860085 0.788074
vt 0.845683 0.773671
vt 0.821679 0.771751
vt 0.877368 0.788074
vt 0.846643 0.771751
vt 0.968583 0.844723
vt 0.959941 0.850484
vt 0.967623 0.850484
vt 0.957061 0.854324
vt 0.845683 0.823599
vt 0.861045 0.869687
vt 0.806316 0.869687
vt 0.747747 0.873527
vt 0.490426 0.854324
vt 0.458741 0.876408
vt 0.402091 0.872567
vt 0.398251 0.859125
vt 0.358885 0.876408
vt 0.356004 0.862966
vt 0.326239 0.880248
vt 0.292634 0.870647
vt 0.293594 0.878328
vt 0.292634 0.886009
vt 0.354084 0.860085
vt 0.292634 0.867766
vt 0.395370 0.856245
vt 0.486585 0.848563
vt 0.496187 0.851444
vt 0.516350 0.824560
vt 0.526912 0.825520
vt 0.566278 0.791914
vt 0.557636 0.790954
vt 0.580680 0.773671
vt 0.585481 0.775592
vt 0.597963 0.767910
vt 0.583561 0.771751
vt 0.588361 0.776552
vt 0.597963 0.772711
vt 0.635409 0.765030
vt 0.633489 0.769831
vt 0.692058 0.763110
vt 0.691098 0.767910
vt 0.798635 0.765030
vt 0.798635 0.769831
vt 0.843763 0.771751
vt 0.844723 0.766950
vt 0.747747 0.951300
vt 0.747747 0.955140
vt 0.681496 0.956101
vt 0.681496 0.950340
vt 0.801516 0.949380
vt 0.800556 0.955140
vt 0.491386 0.950340
vt 0.493306 0.956101
vt 0.894651 0.304156
vt 0.894651 0.305116
vt 0.896571 0.306076
vt 0.894651 0.306076
vt 0.898491 0.301275
vt 0.898491 0.300315
vt 0.897531 0.299355
vt 0.896571 0.299355
vt 0.896571 0.302235
vt 0.901372 0.301275
vt 0.901372 0.299355
vt 0.900412 0.299355
vt 0.901372 0.300315
vt 0.899451 0.307036
vt 0.485625 0.882169
vt 0.480824 0.881208
vt 0.404972 0.881208
vt 0.361765 0.882169
vt 0.326239 0.884089
vt 0.481784 0.903292
vt 0.453940 0.902332
vt 0.439537 0.892730
vt 0.425135 0.887930
vt 0.408812 0.885049
vt 0.389609 0.888890
vt 0.365606 0.903292
vt 0.293594 0.904252
vt 0.469302 0.927296
vt 0.483705 0.927296
vt 0.485625 0.951300
vt 0.473143 0.950340
vt 0.474103 0.960901
vt 0.488505 0.958981
vt 0.245586 0.984905
vt 0.237905 0.989706
vt 0.257108 0.937858
vt 0.245586 0.968583
vt 0.844723 0.823599
vt 0.819759 0.789994
vt 0.171654 0.778472
vt 0.170694 0.773671
vt 0.232144 0.776552
vt 0.234064 0.783273
vt 0.274391 0.778472
vt 0.277271 0.784233
vt 0.360805 0.779432
vt 0.372327 0.784233
vt 0.227343 0.755428
vt 0.167814 0.731425
vt 0.270550 0.767910
vt 0.228304 0.757349
vt 0.306076 0.773671
vt 0.568198 0.792874
vt 0.589322 0.777512
vt 0.527872 0.826480
vt 0.597963 0.773671
vt 0.804396 0.770791
vt 0.691098 0.769831
vt 0.632528 0.771751
vt 0.685337 0.824560
vt 0.689178 0.790954
vt 0.349283 0.933057
vt 0.323359 0.933057
vt 0.323359 0.932097
vt 0.351203 0.929216
vt 0.290713 0.911933
vt 0.290713 0.931137
vt 0.363685 0.907133
vt 0.289753 0.908093
vt 0.291674 0.933057
vt 0.343522 0.972423
vt 0.323359 0.970503
vt 0.292634 0.967623
vt 0.070838 0.751588
vt 0.070838 0.736225
vt 0.058356 0.736225
vt 0.058356 0.750628
vt 0.086201 0.787113
vt 0.086201 0.780392
vt 0.086201 0.773671
vt 0.086201 0.758309
vt 0.086201 0.714142
vt 0.082360 0.713181
vt 0.129408 0.659413
vt 0.141890 0.658453
vt 0.141890 0.674775
vt 0.129408 0.673815
vt 0.901372 0.304156
vt 0.489466 0.975304
vt 0.474103 0.977224
vt 0.488505 0.960901
vt 0.681496 0.973383
vt 0.681496 0.959941
vt 0.746787 0.958021
vt 0.746787 0.974343
vt 0.800556 0.975304
vt 0.800556 0.958021
vt 0.930176 0.948419
vt 0.935937 0.922495
vt 0.972423 0.921535
vt 0.971463 0.945539
vt 0.910013 0.929216
vt 0.920575 0.948419
vt 0.903292 0.922495
vt 0.921535 0.951300
vt 0.930176 0.949380
vt 0.934017 0.962822
vt 0.924416 0.963782
vt 0.925376 0.978184
vt 0.953220 0.973383
vt 0.968583 0.948419
vt 0.957061 0.919615
vt 0.965702 0.919615
vt 0.935937 0.919615
vt 0.900412 0.920575
s 1
usemtl Volterra_Racing
f 1/1/1 2/2/2 3/3/3
f 3/3/3 2/2/2 4/4/4
f 5/5/5 3/3/3 4/4/4
f 5/5/5 4/4/4 6/6/6
f 5/5/5 6/6/6 7/7/7
f 4/4/4 8/8/8 6/6/6
f 7/7/7 9/9/9 5/5/5
f 9/9/9 10/10/10 5/5/5
f 10/10/10 11/11/11 5/5/5
f 11/11/11 12/12/12 5/5/5
f 12/12/12 11/11/11 13/13/13
f 14/14/14 12/12/12 13/13/13
f 15/15/15 14/14/14 13/13/13
f 11/11/11 16/16/16 13/13/13
f 11/11/11 17/17/17 16/16/16
f 17/17/17 18/18/17 16/16/16
f 14/14/14 19/19/18 12/12/12
f 19/19/18 20/20/19 12/12/12
f 21/1/20 5/5/5 12/12/12
f 12/12/12 20/20/19 21/1/20
f 14/14/14 15/15/15 22/21/21
f 23/22/22 14/14/14 22/21/21
f 19/19/18 14/14/14 23/22/22
f 24/23/22 23/22/22 22/21/21
f 25/24/23 24/23/22 22/21/21
f 17/17/17 24/23/22 25/24/23
f 18/18/17 17/17/17 25/24/23
f 23/22/22 24/23/22 26/25/24
f 24/23/22 27/26/25 26/25/24
f 27/26/25 28/27/26 26/25/24
f 28/27/26 29/28/27 26/25/24
f 30/29/28 26/25/24 29/28/27
f 31/30/29 26/25/24 30/29/28
f 32/31/30 31/30/29 30/29/28
f 33/32/31 19/19/18 23/22/22
f 34/33/32 33/32/31 23/22/22
f 34/33/32 26/25/24 31/30/29
f 34/33/32 23/22/22 26/25/24
f 31/30/29 32/31/30 35/34/33
f 36/35/34 31/30/29 35/34/33
f 37/36/35 35/34/33 32/31/30
f 38/37/36 35/34/33 37/36/35
f 39/38/37 38/37/36 37/36/35
f 40/39/38 34/33/32 31/30/29
f 31/30/29 36/35/34 40/39/38
f 36/35/34 41/40/39 40/39/38
f 41/40/39 42/41/39 40/39/38
f 42/41/39 41/40/39 2/2/2
f 41/40/39 43/42/40 2/2/2
f 43/42/40 4/4/4 2/2/2
f 4/4/4 43/42/40 44/43/41
f 8/8/8 4/4/4 44/43/41
f 44/43/41 45/44/42 8/8/8
f 44/43/41 46/45/43 45/44/42
f 46/45/43 47/46/44 45/44/42
f 48/1/45 49/47/45 50/2/45
f 51/2/46 52/47/46 53/48/47
f 54/41/48 51/2/46 53/48/47
f 55/39/47 54/41/48 53/48/47
f 56/49/47 55/39/47 53/48/47
f 57/19/49 58/48/49 59/47/50
f 60/20/50 57/19/49 59/47/50
f 60/20/50 59/47/50 61/1/51
f 58/48/49 57/19/49 62/49/52
f 57/19/49 63/32/52 62/49/52
f 62/49/52 63/32/52 64/33/52
f 65/50/53 66/51/53 67/52/54
f 68/53/53 65/50/53 67/52/54
f 69/50/55 70/53/56 71/54/57
f 72/55/58 69/50/55 71/54/57
f 73/56/58 72/55/58 71/54/57
f 74/57/59 73/56/58 71/54/57
f 75/51/60 76/58/47 77/59/47
f 78/52/60 75/51/60 77/59/47
f 76/58/47 79/60/61 77/59/47
f 79/60/61 80/61/61 77/59/47
f 81/62/62 82/63/63 83/42/64
f 84/40/65 81/62/62 83/42/64
f 82/63/63 85/64/66 83/42/64
f 85/64/66 86/43/67 83/42/64
f 85/64/66 87/65/68 86/43/67
f 87/65/68 85/64/66 88/66/69
f 89/67/69 87/65/68 88/66/69
f 89/67/69 88/66/69 90/68/70
f 91/69/70 89/67/69 90/68/70
f 91/69/70 90/68/70 92/70/71
f 93/71/71 91/69/70 92/70/71
f 87/65/68 94/45/72 86/43/67
f 81/62/62 84/40/65 95/35/73
f 96/72/74 81/62/62 95/35/73
f 97/73/75 96/72/74 95/35/73
f 98/34/76 97/73/75 95/35/73
f 99/74/77 97/73/75 98/34/76
f 97/73/75 99/74/77 100/75/78
f 99/74/77 101/76/78 100/75/78
f 100/75/78 101/76/78 102/77/79
f 101/76/78 103/78/79 102/77/79
f 102/77/79 103/78/79 104/79/80
f 103/78/79 105/80/80 104/79/80
f 106/37/81 99/74/77 98/34/76
f 107/64/82 108/63/83 109/81/84
f 110/82/85 107/64/82 109/81/84
f 111/83/86 109/81/84 108/63/83
f 112/62/84 111/83/86 108/63/83
f 111/83/86 112/62/84 113/72/87
f 114/84/88 111/83/86 113/72/87
f 113/72/87 115/73/89 114/84/88
f 115/73/89 116/85/89 114/84/88
f 117/86/90 118/87/91 119/88/92
f 120/89/91 117/86/90 119/88/92
f 118/87/91 121/90/93 119/88/92
f 122/91/94 119/88/92 121/90/93
f 122/91/94 123/92/95 119/88/92
f 123/92/95 124/93/96 119/88/92
f 123/92/95 125/94/97 124/93/96
f 124/93/96 125/94/97 126/95/98
f 125/94/97 127/96/99 126/95/98
f 127/96/99 128/97/100 126/95/98
f 128/97/100 129/98/101 126/95/98
f 128/97/100 130/99/102 129/98/101
f 130/99/102 131/100/103 129/98/101
f 130/99/102 132/101/104 131/100/103
f 132/101/104 133/102/104 131/100/103
f 121/90/93 134/86/105 122/91/94
f 134/86/105 135/92/106 122/91/94
f 125/94/97 135/92/106 134/86/105
f 121/90/93 136/87/107 134/86/105
f 127/96/99 125/94/97 137/103/108
f 138/104/108 127/96/99 137/103/108
f 125/94/97 134/86/105 139/105/109
f 137/103/108 125/94/97 139/105/109
f 127/96/99 138/104/108 140/99/110
f 141/97/111 127/96/99 140/99/110
f 138/104/108 142/101/109 140/99/110
f 133/102/104 132/101/104 143/106/112
f 132/101/104 144/107/113 143/106/112
f 143/106/112 144/107/113 145/108/114
f 144/107/113 146/109/115 145/108/114
f 145/108/114 146/109/115 147/110/116
f 146/109/115 148/111/117 147/110/116
f 148/111/117 138/104/108 137/103/108
f 148/111/117 149/112/118 147/110/116
f 149/112/118 148/111/117 137/103/108
f 149/112/118 137/103/108 139/105/109
f 149/112/118 150/113/108 147/110/116
f 149/112/118 151/114/119 150/113/108
f 150/113/108 151/114/119 152/115/120
f 151/114/119 153/116/121 152/115/120
f 152/115/120 153/116/121 154/117/122
f 154/117/122 155/118/123 152/115/120
f 155/118/123 156/119/124 152/115/120
f 156/119/124 157/120/123 152/115/120
f 158/119/125 154/117/122 153/116/121
f 159/114/109 158/119/125 153/116/121
f 159/114/109 149/112/118 158/119/125
f 160/118/126 154/117/122 158/119/125
f 158/119/125 149/112/118 139/105/109
f 161/121/127 157/120/123 156/119/124
f 162/105/128 161/121/127 156/119/124
f 161/121/127 162/105/128 117/86/90
f 120/89/91 161/121/127 117/86/90
f 163/122/129 164/123/130 165/124/131
f 165/124/131 164/123/130 166/125/132
f 167/126/133 165/124/131 166/125/132
f 164/123/130 168/127/134 166/125/132
f 164/123/130 169/128/130 168/127/134
f 164/123/130 170/129/135 169/128/130
f 164/123/130 163/122/129 170/129/135
f 170/129/135 171/130/136 169/128/130
f 171/130/136 172/131/137 169/128/130
f 172/131/137 173/132/138 169/128/130
f 169/128/130 174/133/134 168/127/134
f 169/128/130 173/132/138 175/134/139
f 174/133/134 169/128/130 175/134/139
f 175/134/139 176/135/140 174/133/134
f 176/135/140 177/136/141 174/133/134
f 173/132/138 172/131/137 178/137/142
f 175/134/139 173/132/138 178/137/142
f 172/131/137 179/138/143 178/137/142
f 180/139/144 175/134/139 178/137/142
f 176/135/140 175/134/139 180/139/144
f 177/136/141 176/135/140 181/140/145
f 182/141/146 181/140/145 176/135/140
f 182/141/146 176/135/140 180/139/144
f 183/142/147 177/136/141 181/140/145
f 174/133/134 177/136/141 183/142/147
f 184/143/148 168/127/134 174/133/134
f 185/144/149 184/143/148 174/133/134
f 185/144/149 174/133/134 183/142/147
f 171/130/136 170/129/135 186/145/150
f 170/129/135 187/146/150 186/145/150
f 172/131/137 171/130/136 186/145/150
f 188/147/151 172/131/137 186/145/150
f 186/145/150 187/146/150 189/148/152
f 189/148/152 187/146/150 190/149/153
f 187/146/150 191/150/154 190/149/153
f 187/146/150 192/151/155 191/150/154
f 192/151/155 187/146/150 170/129/135
f 191/150/154 193/152/156 190/149/153
f 194/153/157 186/145/150 189/148/152
f 186/145/150 194/153/157 195/154/158
f 188/147/151 186/145/150 195/154/158
f 196/155/159 195/154/158 194/153/157
f 197/156/160 196/155/159 194/153/157
f 172/131/137 188/147/151 198/157/161
f 188/147/151 195/154/158 198/157/161
f 179/138/143 172/131/137 198/157/161
f 195/154/158 199/158/162 198/157/161
f 195/154/158 196/155/159 199/158/162
f 196/155/159 197/156/160 200/159/163
f 200/159/163 201/160/164 196/155/159
f 196/155/159 201/160/164 199/158/162
f 197/156/160 202/161/165 200/159/163
f 197/156/160 194/153/157 202/161/165
f 189/148/152 203/162/166 194/153/157
f 189/148/152 190/149/153 203/162/166
f 203/162/166 204/163/167 194/153/157
f 194/153/157 204/163/167 202/161/165
f 191/150/154 192/151/155 205/164/168
f 192/151/155 206/165/169 205/164/168
f 192/151/155 207/166/170 206/165/169
f 207/166/170 208/167/171 206/165/169
f 208/167/171 207/166/170 209/168/172
f 207/166/170 163/122/129 209/168/172
f 209/168/172 163/122/129 210/169/173
f 163/122/129 165/124/131 210/169/173
f 210/169/173 165/124/131 211/170/174
f 165/124/131 167/126/133 211/170/174
f 167/126/133 166/125/132 211/170/174
f 166/125/132 212/171/132 211/170/174
f 212/171/132 166/125/132 184/143/148
f 166/125/132 168/127/134 184/143/148
f 163/122/129 207/166/170 170/129/135
f 207/166/170 192/151/155 170/129/135
f 191/150/154 205/164/168 213/172/175
f 193/152/156 191/150/154 213/172/175
f 190/149/153 193/152/156 213/172/175
f 214/173/153 190/149/153 213/172/175
f 190/149/153 214/173/153 203/162/166
f 215/174/176 216/175/177 217/176/177
f 218/177/178 215/174/176 217/176/177
f 217/176/177 216/175/177 219/178/179
f 217/176/177 219/178/179 220/179/180
f 217/176/177 220/179/180 218/177/178
f 219/178/179 221/180/181 220/179/180
f 216/175/177 222/181/179 219/178/179
f 222/181/179 223/182/182 219/178/179
f 223/182/182 224/183/183 219/178/179
f 225/184/184 221/180/181 219/178/179
f 224/183/183 225/184/184 219/178/179
f 220/179/180 226/185/185 218/177/178
f 227/186/186 228/187/187 229/188/188
f 230/189/189 227/186/186 229/188/188
f 228/187/187 227/186/186 231/190/190
f 227/186/186 232/191/191 231/190/190
f 231/190/190 232/191/191 233/192/192
f 232/191/191 234/193/193 233/192/192
f 229/188/188 228/187/187 235/194/194
f 236/195/195 229/188/188 235/194/194
f 228/187/187 231/190/190 237/196/196
f 235/194/194 228/187/187 237/196/196
f 231/190/190 233/192/192 238/197/197
f 237/196/196 231/190/190 238/197/197
f 234/193/193 232/191/191 239/198/198
f 232/191/191 240/199/199 239/198/198
f 240/199/199 241/200/200 239/198/198
f 241/200/200 240/199/199 242/201/186
f 240/199/199 243/202/179 242/201/186
f 232/191/191 227/186/186 243/202/179
f 240/199/199 232/191/191 243/202/179
f 227/186/186 230/189/189 243/202/179
f 243/202/179 244/203/186 242/201/186
f 230/189/189 244/203/186 243/202/179
f 244/203/186 245/204/201 242/201/186
f 246/205/202 247/206/203 248/207/44
f 249/208/204 246/205/202 248/207/44
f 249/208/204 250/209/205 246/205/202
f 250/209/205 251/210/206 246/205/202
f 251/210/206 252/211/7 246/205/202
f 252/211/7 253/212/6 246/205/202
f 246/205/202 253/212/6 247/206/203
f 253/212/6 254/213/8 247/206/203
f 255/214/207 251/210/206 250/209/205
f 251/210/206 255/214/207 252/211/7
f 256/215/208 255/214/207 250/209/205
f 255/214/207 257/216/9 252/211/7
f 258/207/209 259/217/210 260/208/211
f 259/217/210 261/218/212 260/208/211
f 261/218/212 262/219/213 260/208/211
f 262/219/213 263/220/214 260/208/211
f 263/220/214 264/209/215 260/208/211
f 263/220/214 265/221/216 264/209/215
f 265/221/216 266/215/217 264/209/215
f 267/222/218 268/223/218 269/224/218
f 270/225/218 267/222/218 269/224/218
f 271/226/219 272/185/219 273/227/220
f 272/185/219 271/226/219 274/177/221
f 271/226/219 275/228/221 274/177/221
f 275/228/221 276/229/222 274/177/221
f 276/229/222 277/174/223 274/177/221
f 277/174/223 276/229/222 278/230/224
f 279/231/224 277/174/223 278/230/224
f 280/195/224 279/231/224 278/230/224
f 281/232/224 280/195/224 278/230/224
f 281/232/224 282/233/225 280/195/224
f 282/233/225 283/188/225 280/195/224
f 283/188/225 282/233/225 284/234/226
f 285/189/221 283/188/225 284/234/226
f 286/203/227 285/189/221 284/234/226
f 287/204/228 286/203/227 284/234/226
f 288/235/228 287/204/228 284/234/226
f 284/234/226 289/236/228 288/235/228
f 290/223/229 291/237/230 292/238/231
f 293/224/229 290/223/229 292/238/231
f 291/237/230 290/223/229 294/239/232
f 295/240/233 291/237/230 294/239/232
f 295/240/233 294/239/232 296/241/234
f 297/242/235 295/240/233 296/241/234
f 298/243/236 297/242/235 296/241/234
f 299/244/237 298/243/236 296/241/234
f 299/244/237 296/241/234 300/245/238
f 301/246/239 299/244/237 300/245/238
f 300/245/238 302/247/240 301/246/239
f 302/247/240 300/245/238 303/248/241
f 304/249/242 302/247/240 303/248/241
f 305/250/243 304/249/242 303/248/241
f 306/222/243 305/250/243 303/248/241
f 307/251/243 305/250/243 306/222/243
f 308/225/243 307/251/243 306/222/243
f 309/248/244 300/245/238 296/241/234
f 310/239/245 309/248/244 296/241/234
f 311/222/246 309/248/244 310/239/245
f 312/223/246 311/222/246 310/239/245
f 298/243/236 299/244/237 313/252/247
f 298/243/236 313/252/247 314/253/248
f 315/254/248 298/243/236 314/253/248
f 315/254/248 314/253/248 316/255/249
f 317/256/250 315/254/248 316/255/249
f 317/256/250 316/255/249 318/257/250
f 317/256/250 318/257/250 319/258/251
f 320/259/252 317/256/250 319/258/251
f 321/260/253 320/259/252 319/258/251
f 321/260/253 322/261/216 320/259/252
f 322/261/216 323/262/254 320/259/252
f 324/263/255 323/262/256 325/264/213
f 326/265/257 324/263/255 325/264/213
f 327/266/258 324/263/255 326/265/257
f 328/267/259 327/266/258 326/265/257
f 329/268/180 328/267/259 326/265/257
f 330/269/187 329/268/180 326/265/257
f 329/268/180 330/269/187 331/270/260
f 332/271/261 329/268/180 331/270/260
f 333/272/262 329/268/180 332/271/261
f 329/268/180 333/272/262 334/273/191
f 335/274/263 329/268/180 334/273/191
f 329/268/180 335/274/263 328/267/259
f 334/273/191 333/272/262 336/275/264
f 333/272/262 337/276/265 336/275/264
f 337/276/265 338/277/198 336/275/264
f 338/277/198 339/278/193 336/275/264
f 338/277/198 337/276/265 340/279/266
f 333/272/262 332/271/261 340/279/266
f 337/276/265 333/272/262 340/279/266
f 341/280/267 338/277/198 340/279/266
f 330/269/187 342/281/268 331/270/260
f 342/281/268 330/269/187 343/282/269
f 344/283/209 342/281/268 343/282/269
f 343/282/269 330/269/187 345/284/212
f 330/269/187 326/265/257 345/284/212
f 345/284/212 326/265/257 325/264/213
f 335/274/263 334/273/191 346/285/191
f 347/236/270 335/274/263 346/285/191
f 335/274/263 347/236/270 328/267/259
f 347/236/270 348/286/271 328/267/259
f 347/236/270 349/234/272 348/286/271
f 349/234/272 350/287/273 348/286/271
f 349/234/272 351/233/274 350/287/273
f 351/233/274 352/288/274 350/287/273
f 328/267/259 348/286/271 327/266/258
f 351/233/274 353/232/275 352/288/274
f 353/232/275 295/240/233 352/288/274
f 353/232/275 354/230/276 295/240/233
f 354/230/276 291/237/230 295/240/233
f 354/230/276 355/229/277 291/237/230
f 291/237/230 355/229/277 356/228/278
f 291/237/230 356/228/278 357/226/278
f 292/238/231 291/237/230 357/226/278
f 357/226/278 358/289/279 292/238/231
f 358/289/279 359/290/280 292/238/231
f 359/290/280 358/289/279 360/291/180
f 358/289/279 361/292/177 360/291/180
f 360/291/180 361/292/177 362/293/281
f 361/292/177 363/294/282 362/293/281
f 362/293/281 363/294/282 364/295/283
f 363/294/282 365/296/284 364/295/283
f 365/296/284 366/297/285 364/295/283
f 364/295/283 366/297/285 367/298/286
f 365/296/284 363/294/282 368/299/287
f 369/300/288 365/296/284 368/299/287
f 368/299/287 363/294/282 370/301/289
f 363/294/282 371/292/290 370/301/289
f 370/301/289 371/292/290 372/302/291
f 371/292/290 373/289/292 372/302/291
f 373/289/292 374/303/293 372/302/291
f 372/302/291 374/303/293 375/304/294
f 374/303/293 376/305/295 375/304/294
f 375/304/294 376/305/295 377/306/296
f 378/307/297 375/304/294 377/306/296
f 378/307/297 377/306/296 379/308/298
f 377/306/296 380/309/299 379/308/298
f 380/309/299 381/310/300 379/308/298
f 381/310/300 382/311/301 379/308/298
f 381/310/300 380/309/299 383/312/302
f 380/309/299 377/306/296 383/312/302
f 384/313/303 381/310/300 383/312/302
f 381/310/300 384/313/303 385/314/304
f 384/313/303 386/315/305 385/314/304
f 385/314/304 386/315/305 387/316/304
f 386/315/305 388/317/306 387/316/304
f 387/316/304 388/317/306 389/318/307
f 388/317/306 390/319/306 389/318/307
f 389/318/307 390/319/306 391/320/306
f 392/321/308 389/318/307 391/320/306
f 393/322/309 394/323/310 395/324/311
f 396/325/311 393/322/309 395/324/311
f 397/326/312 393/322/309 396/325/311
f 398/327/313 397/326/312 396/325/311
f 394/323/310 393/322/309 302/247/240
f 304/249/242 394/323/310 302/247/240
f 305/250/243 394/323/310 304/249/242
f 393/322/309 397/326/312 301/246/239
f 302/247/240 393/322/309 301/246/239
f 399/328/314 400/323/315 305/250/243
f 399/328/314 401/329/316 400/323/315
f 401/329/316 402/324/317 400/323/315
f 307/251/243 399/328/314 305/250/243
f 403/330/318 404/331/319 405/331/320
f 406/330/320 403/330/318 405/331/320
f 407/331/321 404/331/319 403/330/318
f 408/330/322 407/331/321 403/330/318
f 407/331/321 408/330/322 409/332/323
f 410/333/324 407/331/321 409/332/323
f 410/333/324 409/332/323 411/333/48
f 409/332/323 412/332/47 411/333/48
f 412/332/47 413/332/325 411/333/48
f 413/332/325 414/333/325 411/333/48
f 414/333/325 413/332/325 415/334/326
f 413/332/325 416/335/327 415/334/326
f 417/330/328 406/330/320 405/331/320
f 418/331/329 417/330/328 405/331/320
f 418/331/329 419/331/330 417/330/328
f 419/331/330 420/330/331 417/330/328
f 421/336/332 422/337/333 423/337/334
f 424/336/335 421/336/332 423/337/334
f 422/337/333 421/336/332 425/335/336
f 426/338/336 422/337/333 425/335/336
f 427/338/337 426/338/336 425/335/336
f 428/335/338 427/338/337 425/335/336
f 429/339/339 430/339/340 431/340/339
f 431/340/339 432/340/339 429/339/339
f 432/340/339 433/340/339 429/339/339
f 433/340/339 434/340/339 429/339/339
f 430/339/340 435/339/339 431/340/339
f 435/339/339 436/331/339 431/340/339
f 436/331/339 437/341/339 431/340/339
f 436/331/339 438/331/341 437/341/339
f 438/331/341 439/341/339 437/341/339
f 438/331/341 440/341/339 439/341/339
f 438/331/341 441/342/339 440/341/339
f 441/342/339 442/343/339 440/341/339
f 443/344/342 444/345/343 445/346/342
f 443/344/342 445/346/342 446/347/343
f 447/344/343 443/344/342 446/347/343
f 447/344/343 446/347/343 448/348/342
f 449/344/342 447/344/343 448/348/342
f 449/344/342 448/348/342 450/344/342
f 448/348/342 451/348/343 450/344/342
f 451/348/343 452/349/342 450/344/342
f 453/346/342 445/346/342 444/345/343
f 444/345/343 454/345/342 453/346/342
f 454/345/342 455/350/342 453/346/342
f 455/350/342 456/350/342 453/346/342
f 457/351/342 453/346/342 456/350/342
f 458/350/342 457/351/342 456/350/342
f 459/287/344 460/243/345 461/254/346
f 462/286/346 459/287/344 461/254/346
f 462/286/346 461/254/346 463/256/347
f 464/266/220 462/286/346 463/256/347
f 464/266/220 463/256/347 465/259/348
f 466/263/348 464/266/220 465/259/348
f 466/263/348 465/259/348 467/262/349
f 460/243/345 459/287/344 468/288/350
f 469/242/350 460/243/345 468/288/350
f 469/242/350 468/288/350 470/240/351
f 471/352/352 472/353/353 473/354/354
f 474/355/355 471/352/352 473/354/354
f 473/354/354 472/353/353 475/354/356
f 472/353/353 476/353/356 475/354/356
f 475/354/356 476/353/356 477/356/357
f 476/353/356 478/348/357 477/356/357
f 477/356/357 478/348/357 479/356/358
f 478/348/357 480/348/359 479/356/358
f 479/356/358 480/348/359 481/356/360
f 480/348/359 482/348/361 481/356/360
f 481/356/360 482/348/361 483/356/362
f 482/348/361 484/348/363 483/356/362
f 474/355/355 485/355/364 471/352/352
f 485/355/364 486/352/364 471/352/352
f 487/357/365 488/358/365 489/358/366
f 490/357/367 487/357/365 489/358/366
f 491/359/368 490/357/367 489/358/366
f 492/360/369 491/359/368 489/358/366
f 492/360/369 493/360/362 491/359/368
f 493/360/362 494/359/370 491/359/368
f 495/290/371 496/361/371 497/362/372
f 498/238/372 495/290/371 497/362/372
f 496/361/371 495/290/371 499/363/373
f 495/290/371 500/291/374 499/363/373
f 499/363/373 500/291/374 501/364/375
f 500/291/374 502/293/376 501/364/375
f 501/364/375 502/293/376 503/365/377
f 502/293/376 504/295/378 503/365/377
f 504/295/378 505/298/379 503/365/377
f 506/361/380 507/366/381 508/367/382
f 509/362/383 506/361/380 508/367/382
f 510/368/384 507/366/381 506/361/380
f 511/369/385 510/368/384 506/361/380
f 511/369/385 506/361/380 512/363/386
f 513/370/387 511/369/385 512/363/386
f 514/371/388 513/370/387 512/363/386
f 515/364/389 514/371/388 512/363/386
f 516/372/390 514/371/388 515/364/389
f 517/365/391 516/372/390 515/364/389
f 518/373/392 516/372/390 517/365/391
f 519/298/393 518/373/392 517/365/391
f 507/366/381 520/374/394 508/367/382
f 520/374/394 521/375/395 508/367/382
f 521/375/395 520/374/394 522/376/396
f 520/374/394 523/377/397 522/376/396
f 523/377/397 524/378/398 522/376/396
f 524/378/398 525/379/399 522/376/396
f 526/225/400 527/367/401 528/375/402
f 529/251/403 526/225/400 528/375/402
f 526/225/400 530/224/404 527/367/401
f 527/367/401 530/224/404 531/238/405
f 532/362/406 527/367/401 531/238/405
f 529/251/403 528/375/402 533/328/407
f 528/375/402 534/376/408 533/328/407
f 533/328/407 534/376/408 535/379/409
f 536/329/410 533/328/407 535/379/409
f 537/380/411 538/381/411 539/382/412
f 540/383/411 538/381/411 537/380/411
f 541/384/411 538/381/411 540/383/411
f 541/384/411 540/383/411 542/385/411
f 540/383/411 543/386/411 542/385/411
f 537/380/411 539/382/412 544/387/411
f 545/388/411 537/380/411 544/387/411
f 546/389/365 545/388/411 544/387/411
f 547/390/411 546/389/365 544/387/411
f 547/390/411 548/391/413 546/389/365
f 546/389/365 548/391/413 549/392/414
f 550/393/415 546/389/365 549/392/414
f 551/394/416 550/393/415 549/392/414
f 548/391/413 552/395/411 549/392/414
f 549/392/414 552/395/411 553/396/411
f 549/392/414 553/396/411 554/397/411
f 555/398/411 549/392/414 554/397/411
f 552/395/411 556/399/411 553/396/411
f 557/400/416 550/393/415 551/394/416
f 558/401/416 557/400/416 551/394/416
f 548/391/413 559/402/411 552/395/411
f 559/402/411 560/403/411 552/395/411
f 559/402/411 561/404/411 560/403/411
f 561/404/411 562/405/411 560/403/411
f 561/404/411 563/406/411 562/405/411
f 563/406/411 564/407/411 562/405/411
f 563/406/411 565/408/411 564/407/411
f 565/408/411 566/409/411 564/407/411
f 555/398/411 554/397/411 567/410/411
f 568/411/411 555/398/411 567/410/411
f 567/410/411 569/412/411 568/411/411
f 569/412/411 570/413/411 568/411/411
f 569/412/411 571/414/411 570/413/411
f 571/414/411 572/415/411 570/413/411
f 573/416/417 572/415/411 571/414/411
f 574/417/418 573/416/417 571/414/411
f 572/415/411 573/416/417 575/418/411
f 575/418/411 573/416/417 574/417/418
f 576/419/411 572/415/411 575/418/411
f 577/420/411 576/419/411 575/418/411
f 578/421/411 577/420/411 575/418/411
f 579/422/411 575/418/411 574/417/418
f 580/423/411 575/418/411 579/422/411
f 581/424/411 580/423/411 579/422/411
f 581/424/411 579/422/411 582/425/411
f 583/426/411 581/424/411 582/425/411
f 580/423/411 581/424/411 584/427/411
f 583/426/411 582/425/411 566/409/411
f 565/408/411 583/426/411 566/409/411
f 580/423/411 584/427/411 542/385/411
f 543/386/411 580/423/411 542/385/411
f 577/420/411 578/421/411 585/428/411
f 586/429/411 577/420/411 585/428/411
f 587/430/411 586/429/411 585/428/411
f 588/431/411 587/430/411 585/428/411
f 587/430/411 588/431/411 589/432/411
f 588/431/411 590/433/418 589/432/411
f 588/431/411 585/428/411 590/433/418
f 587/430/411 589/432/411 591/434/411
f 589/432/411 592/435/411 591/434/411
f 591/434/411 592/435/411 593/436/411
f 592/435/411 594/437/365 593/436/411
f 595/438/411 593/436/411 594/437/365
f 596/439/411 595/438/411 594/437/365
f 597/440/419 595/438/411 596/439/411
f 598/441/411 597/440/419 596/439/411
f 599/442/411 597/440/419 598/441/411
f 600/443/411 599/442/411 598/441/411
f 599/442/411 601/444/420 597/440/419
f 601/444/420 602/445/411 597/440/419
f 602/445/411 603/446/421 597/440/419
f 603/446/421 604/447/422 597/440/419
f 603/446/421 557/400/416 604/447/422
f 557/400/416 558/401/416 604/447/422
f 605/448/411 601/444/420 599/442/411
f 606/449/411 605/448/411 599/442/411
f 607/450/411 605/448/411 606/449/411
f 608/451/411 607/450/411 606/449/411
f 609/452/411 607/450/411 608/451/411
f 610/453/411 609/452/411 608/451/411
f 611/454/411 609/452/411 610/453/411
f 612/455/411 611/454/411 610/453/411
f 613/456/411 611/454/411 612/455/411
f 614/457/411 613/456/411 612/455/411
f 615/458/411 613/456/411 614/457/411
f 616/459/411 615/458/411 614/457/411
f 617/460/411 615/458/411 616/459/411
f 585/428/411 617/460/411 616/459/411
f 615/458/411 617/460/411 618/461/411
f 585/428/411 616/459/411 590/433/418
f 618/461/411 617/460/411 619/462/411
f 617/460/411 620/463/411 619/462/411
f 620/463/411 621/464/411 619/462/411
f 621/464/411 622/465/411 619/462/411
f 623/466/411 622/465/411 621/464/411
f 623/466/411 621/464/411 624/467/411
f 623/466/411 624/467/411 625/468/411
f 625/468/411 624/467/411 626/469/411
f 624/467/411 627/470/411 626/469/411
f 627/470/411 602/445/411 626/469/411
f 602/445/411 628/471/411 626/469/411
f 601/444/420 628/471/411 602/445/411
f 629/472/423 630/472/424 631/472/425
f 632/473/426 629/472/423 631/472/425
f 631/472/425 633/474/427 632/473/426
f 633/474/427 634/473/428 632/473/426
f 634/473/428 633/474/427 635/473/429
f 633/474/427 636/474/429 635/473/429
f 630/472/424 629/472/423 637/472/430
f 630/472/424 637/472/430 638/472/431
f 639/472/432 630/472/424 638/472/431
f 639/472/432 638/472/431 640/475/433
f 641/475/434 639/472/432 640/475/433
f 641/475/434 640/475/433 642/475/435
f 643/476/436 641/475/434 642/475/435
f 644/476/436 643/476/436 642/475/435
f 643/476/436 644/476/436 645/477/436
f 646/477/437 643/476/436 645/477/436
f 647/477/438 646/477/437 645/477/436
f 648/478/439 646/477/437 647/477/438
f 649/478/440 648/478/439 647/477/438
f 650/478/441 648/478/439 649/478/440
f 651/478/442 650/478/441 649/478/440
f 652/478/443 650/478/441 651/478/442
f 650/478/441 652/478/443 653/478/444
f 652/478/443 654/479/445 653/478/444
f 655/479/446 653/478/444 654/479/445
f 656/479/447 655/479/446 654/479/445
f 655/479/446 656/479/447 657/479/448
f 658/479/448 655/479/446 657/479/448
f 659/480/449 660/481/450 661/482/451
f 662/483/304 659/480/449 661/482/451
f 660/481/450 663/484/452 661/482/451
f 663/484/452 664/485/300 661/482/451
f 664/485/300 663/484/452 665/486/453
f 666/487/454 664/485/300 665/486/453
f 664/485/300 666/487/454 667/488/455
f 659/480/449 662/483/304 668/489/304
f 669/490/449 659/480/449 668/489/304
f 660/481/450 670/491/456 663/484/452
f 670/491/456 671/492/457 663/484/452
f 660/481/450 659/480/449 672/493/456
f 670/491/456 660/481/450 672/493/456
f 659/480/449 669/490/449 673/494/456
f 672/493/456 659/480/449 673/494/456
f 673/494/456 669/490/449 674/495/458
f 669/490/449 675/496/450 674/495/458
f 669/490/449 668/489/304 675/496/450
f 668/489/304 676/497/459 675/496/450
f 677/498/83 665/486/453 663/484/452
f 671/492/457 677/498/83 663/484/452
f 671/492/457 670/491/456 678/499/460
f 677/498/83 671/492/457 678/499/460
f 670/491/456 679/500/461 678/499/460
f 679/500/461 670/491/456 672/493/456
f 678/499/460 679/500/461 680/501/462
f 679/500/461 681/502/463 680/501/462
f 681/502/463 679/500/461 672/493/456
f 681/502/463 672/493/456 673/494/456
f 681/502/463 682/503/464 680/501/462
f 683/504/465 678/499/460 680/501/462
f 678/499/460 683/504/465 684/505/466
f 684/505/466 677/498/83 678/499/460
f 683/504/465 685/506/467 684/505/466
f 685/506/467 683/504/465 686/507/468
f 682/503/464 681/502/463 687/508/464
f 681/502/463 688/509/463 687/508/464
f 688/509/463 681/502/463 673/494/456
f 688/509/463 673/494/456 674/495/458
f 689/510/461 688/509/463 674/495/458
f 687/508/464 688/509/463 689/510/461
f 690/511/469 687/508/464 689/510/461
f 691/512/470 692/71/471 693/70/472
f 694/513/473 691/512/470 693/70/472
f 695/514/472 696/515/474 697/496/474
f 698/497/473 695/514/472 697/496/474
f 696/515/474 699/516/475 697/496/474
f 699/516/475 700/495/475 697/496/474
f 700/495/475 699/516/475 701/510/476
f 699/516/475 702/517/476 701/510/476
f 702/517/476 703/518/477 701/510/476
f 703/518/477 704/511/478 701/510/476
f 705/82/479 706/519/480 707/66/481
f 708/64/479 705/82/479 707/66/481
f 707/66/481 706/519/480 709/68/482
f 706/519/480 710/520/482 709/68/482
f 710/520/482 711/70/483 709/68/482
f 712/521/484 713/522/485 714/285/486
f 713/522/485 715/235/487 714/285/486
f 715/235/487 716/236/487 714/285/486
f 717/523/488 718/524/489 719/525/490
f 720/526/454 717/523/488 719/525/490
f 719/525/490 718/524/489 721/527/491
f 718/524/489 722/528/289 721/527/491
f 721/527/491 722/528/289 723/529/492
f 722/528/289 724/530/493 723/529/492
f 720/526/454 719/525/490 725/531/494
f 726/532/495 720/526/454 725/531/494
f 719/525/490 721/527/491 727/533/496
f 727/533/496 728/534/497 719/525/490
f 719/525/490 728/534/497 729/531/498
f 727/533/496 730/531/499 728/534/497
f 721/527/491 731/535/500 727/533/496
f 721/527/491 723/529/492 732/536/500
f 731/535/500 721/527/491 732/536/500
f 733/280/501 734/320/470 735/277/502
f 736/537/356 737/538/356 738/539/503
f 739/540/503 736/537/356 738/539/503
f 740/541/356 739/540/503 738/539/503
f 741/542/356 740/541/356 738/539/503
f 740/541/356 742/543/504 739/540/503
f 742/543/504 743/544/505 739/540/503
f 738/539/503 737/538/356 744/545/503
f 737/538/356 745/546/356 744/545/503
f 745/546/356 746/547/356 744/545/503
f 746/547/356 747/548/503 744/545/503
f 748/549/506 747/548/503 746/547/356
f 749/550/324 748/549/506 746/547/356
f 747/548/503 750/551/507 744/545/503
f 750/551/507 751/552/507 744/545/503
f 749/550/324 752/553/508 748/549/506
f 752/553/508 753/554/509 748/549/506
f 754/555/510 744/545/503 751/552/507
f 754/555/510 755/556/324 744/545/503
f 747/548/503 756/557/503 750/551/507
f 753/554/509 757/558/511 748/549/506
f 748/549/506 757/558/511 758/559/512
f 759/560/513 748/549/506 758/559/512
f 760/561/514 748/549/506 759/560/513
f 761/562/515 760/561/514 759/560/513
f 762/563/516 761/562/515 759/560/513
f 763/564/517 761/562/515 762/563/516
f 764/565/518 763/564/517 762/563/516
f 765/566/519 764/565/518 762/563/516
f 766/567/520 765/566/519 762/563/516
f 767/568/521 766/567/520 762/563/516
f 752/553/508 749/550/324 768/569/506
f 768/569/506 749/550/324 746/547/356
f 769/570/356 768/569/506 746/547/356
f 769/570/356 746/547/356 770/571/356
f 746/547/356 745/546/356 770/571/356
f 771/572/522 769/570/356 770/571/356
f 772/573/522 771/572/522 770/571/356
f 773/574/508 752/553/508 768/569/506
f 770/571/356 774/575/523 772/573/522
f 775/576/323 774/575/523 770/571/356
f 776/577/356 769/570/356 771/572/522
f 745/546/356 737/538/356 770/571/356
f 737/538/356 777/578/356 770/571/356
f 737/538/356 736/537/356 777/578/356
f 736/537/356 778/579/356 777/578/356
f 778/579/356 779/580/503 777/578/356
f 779/580/503 780/581/503 777/578/356
f 781/582/521 779/580/503 778/579/356
f 782/583/524 781/582/521 778/579/356
f 783/584/508 773/574/508 768/569/506
f 783/584/508 768/569/506 784/585/509
f 785/586/509 783/584/508 784/585/509
f 785/586/509 784/585/509 786/587/509
f 784/585/509 787/588/509 786/587/509
f 788/589/508 786/587/509 787/588/509
f 789/590/508 788/589/508 787/588/509
f 790/591/458 791/592/525 792/592/526
f 793/591/458 790/591/458 792/592/526
f 794/593/527 792/592/526 791/592/525
f 791/592/525 795/593/527 794/593/527
f 794/593/527 795/593/527 796/594/528
f 797/594/528 794/593/527 796/594/528
f 797/594/528 796/594/528 798/595/529
f 796/594/528 799/595/529 798/595/529
f 799/595/529 800/596/530 798/595/529
f 800/596/530 801/596/531 798/595/529
f 800/596/530 802/597/532 801/596/531
f 802/597/532 803/597/533 801/596/531
f 790/591/458 793/591/458 804/598/534
f 805/598/535 790/591/458 804/598/534
f 806/599/536 805/598/535 804/598/534
f 804/598/534 807/599/537 806/599/536
f 806/599/536 808/600/538 805/598/535
f 806/599/536 807/599/537 809/601/539
f 807/599/537 810/601/539 809/601/539
f 809/601/539 810/601/539 811/602/540
f 812/602/541 809/601/539 811/602/540
f 813/603/542 812/602/541 811/602/540
f 814/603/542 813/603/542 811/602/540
f 815/604/543 813/603/542 814/603/542
f 816/604/544 815/604/543 814/603/542
f 817/592/525 818/592/545 819/593/546
f 820/605/547 821/605/505 822/597/533
f 823/597/532 820/605/547 822/597/533
f 824/606/356 825/606/356 826/605/504
f 827/605/548 824/606/356 826/605/504
f 825/606/356 824/606/356 828/607/521
f 824/606/356 829/607/549 828/607/521
f 830/608/550 831/609/551 832/312/552
f 833/306/553 830/608/550 832/312/552
f 830/608/550 833/306/553 834/305/554
f 835/610/555 830/608/550 834/305/554
f 836/313/556 832/312/552 831/609/551
f 837/611/556 836/313/556 831/609/551
f 835/610/555 834/305/554 838/227/557
f 834/305/554 839/303/558 838/227/557
f 839/303/558 840/226/559 838/227/557
f 841/320/560 842/319/561 843/278/562
f 844/277/560 841/320/560 843/278/562
f 842/319/561 845/612/563 843/278/562
f 845/612/563 842/319/561 846/613/564
f 842/319/561 847/317/565 846/613/564
f 846/613/564 847/317/565 848/614/566
f 847/317/565 849/315/567 848/614/566
f 848/614/566 849/315/567 850/611/568
f 849/315/567 851/313/569 850/611/568
f 852/194/570 853/196/571 854/615/572
f 855/616/570 852/194/570 854/615/572
f 854/615/572 853/196/571 856/613/270
f 853/196/571 857/197/573 856/613/270
f 852/194/570 855/616/570 858/195/574
f 855/616/570 859/231/575 858/195/574
f 857/197/573 860/192/576 856/613/270
f 860/192/576 861/612/577 856/613/270
f 860/192/576 862/193/578 861/612/577
f 862/193/578 863/198/579 861/612/577
f 863/198/579 864/200/580 861/612/577
f 864/200/580 865/521/581 861/612/577
f 865/521/581 864/200/580 866/522/582
f 864/200/580 867/201/583 866/522/582
f 866/522/582 867/201/583 868/204/584
f 869/235/584 866/522/582 868/204/584
f 870/616/585 871/175/586 872/174/587
f 873/231/587 870/616/585 872/174/587
f 871/175/586 870/616/585 874/181/588
f 870/616/585 875/615/589 874/181/588
f 874/181/588 875/615/589 876/182/590
f 875/615/589 877/613/591 876/182/590
f 877/613/591 878/614/592 876/182/590
f 878/614/592 879/183/593 876/182/590
f 878/614/592 880/611/593 879/183/593
f 880/611/593 881/184/593 879/183/593
f 880/611/593 882/609/594 881/184/593
f 881/184/593 882/609/594 883/180/595
f 882/609/594 884/608/596 883/180/595
f 884/608/596 885/610/597 883/180/595
f 885/610/597 886/179/598 883/180/595
f 885/610/597 887/227/599 886/179/598
f 887/227/599 888/185/600 886/179/598
f 889/521/183 346/285/191 334/273/191
f 336/275/264 889/521/183 334/273/191
f 890/612/601 889/521/183 336/275/264
f 339/278/193 890/612/601 336/275/264
f 891/592/411 892/591/411 893/606/411
f 894/605/411 891/592/411 893/606/411
f 891/592/411 894/605/411 895/597/411
f 896/592/411 891/592/411 895/597/411
f 896/592/411 895/597/411 897/596/411
f 897/596/411 898/595/412 896/592/411
f 896/592/411 898/595/412 899/593/365
f 898/595/412 900/594/602 899/593/365
f 892/591/411 901/598/411 893/606/411
f 901/598/411 902/607/411 893/606/411
f 903/604/412 902/607/411 901/598/411
f 901/598/411 904/603/411 903/604/412
f 901/598/411 905/600/411 904/603/411
f 905/600/411 906/602/411 904/603/411
f 906/602/411 905/600/411 907/599/411
f 908/601/411 906/602/411 907/599/411
f 909/617/603 910/618/604 911/619/605
f 912/620/606 909/617/603 911/619/605
f 913/621/607 911/619/605 910/618/604
f 914/622/608 911/619/605 913/621/607
f 910/618/604 915/623/609 913/621/607
f 915/623/609 916/624/610 913/621/607
f 912/620/606 911/619/605 917/625/611
f 911/619/605 918/622/612 917/625/611
f 909/617/613 919/620/614 920/626/614
f 921/627/615 909/617/613 920/626/614
f 920/626/614 919/620/614 922/628/616
f 919/620/614 923/625/617 922/628/616
f 924/629/618 925/630/619 926/631/620
f 925/630/619 924/629/618 927/632/621
f 928/633/622 925/630/619 927/632/621
f 927/632/621 929/634/623 928/633/622
f 929/634/623 927/632/621 930/635/624
f 931/636/625 929/634/623 930/635/624
f 932/637/626 931/636/625 930/635/624
f 927/632/621 933/638/627 930/635/624
f 930/635/624 933/638/627 934/639/628
f 935/640/629 930/635/624 934/639/628
f 936/641/617 931/636/625 932/637/626
f 924/629/618 926/631/620 937/642/630
f 934/639/628 924/629/618 937/642/630
f 935/640/629 934/639/628 937/642/630
f 935/640/629 937/642/630 938/643/631
f 939/644/631 935/640/629 938/643/631
f 940/645/632 939/644/631 938/643/631
f 941/646/633 940/645/632 938/643/631
f 942/647/634 940/645/632 941/646/633
f 943/648/635 940/645/632 942/647/634
f 944/649/636 943/648/635 942/647/634
f 944/649/636 945/650/637 943/648/635
f 945/650/637 946/651/638 943/648/635
f 946/651/638 945/650/637 947/652/639
f 948/653/640 947/652/639 945/650/637
f 949/654/641 948/653/640 945/650/637
f 949/654/641 942/647/634 941/646/633
f 948/653/640 949/654/641 950/655/642
f 950/655/642 949/654/641 941/646/633
f 946/651/638 951/656/643 943/648/635
f 951/656/643 952/657/644 943/648/635
f 951/656/643 953/658/645 952/657/644
f 954/659/646 955/660/647 956/661/648
f 957/662/649 954/659/646 956/661/648
f 958/663/649 957/662/649 956/661/648
f 959/664/648 958/663/649 956/661/648
f 960/665/650 961/666/650 962/667/651
f 963/668/651 960/665/650 962/667/651
f 961/666/650 960/665/650 964/669/652
f 960/665/650 965/670/653 964/669/652
f 965/670/653 966/671/654 964/669/652
f 966/671/654 967/672/655 964/669/652
f 967/672/655 968/660/656 964/669/652
f 969/673/657 968/660/656 967/672/655
f 970/674/658 969/673/657 967/672/655
f 971/675/659 969/673/657 970/674/658
f 972/676/660 971/675/659 970/674/658
f 973/677/661 971/675/659 972/676/660
f 974/678/662 973/677/661 972/676/660
f 975/679/607 973/677/661 974/678/662
f 976/680/608 975/679/607 974/678/662
f 973/677/661 975/679/607 977/681/663
f 975/679/607 978/682/610 977/681/663
f 968/660/656 969/673/657 979/683/664
f 969/673/657 980/684/665 979/683/664
f 969/673/657 971/675/659 981/685/666
f 980/684/665 969/673/657 981/685/666
f 973/677/661 977/681/663 981/685/666
f 971/675/659 973/677/661 981/685/666
f 979/683/664 982/686/667 968/660/656
f 982/686/667 983/661/667 968/660/656
f 983/661/667 982/686/667 984/664/668
f 982/686/667 985/687/669 984/664/668
f 986/688/670 984/664/668 985/687/669
f 984/664/668 986/688/670 987/689/671
f 984/664/668 987/689/671 988/690/672
f 987/689/671 989/691/673 988/690/672
f 989/691/673 990/692/674 988/690/672
f 990/692/674 991/693/675 988/690/672
f 991/693/675 992/694/675 988/690/672
f 992/694/675 991/693/675 962/667/651
f 991/693/675 963/668/651 962/667/651
f 986/688/670 993/695/676 987/689/671
f 986/688/670 994/696/677 993/695/676
f 994/696/677 995/697/678 993/695/676
f 994/696/677 996/698/679 995/697/678
f 996/698/679 997/699/680 995/697/678
f 996/698/679 998/700/681 997/699/680
f 998/700/681 999/701/682 997/699/680
f 998/700/681 996/698/679 1000/702/683
f 1001/703/684 998/700/681 1000/702/683
f 996/698/679 994/696/677 1002/704/685
f 1000/702/683 996/698/679 1002/704/685
f 994/696/677 986/688/670 1002/704/685
f 986/688/670 1003/705/686 1002/704/685
f 1003/705/686 986/688/670 985/687/669
f 1004/632/503 1005/629/503 1006/706/503
f 1007/707/503 1004/632/503 1006/706/503
f 1008/706/687 1009/629/687 1010/639/687
f 1011/708/688 1008/706/687 1010/639/687
f 1012/639/83 1013/638/83 1014/709/83
f 1015/708/83 1012/639/83 1014/709/83
f 1016/632/689 1017/707/689 1018/709/689
f 1019/638/690 1016/632/689 1018/709/689
f 1020/623/691 1021/372/691 1022/373/692
f 1023/624/693 1020/623/691 1022/373/692
f 1024/683/694 1025/684/88 1026/710/695
f 1027/711/88 1024/683/694 1026/710/695
f 1025/684/88 1028/685/696 1026/710/695
f 1028/685/696 1029/712/697 1026/710/695
f 1027/711/88 1030/713/83 1024/683/694
f 1030/713/83 1031/686/83 1024/683/694
f 1032/681/698 1029/712/697 1028/685/696
f 1032/681/698 1033/682/693 1029/712/697
f 1033/682/693 1034/714/692 1029/712/697
f 1031/686/83 1030/713/83 1035/687/86
f 1030/713/83 1036/715/84 1035/687/86
f 1035/687/86 1036/715/84 1037/716/699
f 1038/705/84 1035/687/86 1037/716/699
f 1039/704/700 1038/705/84 1037/716/699
f 1040/717/701 1039/704/700 1037/716/699
f 1040/717/701 1041/702/702 1039/704/700
f 1042/703/703 1041/702/702 1040/717/701
f 1043/718/704 1042/703/703 1040/717/701
f 1044/719/705 1045/666/706 1046/669/707
f 1045/666/706 1044/719/705 1047/667/84
f 1044/719/705 1048/720/86 1047/667/84
f 1044/719/705 1046/669/707 1049/659/708
f 1046/669/707 1050/660/708 1049/659/708
f 1048/720/86 1051/721/709 1047/667/84
f 1051/721/709 1052/694/710 1047/667/84
f 1052/694/710 1051/721/709 1053/690/711
f 1053/690/711 1051/721/709 1054/663/712
f 1055/664/712 1053/690/711 1054/663/712
f 1056/680/612 1057/678/713 1058/722/714
f 1059/723/611 1056/680/612 1058/722/714
f 1058/722/714 1057/678/713 1060/724/715
f 1057/678/713 1061/676/716 1060/724/715
f 1060/724/715 1061/676/716 1062/725/717
f 1061/676/716 1063/674/717 1062/725/717
f 1062/725/717 1063/674/717 1064/726/718
f 1063/674/717 1065/672/718 1064/726/718
f 1066/727/649 1067/728/647 1068/665/647
f 1069/668/649 1066/727/649 1068/665/647
f 1066/727/649 1069/668/649 1070/693/649
f 1071/729/649 1066/727/649 1070/693/649
f 1072/672/719 1073/671/720 1074/726/721
f 1074/726/721 1073/671/720 1075/730/722
f 1073/671/720 1076/670/723 1075/730/722
f 1075/730/722 1076/670/723 1077/728/724
f 1076/670/723 1078/665/725 1077/728/724
f 1079/731/726 1080/732/727 1081/733/727
f 1082/734/726 1079/731/726 1081/733/727
f 1083/735/728 1084/736/729 1085/737/729
f 1086/738/730 1083/735/728 1085/737/729
f 1084/736/729 1087/739/731 1085/737/729
f 1087/739/731 1088/740/732 1085/737/729
f 1089/356/14 1090/354/332 1091/354/733
f 1092/356/734 1089/356/14 1091/354/733
f 1092/356/734 1091/354/733 1093/356/735
f 1091/354/733 1094/354/735 1093/356/735
f 1090/354/332 1089/356/14 1095/741/18
f 1089/356/14 1096/742/18 1095/741/18
f 1097/743/736 1098/744/737 1099/745/83
f 1100/746/738 1097/743/736 1099/745/83
f 1097/743/736 1101/747/739 1098/744/737
f 1101/747/739 1102/748/739 1098/744/737
f 1102/748/739 1103/749/740 1098/744/737
f 1102/748/739 1104/750/741 1103/749/740
f 1104/750/741 1105/751/742 1103/749/740
f 1105/751/742 1106/752/743 1103/749/740
f 1103/749/740 1106/752/743 1107/753/456
f 1098/744/737 1103/749/740 1107/753/456
f 1099/745/83 1098/744/737 1107/753/456
f 1106/752/743 1108/754/744 1107/753/456
f 1106/752/743 1105/751/742 1109/755/745
f 1105/751/742 1110/756/746 1109/755/745
f 1105/751/742 1111/536/747 1110/756/746
f 1106/752/743 1109/755/745 1112/757/748
f 1108/754/744 1106/752/743 1112/757/748
f 1113/758/749 1100/746/738 1099/745/83
f 1108/754/744 1114/759/750 1107/753/456
f 1114/759/750 1108/754/744 1112/757/748
f 1114/759/750 1115/760/751 1107/753/456
f 1114/759/750 1116/761/752 1115/760/751
f 1116/761/752 1117/762/753 1115/760/751
f 1117/762/753 1118/763/754 1115/760/751
f 1115/760/751 1118/763/754 1119/764/755
f 1115/760/751 1119/764/755 1107/753/456
f 1119/764/755 1113/758/749 1099/745/83
f 1119/764/755 1099/745/83 1107/753/456
f 1120/765/754 1113/758/749 1119/764/755
f 1118/763/754 1120/765/754 1119/764/755
f 1116/761/752 1114/759/750 1121/766/756
f 1121/766/756 1114/759/750 1112/757/748
f 1122/767/757 1116/761/752 1121/766/756
f 1123/768/758 1116/761/752 1122/767/757
f 1124/751/759 1125/750/760 1126/535/761
f 1127/536/759 1124/751/759 1126/535/761
f 1125/750/760 1128/748/762 1126/535/761
f 1128/748/762 1129/533/376 1126/535/761
f 1129/533/376 1128/748/762 1130/531/763
f 1128/748/762 1131/747/764 1130/531/763
f 1131/747/764 1132/743/765 1130/531/763
f 1132/743/765 1133/532/765 1130/531/763
f 1134/769/766 1135/770/766 1136/378/766
f 1137/771/766 1134/769/766 1136/378/766
f 1138/772/314 1139/773/314 1140/770/315
f 1141/769/315 1138/772/314 1140/770/315
f 1139/773/314 1138/772/314 1142/774/767
f 1138/772/314 1143/775/768 1142/774/767
f 1143/775/768 1144/776/768 1142/774/767
f 1144/776/768 1145/777/768 1142/774/767
f 1146/327/303 1147/325/769 1148/774/770
f 1149/777/303 1146/327/303 1148/774/770
f 1148/774/770 1147/325/769 1150/773/771
f 1147/325/769 1151/324/771 1150/773/771
f 1150/773/771 1151/324/771 1152/329/772
f 1153/770/773 1150/773/771 1152/329/772
f 1154/329/774 1155/379/774 1156/770/774
f 1157/379/775 1158/378/775 1159/770/775
f 1160/327/776 1161/777/777 1162/776/337
f 358/289/279 357/226/278 1163/303/778
f 1164/778/779 1165/779/779 1166/780/780
f 1167/781/781 1164/778/779 1166/780/780
f 1165/779/779 1164/778/779 1168/782/782
f 1164/778/779 1169/783/783 1168/782/782
f 1167/781/781 1166/780/780 1170/784/784
f 1166/780/780 1171/785/785 1170/784/784
f 1171/785/785 1172/786/786 1170/784/784
f 1172/786/786 1173/787/787 1170/784/784
f 1168/782/782 1169/783/783 1174/788/788
f 1169/783/783 1175/789/788 1174/788/788
f 1175/789/788 1176/790/789 1174/788/788
f 1176/790/789 1177/791/789 1174/788/788
f 1176/790/789 1178/792/790 1177/791/789
f 1178/792/790 1179/793/790 1177/791/789
f 1179/793/790 1178/792/790 1180/794/791
f 1178/792/790 1181/795/792 1180/794/791
f 1180/794/791 1181/795/792 1182/796/793
f 1183/797/794 1180/794/791 1182/796/793
f 1184/798/795 1183/797/794 1182/796/793
f 1185/799/796 1184/798/795 1182/796/793
f 1186/784/797 1173/787/798 1187/800/799
f 1188/801/800 1186/784/797 1187/800/799
f 1189/781/801 1186/784/797 1188/801/800
f 1190/802/802 1189/781/801 1188/801/800
f 1189/781/801 1190/802/802 1191/803/803
f 1192/778/804 1189/781/801 1191/803/803
f 1193/783/805 1192/778/804 1191/803/803
f 1194/804/806 1193/783/805 1191/803/803
f 1195/805/807 1194/804/806 1191/803/803
f 1196/806/808 1195/805/807 1191/803/803
f 1197/807/809 1194/804/806 1195/805/807
f 1198/808/810 1197/807/809 1195/805/807
f 1198/808/810 1195/805/807 1199/809/811
f 1200/810/811 1198/808/810 1199/809/811
f 1201/789/812 1193/783/805 1194/804/806
f 1202/811/813 1201/789/812 1194/804/806
f 1188/801/800 1203/812/814 1190/802/802
f 1203/812/814 1188/801/800 1204/813/815
f 1205/814/816 1203/812/814 1204/813/815
f 1204/813/815 1206/815/817 1205/814/816
f 1206/815/817 1204/813/815 1207/816/818
f 1204/813/815 1208/817/819 1207/816/818
f 1204/813/815 1209/818/820 1208/817/819
f 1209/818/820 1204/813/815 1188/801/800
f 1209/818/820 1210/819/821 1208/817/819
f 1187/800/799 1209/818/820 1188/801/800
f 1211/820/822 1200/810/811 1199/809/811
f 1212/821/823 1211/820/822 1199/809/811
f 1213/822/824 1211/820/822 1212/821/823
f 1214/823/825 1213/822/824 1212/821/823
f 1201/789/812 1202/811/813 1214/823/825
f 1214/823/825 1212/821/823 1215/824/826
f 1212/821/823 1216/825/827 1215/824/826
f 1217/790/828 1214/823/825 1215/824/826
f 1217/790/828 1201/789/812 1214/823/825
f 1218/792/829 1217/790/828 1215/824/826
f 1219/795/830 1218/792/829 1215/824/826
f 1220/826/831 1219/795/830 1215/824/826
f 1219/795/830 1220/826/831 1221/827/832
f 1222/796/833 1219/795/830 1221/827/832
f 1222/796/833 1221/827/832 1223/828/834
f 1224/799/835 1222/796/833 1223/828/834
f 1223/828/834 1221/827/832 1225/829/836
f 1221/827/832 1226/830/837 1225/829/836
f 1226/830/837 1221/827/832 1220/826/831
f 1213/822/824 1214/823/825 1227/831/838
f 1214/823/825 1202/811/813 1227/831/838
f 1202/811/813 1194/804/806 1227/831/838
f 1194/804/806 1197/807/809 1227/831/838
f 1228/832/839 1226/830/837 1220/826/831
f 1228/832/839 1220/826/831 1215/824/826
f 1216/825/827 1228/832/839 1215/824/826
f 1229/833/840 1230/833/841 1231/833/841
f 1229/833/840 1231/833/841 1232/352/842
f 1229/833/840 1232/352/842 1233/833/843
f 1232/352/842 1234/352/844 1233/833/843
f 1233/833/843 1234/352/844 1235/834/845
f 1236/358/846 1233/833/843 1235/834/845
f 1236/358/846 1235/834/845 1237/358/330
f 1235/834/845 1238/834/847 1237/358/330
f 1231/833/841 1239/352/841 1232/352/842
f 1239/352/841 1240/352/841 1232/352/842
f 1241/835/848 1242/836/849 1243/837/786
f 1244/838/850 1241/835/848 1243/837/786
f 1241/835/848 1244/838/850 1245/839/851
f 1246/840/852 1241/835/848 1245/839/851
f 1244/838/850 1247/841/853 1245/839/851
f 1246/840/852 1248/842/854 1241/835/848
f 1248/842/854 1249/843/855 1241/835/848
f 1249/843/855 1248/842/854 1250/844/856
f 1248/842/854 1251/845/857 1250/844/856
f 1249/843/855 1250/844/856 1252/846/820
f 1253/847/799 1249/843/855 1252/846/820
f 1253/847/799 1242/836/849 1241/835/848
f 1249/843/855 1253/847/799 1241/835/848
f 1250/844/856 1254/848/821 1252/846/820
f 1254/848/821 1250/844/856 1251/845/857
f 1255/849/858 1254/848/821 1251/845/857
f 1251/845/857 1256/850/858 1255/849/858
f 1257/851/859 1258/852/860 1259/837/861
f 1258/852/860 1260/853/862 1259/837/861
f 1260/853/862 1261/838/863 1259/837/861
f 1260/853/862 1262/854/864 1261/838/863
f 1262/854/864 1263/841/865 1261/838/863
f 1264/785/866 1265/855/867 1266/856/859
f 1267/786/861 1264/785/866 1266/856/859
f 1264/785/866 1268/780/868 1265/855/867
f 1268/780/868 1269/9/868 1265/855/867
f 1269/9/868 1268/780/868 1270/10/869
f 1268/780/868 1271/779/868 1270/10/869
f 1271/779/868 1272/782/868 1270/10/869
f 1272/782/868 1273/11/868 1270/10/869
f 1273/11/868 1272/782/868 1274/17/870
f 1272/782/868 1275/788/871 1274/17/870
f 1275/788/871 1276/791/871 1274/17/870
f 1276/791/871 1277/23/870 1274/17/870
f 1277/23/870 1276/791/871 1278/26/871
f 1276/791/871 1279/793/870 1278/26/871
f 1279/793/870 1280/794/870 1278/26/871
f 1280/794/870 1281/27/870 1278/26/871
f 1281/27/870 1280/794/870 1282/857/872
f 1280/794/870 1283/797/873 1282/857/872
f 1282/857/872 1283/797/873 1284/858/874
f 1283/797/873 1285/798/875 1284/858/874
f 1203/812/814 1286/859/876 1190/802/802
f 1286/859/876 1287/860/809 1190/802/802
f 1287/860/809 1191/803/803 1190/802/802
f 1287/860/809 1288/861/877 1191/803/803
f 1191/803/803 1288/861/877 1196/806/808
f 1288/861/877 1289/862/877 1196/806/808
f 1290/807/878 1291/808/878 1292/863/879
f 1293/864/879 1290/807/878 1292/863/879
f 1294/831/324 1295/807/880 1296/864/880
f 1297/865/323 1294/831/324 1296/864/880
f 1294/831/324 1297/865/323 1298/866/323
f 1299/822/323 1294/831/324 1298/866/323
f 1300/863/881 1301/808/881 1302/810/881
f 1303/867/881 1300/863/881 1302/810/881
f 1304/868/882 1303/867/881 1302/810/881
f 1305/820/882 1304/868/882 1302/810/881
f 1306/869/883 1307/869/356 1308/833/503
f 1309/833/883 1306/869/883 1308/833/503
f 1308/833/503 1307/869/356 1310/833/884
f 1307/869/356 1311/869/885 1310/833/884
f 1312/338/886 1313/338/887 1314/870/888
f 1315/870/886 1312/338/886 1314/870/888
f 1314/870/888 1313/338/887 1316/870/889
f 1313/338/887 1317/338/890 1316/870/889
f 1316/870/889 1317/338/890 1318/870/891
f 1317/338/890 1319/338/891 1318/870/891
f 1320/869/892 1321/869/893 1322/833/894
f 1323/833/892 1320/869/892 1322/833/894
f 1322/833/894 1321/869/893 1324/338/895
f 1321/869/893 1325/870/895 1324/338/895
f 1326/870/896 1327/870/896 1328/338/896
f 1329/338/896 1326/870/896 1328/338/896
f 1328/338/896 1327/870/896 1330/338/896
f 1327/870/896 1331/870/896 1330/338/896
f 1330/338/896 1331/870/896 1332/338/896
f 1331/870/896 1333/870/896 1332/338/896
f 1334/52/897 1335/59/898 1336/54/898
f 1337/53/897 1334/52/897 1336/54/898
f 1335/59/898 1338/61/899 1336/54/898
f 1338/61/899 1339/57/900 1336/54/898
f 1340/871/901 1341/872/902 1342/873/903
f 1343/874/904 1340/871/901 1342/873/903
f 1341/872/902 1344/875/902 1342/873/903
f 1344/875/902 1345/876/903 1342/873/903
f 1346/410/45 1347/412/905 1348/412/905
f 1349/410/45 1346/410/45 1348/412/905
f 1350/397/906 1346/410/45 1349/410/45
f 1351/397/906 1350/397/906 1349/410/45
f 1352/396/907 1350/397/906 1351/397/906
f 1353/396/907 1352/396/907 1351/397/906
f 1348/412/905 1347/412/905 1354/414/908
f 1347/412/905 1355/414/909 1354/414/908
f 1354/414/908 1355/414/909 1356/417/910
f 1355/414/909 1357/417/911 1356/417/910
f 1356/417/910 1357/417/911 1358/422/912
f 1357/417/911 1359/422/912 1358/422/912
f 1358/422/912 1359/422/912 1360/425/913
f 1359/422/912 1361/425/914 1360/425/913
f 1360/425/913 1361/425/914 1362/409/186
f 1361/425/914 1363/409/186 1362/409/186
f 1362/409/186 1363/409/186 1364/407/342
f 1363/409/186 1365/407/342 1364/407/342
f 1364/407/342 1365/407/342 1366/405/915
f 1365/407/342 1367/405/916 1366/405/915
f 1366/405/915 1367/405/916 1368/403/565
f 1367/405/916 1369/403/565 1368/403/565
f 1368/403/565 1369/403/565 1370/395/917
f 1369/403/565 1371/395/918 1370/395/917
f 1370/395/917 1371/395/918 1372/399/919
f 1371/395/918 1373/399/920 1372/399/919
f 1372/399/919 1373/399/920 1353/396/907
f 1373/399/920 1352/396/907 1353/396/907
f 1374/391/921 1375/402/922 1376/402/923
f 1377/391/924 1374/391/921 1376/402/923
f 1376/402/923 1375/402/922 1378/404/925
f 1375/402/922 1379/404/925 1378/404/925
f 1378/404/925 1379/404/925 1380/406/45
f 1379/404/925 1381/406/45 1380/406/45
f 1380/406/45 1381/406/45 1382/408/926
f 1381/406/45 1383/408/927 1382/408/926
f 1382/408/926 1383/408/927 1384/426/928
f 1383/408/927 1385/426/929 1384/426/928
f 1384/426/928 1385/426/929 1386/424/930
f 1385/426/929 1387/424/930 1386/424/930
f 1386/424/930 1387/424/930 1388/427/931
f 1387/424/930 1389/427/912 1388/427/931
f 1390/390/932 1374/391/921 1377/391/924
f 1391/390/932 1390/390/932 1377/391/924
f 1392/387/933 1390/390/932 1391/390/932
f 1393/387/933 1392/387/933 1391/390/932
f 1394/382/934 1392/387/933 1393/387/933
f 1395/382/934 1394/382/934 1393/387/933
f 1396/381/342 1394/382/934 1395/382/934
f 1397/381/342 1396/381/342 1395/382/934
f 1398/384/187 1396/381/342 1397/381/342
f 1399/384/187 1398/384/187 1397/381/342
f 1400/385/220 1398/384/187 1399/384/187
f 1401/385/220 1400/385/220 1399/384/187
f 1389/427/912 1400/385/220 1401/385/220
f 1388/427/931 1389/427/912 1401/385/220
f 1402/877/411 1403/878/411 1404/879/411
f 1405/880/411 1402/877/411 1404/879/411
f 1403/878/411 1406/881/411 1404/879/411
f 1406/881/411 1407/882/411 1404/879/411
f 1407/882/411 1408/883/411 1404/879/411
f 1408/883/411 1409/884/411 1404/879/411
f 1409/884/411 1410/885/411 1404/879/411
f 1410/885/411 1411/886/411 1404/879/411
f 1411/886/411 1412/887/411 1404/879/411
f 1412/887/411 1413/888/411 1404/879/411
f 1413/888/411 1414/889/411 1404/879/411
f 1414/889/411 1415/890/411 1404/879/411
f 1416/891/411 1405/880/411 1404/879/411
f 1415/890/411 1416/891/411 1404/879/411
f 1417/892/411 1418/893/411 1419/894/411
f 1420/895/411 1417/892/411 1419/894/411
f 1418/893/411 1421/896/411 1419/894/411
f 1421/896/411 1422/897/411 1419/894/411
f 1423/898/411 1420/895/411 1419/894/411
f 1424/899/411 1423/898/411 1419/894/411
f 1422/897/411 1425/900/411 1419/894/411
f 1425/900/411 1426/901/411 1419/894/411
f 1426/901/411 1427/902/411 1419/894/411
f 1427/902/411 1428/903/411 1419/894/411
f 1428/903/411 1429/904/411 1419/894/411
f 1429/904/411 1430/905/411 1419/894/411
f 1431/906/411 1424/899/411 1419/894/411
f 1430/905/411 1431/906/411 1419/894/411
f 1432/49/342 1433/33/342 1434/39/342
f 1435/56/935 1436/57/935 1437/61/936
f 1438/60/936 1435/56/935 1437/61/936
f 1439/907/937 1440/908/938 1441/909/939
f 1442/910/939 1439/907/937 1441/909/939
f 1442/910/939 1441/909/939 1443/911/940
f 1443/911/940 1441/909/939 1444/912/941
f 1444/912/941 1441/909/939 1440/908/938
f 1445/913/942 1443/911/940 1444/912/941
f 1446/914/940 1442/910/939 1443/911/940
f 1447/915/943 1446/914/940 1443/911/940
f 1448/916/944 1447/915/943 1443/911/940
f 1449/917/945 1448/916/944 1443/911/940
f 1445/913/942 1449/917/945 1443/911/940
f 1450/918/946 1444/912/941 1440/908/938
f 1451/919/905 1452/920/947 1453/921/948
f 1454/922/949 1451/919/905 1453/921/948
f 1451/919/905 1454/922/949 1455/923/950
f 1456/924/951 1451/919/905 1455/923/950
f 1456/924/951 1455/923/950 1457/925/952
f 1458/926/953 1456/924/951 1457/925/952
f 1454/922/949 1453/921/948 1459/927/954
f 1453/921/948 1460/928/955 1459/927/954
f 1454/922/949 1459/927/954 1461/929/956
f 1455/923/950 1454/922/949 1461/929/956
f 1455/923/950 1461/929/956 1462/930/957
f 1457/925/952 1455/923/950 1462/930/957
f 1456/924/951 1458/926/953 1463/931/958
f 1464/932/959 1456/924/951 1463/931/958
f 1465/933/960 1464/932/959 1463/931/958
f 1464/932/959 1465/933/960 1466/934/905
f 1467/935/940 1464/932/959 1466/934/905
f 1456/924/951 1464/932/959 1467/935/940
f 1451/919/905 1456/924/951 1467/935/940
f 1452/920/947 1451/919/905 1467/935/940
f 1468/936/905 1467/935/940 1466/934/905
f 1469/937/927 1468/936/905 1466/934/905
f 1468/936/905 1452/920/947 1467/935/940
f 1470/205/961 1471/208/962 1472/207/37
f 1473/206/963 1470/205/961 1472/207/37
f 1474/209/964 1471/208/962 1470/205/961
f 1475/210/965 1474/209/964 1470/205/961
f 1476/211/27 1475/210/965 1470/205/961
f 1477/212/28 1476/211/27 1470/205/961
f 1477/212/28 1470/205/961 1473/206/963
f 1478/213/30 1477/212/28 1473/206/963
f 1475/210/965 1479/214/966 1474/209/964
f 1479/214/966 1475/210/965 1476/211/27
f 1479/214/966 1480/215/967 1474/209/964
f 1481/216/26 1479/214/966 1476/211/27
f 1482/217/968 1483/207/969 1484/208/970
f 1485/218/971 1482/217/968 1484/208/970
f 1486/219/972 1485/218/971 1484/208/970
f 1487/220/973 1486/219/972 1484/208/970
f 1488/209/974 1487/220/973 1484/208/970
f 1489/221/975 1487/220/973 1488/209/974
f 1490/215/976 1489/221/975 1488/209/974
f 148/111/117 1491/109/977 1492/107/978
f 138/104/108 148/111/117 1492/107/978
f 142/101/109 138/104/108 1492/107/978
f 1493/938/979 1494/939/979 1495/940/979
f 1496/941/979 1493/938/979 1495/940/979
f 1497/918/980 1498/942/980 1499/943/909
f 1498/942/980 1497/918/980 1500/908/981
f 1501/944/981 1498/942/980 1500/908/981
f 1502/945/982 1501/944/981 1500/908/981
f 1503/907/982 1502/945/982 1500/908/981
f 1502/945/982 1503/907/982 1504/946/983
f 1503/907/982 1505/947/983 1504/946/983
f 1505/947/983 1506/928/983 1504/946/983
f 1506/928/983 1507/948/983 1504/946/983
f 1508/949/984 1507/948/983 1506/928/983
f 1509/921/984 1508/949/984 1506/928/983
f 1508/949/984 1509/921/984 1510/950/985
f 1509/921/984 1511/920/981 1510/950/985
f 1511/920/981 1512/936/986 1510/950/985
f 1510/950/985 1512/936/986 1513/937/987
f 1510/950/985 1513/937/987 1514/951/987
f 1514/951/987 1515/952/987 1510/950/985
f 1516/941/988 1517/940/988 1518/953/989
f 1519/954/990 1516/941/988 1518/953/989
f 1516/941/988 1519/954/990 1520/955/991
f 1519/954/990 1521/956/992 1520/955/991
f 1520/955/991 1521/956/992 1522/957/993
f 1521/956/992 1523/958/994 1522/957/993
f 1523/958/994 1524/959/995 1522/957/993
f 1524/959/995 1525/960/996 1522/957/993
f 1522/957/993 1525/960/996 1526/961/997
f 1525/960/996 1527/962/998 1526/961/997
f 1528/963/999 1526/961/997 1527/962/998
f 1526/961/997 1528/963/999 1529/964/1000
f 1528/963/999 1530/965/1001 1529/964/1000
f 1530/965/1001 1531/966/1002 1529/964/1000
f 1531/966/1002 1532/938/1002 1529/964/1000
f 1531/966/1002 1533/967/1002 1532/938/1002
f 1533/967/1002 1534/939/1002 1532/938/1002
f 1526/961/997 1535/964/1003 1522/957/993
f 1535/964/1003 1536/955/1004 1522/957/993
f 1535/964/1003 1537/938/1005 1536/955/1004
f 1537/938/1005 1538/941/1005 1536/955/1004
f 1525/960/996 1524/959/995 1539/968/1006
f 1539/968/1006 1524/959/995 1540/969/1007
f 1524/959/995 1541/970/1007 1540/969/1007
f 1540/969/1007 1541/970/1007 1542/971/1008
f 1541/970/1007 1543/972/1009 1542/971/1008
f 1542/971/1008 1543/972/1009 1544/973/1009
f 1544/973/1009 1543/972/1009 1545/974/1010
f 1543/972/1009 1546/975/1011 1545/974/1010
f 1546/975/1011 1547/976/1012 1545/974/1010
f 1548/977/975 1547/976/1012 1546/975/1011
f 1549/978/1013 1548/977/975 1546/975/1011
f 1549/978/973 1550/979/1014 1551/980/972
f 1550/979/1014 1552/981/1015 1551/980/972
f 1550/979/1014 1553/982/1016 1552/981/1015
f 1553/982/1016 1554/983/1017 1552/981/1015
f 1554/983/1017 1555/984/941 1552/981/1015
f 1555/984/941 1556/985/949 1552/981/1015
f 1556/985/949 1555/984/941 1557/986/1018
f 1555/984/941 1558/987/1019 1557/986/1018
f 1555/984/941 1559/988/1020 1558/987/1019
f 1559/988/1020 1555/984/941 1560/989/951
f 1555/984/941 1561/990/1021 1560/989/951
f 1561/990/1021 1555/984/941 1554/983/1017
f 1559/988/1020 1560/989/951 1562/991/1022
f 1563/992/1023 1559/988/1020 1562/991/1022
f 1564/993/958 1563/992/1023 1562/991/1022
f 1565/994/953 1564/993/958 1562/991/1022
f 1563/992/1023 1564/993/958 1566/995/1024
f 1559/988/1020 1563/992/1023 1566/995/1024
f 1558/987/1019 1559/988/1020 1566/995/1024
f 1564/993/958 1567/996/1025 1566/995/1024
f 1568/997/1026 1556/985/949 1557/986/1018
f 1556/985/949 1568/997/1026 1569/998/1027
f 1568/997/1026 1570/999/969 1569/998/1027
f 1556/985/949 1569/998/1027 1571/1000/971
f 1552/981/1015 1556/985/949 1571/1000/971
f 1552/981/1015 1571/1000/971 1551/980/972
f 1560/989/951 1561/990/1021 1572/1001/951
f 1561/990/1021 1573/952/1028 1572/1001/951
f 1573/952/1028 1561/990/1021 1554/983/1017
f 1574/1002/1029 1573/952/1028 1554/983/1017
f 1575/950/1030 1573/952/1028 1574/1002/1029
f 1576/1003/1031 1575/950/1030 1574/1002/1029
f 1577/949/1032 1575/950/1030 1576/1003/1031
f 1578/1004/1032 1577/949/1032 1576/1003/1031
f 1574/1002/1029 1554/983/1017 1553/982/1016
f 1579/948/1033 1577/949/1032 1578/1004/1032
f 1521/956/992 1579/948/1033 1578/1004/1032
f 1580/946/1034 1579/948/1033 1521/956/992
f 1519/954/990 1580/946/1034 1521/956/992
f 1581/945/1035 1580/946/1034 1519/954/990
f 1581/945/1035 1519/954/990 1582/944/1036
f 1582/944/1036 1519/954/990 1583/942/1036
f 1519/954/990 1518/953/989 1583/942/1036
f 1584/1005/1037 1583/942/1036 1518/953/989
f 1585/1006/1038 1584/1005/1037 1518/953/989
f 1584/1005/1037 1585/1006/1038 1586/1007/941
f 1587/1008/939 1584/1005/1037 1586/1007/941
f 1587/1008/939 1586/1007/941 1588/1009/1039
f 1589/1010/1040 1587/1008/939 1588/1009/1039
f 1589/1010/1040 1588/1009/1039 1590/1011/1041
f 1591/1012/1042 1589/1010/1040 1590/1011/1041
f 1592/1013/1043 1591/1012/1042 1590/1011/1041
f 1592/1013/1043 1590/1011/1041 1593/1014/1044
f 1589/1010/1040 1591/1012/1042 1594/1015/1045
f 1591/1012/1042 1595/1016/1046 1594/1015/1045
f 1589/1010/1040 1594/1015/1045 1596/1017/1047
f 1597/1008/1048 1589/1010/1040 1596/1017/1047
f 1597/1008/1048 1596/1017/1047 1598/1018/1049
f 1599/1005/1050 1597/1008/1048 1598/1018/1049
f 1600/1019/1051 1599/1005/1050 1598/1018/1049
f 1600/1019/1051 1598/1018/1049 1601/1020/1052
f 1602/1021/1053 1600/1019/1051 1601/1020/1052
f 1602/1021/1053 1601/1020/1052 1603/1022/1054
f 1601/1020/1052 1604/1023/1055 1603/1022/1054
f 1603/1022/1054 1604/1023/1055 1605/1024/1056
f 1606/1025/1057 1603/1022/1054 1605/1024/1056
f 1607/1026/1058 1606/1025/1057 1605/1024/1056
f 1608/1027/1059 1607/1026/1058 1605/1024/1056
f 1606/1025/1057 1607/1026/1058 1609/1028/1060
f 1603/1022/1054 1606/1025/1057 1609/1028/1060
f 1607/1026/1058 1610/1029/1061 1609/1028/1060
f 1610/1029/1061 1607/1026/1058 1611/1030/462
f 1612/1031/1062 1610/1029/1061 1611/1030/462
f 1612/1031/1062 1611/1030/462 1613/1032/464
f 1614/1033/1063 1612/1031/1062 1613/1032/464
f 1614/1033/1063 1613/1032/464 1615/1034/462
f 1616/1035/1063 1614/1033/1063 1615/1034/462
f 1616/1035/1063 1615/1034/462 1617/1036/1063
f 1615/1034/462 1618/1037/1064 1617/1036/1063
f 1619/1038/1065 1620/1039/1066 1621/1040/1066
f 1622/1041/1067 1619/1038/1065 1621/1040/1066
f 1619/1038/1065 1623/1042/1068 1620/1039/1066
f 1623/1042/1068 1624/1043/1069 1620/1039/1066
f 1619/1038/1065 1622/1041/1067 1528/963/999
f 1622/1041/1067 1530/965/1001 1528/963/999
f 1622/1041/1067 1531/966/1002 1530/965/1001
f 1619/1038/1065 1528/963/999 1527/962/998
f 1623/1042/1068 1619/1038/1065 1527/962/998
f 1625/1044/1070 1533/967/1002 1531/966/1002
f 1626/1041/1071 1625/1044/1070 1531/966/1002
f 1627/1045/1072 1625/1044/1070 1626/1041/1071
f 1628/1040/1073 1627/1045/1072 1626/1041/1071
f 1629/1046/318 1630/1046/320 1631/336/320
f 1632/336/319 1629/1046/318 1631/336/320
f 1632/336/319 1633/336/321 1629/1046/318
f 1633/336/321 1634/1046/322 1629/1046/318
f 1634/1046/322 1633/336/321 1635/1047/880
f 1633/336/321 1636/337/506 1635/1047/880
f 1635/1047/880 1636/337/506 1637/337/1074
f 1638/1047/46 1635/1047/880 1637/337/1074
f 1639/1047/325 1638/1047/46 1637/337/1074
f 1640/337/325 1639/1047/325 1637/337/1074
f 1639/1047/325 1640/337/325 1641/1048/326
f 1642/1049/327 1639/1047/325 1641/1048/326
f 1630/1046/320 1643/1046/328 1631/336/320
f 1643/1046/328 1644/336/329 1631/336/320
f 1645/336/330 1644/336/329 1643/1046/328
f 1646/1046/331 1645/336/330 1643/1046/328
f 1647/338/332 1648/338/335 1649/335/334
f 1650/335/333 1647/338/332 1649/335/334
f 1647/338/332 1650/335/333 1651/833/1075
f 1650/335/333 1652/352/1075 1651/833/1075
f 1652/352/1075 1653/352/1076 1651/833/1075
f 1653/352/1076 1654/833/1077 1651/833/1075
f 1655/1050/1078 1656/1051/1079 1657/1051/1078
f 1657/1051/1078 1658/1050/1078 1655/1050/1078
f 1657/1051/1078 1659/1050/1078 1658/1050/1078
f 1657/1051/1078 1660/1051/1078 1659/1050/1078
f 1661/1051/1078 1656/1051/1079 1655/1050/1078
f 1662/1052/1080 1661/1051/1078 1655/1050/1078
f 1663/330/1078 1662/1052/1080 1655/1050/1078
f 1664/1052/1078 1662/1052/1080 1663/330/1078
f 1665/330/1078 1664/1052/1078 1663/330/1078
f 1666/330/1078 1664/1052/1078 1665/330/1078
f 1667/1053/1078 1664/1052/1078 1666/330/1078
f 1668/1054/1078 1667/1053/1078 1666/330/1078
f 1669/1055/45 1670/1055/45 1671/1056/45
f 1671/1056/45 1670/1055/45 1672/1057/45
f 1670/1055/45 1673/1055/1081 1672/1057/45
f 1672/1057/45 1673/1055/1081 1674/1057/1081
f 1673/1055/1081 1675/742/45 1674/1057/1081
f 1674/1057/1081 1675/742/45 1676/356/45
f 1677/1057/1081 1674/1057/1081 1676/356/45
f 1678/356/45 1677/1057/1081 1676/356/45
f 1669/1055/45 1671/1056/45 1679/1058/45
f 1679/1058/45 1680/1055/45 1669/1055/45
f 1679/1058/45 1681/1055/45 1680/1055/45
f 1682/1055/45 1681/1055/45 1679/1058/45
f 1679/1058/45 1683/1058/45 1682/1055/45
f 1683/1058/45 1684/1058/45 1682/1055/45
f 1685/1003/1082 1686/1002/1083 1687/970/1083
f 1688/959/1084 1685/1003/1082 1687/970/1083
f 1687/970/1083 1686/1002/1083 1689/972/1085
f 1686/1002/1083 1690/982/909 1689/972/1085
f 1689/972/1085 1690/982/909 1691/975/1086
f 1690/982/909 1692/979/1086 1691/975/1086
f 1691/975/1086 1692/979/1086 1693/978/1087
f 1685/1003/1082 1688/959/1084 1694/1004/1088
f 1688/959/1084 1695/958/1088 1694/1004/1088
f 1694/1004/1088 1695/958/1088 1696/956/1089
f 1697/352/352 1698/335/352 1699/332/354
f 1700/353/353 1697/352/352 1699/332/354
f 1700/353/353 1699/332/354 1701/332/356
f 1702/353/356 1700/353/353 1701/332/356
f 1702/353/356 1701/332/356 1703/332/357
f 1704/353/357 1702/353/356 1703/332/357
f 1704/353/357 1703/332/357 1705/330/358
f 1706/348/359 1704/353/357 1705/330/358
f 1706/348/359 1705/330/358 1707/330/360
f 1708/348/361 1706/348/359 1707/330/360
f 1708/348/361 1707/330/360 1709/330/362
f 1710/348/363 1708/348/361 1709/330/362
f 1711/335/1090 1698/335/352 1697/352/352
f 1712/352/364 1711/335/1090 1697/352/352
f 1713/833/411 1714/833/1091 1715/869/366
f 1716/869/411 1713/833/411 1715/869/366
f 1714/833/1091 1717/358/1092 1715/869/366
f 1717/358/1092 1718/357/1093 1715/869/366
f 1719/1059/362 1718/357/1093 1717/358/1092
f 1720/358/370 1719/1059/362 1717/358/1092
f 1721/1006/1094 1722/953/1095 1723/1060/1095
f 1724/1061/1094 1721/1006/1094 1723/1060/1095
f 1721/1006/1094 1724/1061/1094 1725/1062/1096
f 1726/1007/1097 1721/1006/1094 1725/1062/1096
f 1726/1007/1097 1725/1062/1096 1727/1063/1098
f 1728/1009/1099 1726/1007/1097 1727/1063/1098
f 1728/1009/1099 1727/1063/1098 1729/1064/1100
f 1730/1011/1101 1728/1009/1099 1729/1064/1100
f 1731/1014/1102 1730/1011/1101 1729/1064/1100
f 1732/1061/1103 1733/1060/1104 1734/1065/1105
f 1735/1066/1106 1732/1061/1103 1734/1065/1105
f 1735/1066/1106 1736/1067/1107 1732/1061/1103
f 1736/1067/1107 1737/1068/1108 1732/1061/1103
f 1732/1061/1103 1737/1068/1108 1738/1062/1034
f 1737/1068/1108 1739/1069/1109 1738/1062/1034
f 1739/1069/1109 1740/1070/1110 1738/1062/1034
f 1740/1070/1110 1741/1063/1111 1738/1062/1034
f 1740/1070/1110 1742/1071/1112 1741/1063/1111
f 1742/1071/1112 1743/1064/1113 1741/1063/1111
f 1742/1071/1112 1744/1072/1114 1743/1064/1113
f 1744/1072/1114 1745/1014/1114 1743/1064/1113
f 1746/1073/1115 1735/1066/1106 1734/1065/1105
f 1747/1074/1116 1746/1073/1115 1734/1065/1105
f 1746/1073/1115 1747/1074/1116 1748/1075/1117
f 1749/1076/1118 1746/1073/1115 1748/1075/1117
f 1750/1077/1119 1749/1076/1118 1748/1075/1117
f 1751/1078/1120 1750/1077/1119 1748/1075/1117
f 1752/939/1121 1753/967/1122 1754/1074/1123
f 1755/1065/1124 1752/939/1121 1754/1074/1123
f 1756/940/1125 1752/939/1121 1755/1065/1124
f 1756/940/1125 1755/1065/1124 1757/953/1126
f 1755/1065/1124 1758/1060/1127 1757/953/1126
f 1754/1074/1123 1753/967/1122 1759/1044/1128
f 1760/1075/1129 1754/1074/1123 1759/1044/1128
f 1760/1075/1129 1759/1044/1128 1761/1078/1130
f 1759/1044/1128 1762/1045/1131 1761/1078/1130
f 1763/1079/1132 1764/1080/478 1765/79/1133
f 1766/80/1134 1763/1079/1132 1765/79/1133
f 1767/85/1135 1768/73/1135 1769/75/1136
f 1770/1081/1137 1767/85/1135 1769/75/1136
f 1770/1081/1137 1769/75/1136 1771/77/1138
f 1772/1082/1138 1770/1081/1137 1771/77/1138
f 1773/79/1139 1772/1082/1138 1771/77/1138
f 1774/1083/1140 1775/1084/1141 1776/1001/1142
f 1777/951/1143 1774/1083/1140 1776/1001/1142
f 1778/952/1143 1777/951/1143 1776/1001/1142
f 1779/1085/1144 1780/1086/467 1781/1087/1145
f 1782/1088/1146 1779/1085/1144 1781/1087/1145
f 1782/1088/1146 1781/1087/1145 1783/1089/1147
f 1784/1090/1047 1782/1088/1146 1783/1089/1147
f 1784/1090/1047 1783/1089/1147 1785/1091/1148
f 1786/1092/1149 1784/1090/1047 1785/1091/1148
f 1781/1087/1145 1780/1086/467 1787/1093/1150
f 1780/1086/467 1788/1094/1151 1787/1093/1150
f 1789/1095/1152 1783/1089/1147 1781/1087/1145
f 1781/1087/1145 1790/1096/1153 1789/1095/1152
f 1790/1096/1153 1781/1087/1145 1791/1093/1154
f 1790/1096/1153 1792/1093/1155 1789/1095/1152
f 1793/1097/1156 1783/1089/1147 1789/1095/1152
f 1783/1089/1147 1793/1097/1156 1794/768/1157
f 1785/1091/1148 1783/1089/1147 1794/768/1157
f 1795/1036/1132 1796/996/1158 1797/993/1159
f 1798/607/1160 1799/604/543 1800/604/544
f 1801/607/524 1798/607/1160 1800/604/544
f 1802/1098/1161 1803/1022/1162 1804/1028/1163
f 1805/1099/1164 1802/1098/1161 1804/1028/1163
f 1803/1022/1162 1802/1098/1161 1806/1021/1165
f 1802/1098/1161 1807/1100/1166 1806/1021/1165
f 1804/1028/1163 1808/1029/1167 1805/1099/1164
f 1808/1029/1167 1809/1101/1167 1805/1099/1164
f 1806/1021/1165 1807/1100/1166 1810/943/1168
f 1811/1019/1169 1806/1021/1165 1810/943/1168
f 1812/942/1170 1811/1019/1169 1810/943/1168
f 1813/1036/1171 1814/993/1172 1815/994/1173
f 1816/1035/1174 1813/1036/1171 1815/994/1173
f 1817/1102/1175 1816/1035/1174 1815/994/1173
f 1816/1035/1174 1817/1102/1175 1818/1103/1176
f 1819/1033/1177 1816/1035/1174 1818/1103/1176
f 1819/1033/1177 1818/1103/1176 1820/1104/1178
f 1821/1031/1179 1819/1033/1177 1820/1104/1178
f 1821/1031/1179 1820/1104/1178 1822/1101/1180
f 1823/1029/1181 1821/1031/1179 1822/1101/1180
f 1824/927/1182 1825/1105/1182 1826/1106/1183
f 1827/929/1184 1824/927/1182 1826/1106/1183
f 1827/929/1184 1826/1106/1183 1828/1103/1028
f 1829/930/1185 1827/929/1184 1828/1103/1028
f 1825/1105/1182 1824/927/1182 1830/928/1186
f 1831/947/1186 1825/1105/1182 1830/928/1186
f 1832/925/1187 1829/930/1185 1828/1103/1028
f 1833/1102/1188 1832/925/1187 1828/1103/1028
f 1834/926/1189 1832/925/1187 1833/1102/1188
f 1835/931/1190 1834/926/1189 1833/1102/1188
f 1836/933/1191 1835/931/1190 1833/1102/1188
f 1837/1084/1192 1836/933/1191 1833/1102/1188
f 1836/933/1191 1837/1084/1192 1838/1083/1193
f 1839/934/1194 1836/933/1191 1838/1083/1193
f 1839/934/1194 1838/1083/1193 1840/937/1195
f 1838/1083/1193 1841/951/1195 1840/937/1195
f 1842/1105/1196 1843/947/1197 1844/907/1197
f 1845/910/1198 1842/1105/1196 1844/907/1197
f 1842/1105/1196 1845/910/1198 1846/914/1199
f 1847/1106/1200 1842/1105/1196 1846/914/1199
f 1847/1106/1200 1846/914/1199 1848/915/1201
f 1849/1103/1202 1847/1106/1200 1848/915/1201
f 1850/1104/1203 1849/1103/1202 1848/915/1201
f 1851/916/1015 1850/1104/1203 1848/915/1201
f 1852/1101/1015 1850/1104/1203 1851/916/1015
f 1853/917/1015 1852/1101/1015 1851/916/1015
f 1854/1099/1204 1852/1101/1015 1853/917/1015
f 1854/1099/1204 1853/917/1015 1855/913/1205
f 1856/1098/1206 1854/1099/1204 1855/913/1205
f 1857/1100/1207 1856/1098/1206 1855/913/1205
f 1858/912/1208 1857/1100/1207 1855/913/1205
f 1859/943/1209 1857/1100/1207 1858/912/1208
f 1860/918/1210 1859/943/1209 1858/912/1208
f 1861/1084/944 1562/991/1022 1560/989/951
f 1572/1001/951 1861/1084/944 1560/989/951
f 1861/1084/944 1862/1102/1211 1562/991/1022
f 1862/1102/1211 1565/994/953 1562/991/1022
f 1863/1107/1212 1864/1108/1213 1865/1109/1214
f 1866/1110/1215 1863/1107/1212 1865/1109/1214
f 1866/1110/1215 1865/1109/1214 1867/1111/681
f 1865/1109/1214 1868/1112/682 1867/1111/681
f 1867/1111/681 1869/1113/1216 1866/1110/1215
f 1867/1111/681 1870/1114/684 1869/1113/1216
f 1865/1109/1214 1864/1108/1213 1871/1115/1217
f 1872/1112/1218 1865/1109/1214 1871/1115/1217
f 1863/1107/1219 1873/1116/1220 1874/1117/1221
f 1875/1108/1221 1863/1107/1219 1874/1117/1221
f 1875/1108/1221 1874/1117/1221 1876/1118/1222
f 1877/1115/645 1875/1108/1221 1876/1118/1222
f 1878/650/356 1879/1119/356 1880/1120/356
f 1881/654/356 1878/650/356 1880/1120/356
f 1882/1120/1223 1883/1121/1224 1884/647/1223
f 1885/654/1223 1882/1120/1223 1884/647/1223
f 1886/647/87 1887/1121/87 1888/1122/87
f 1889/649/87 1886/647/87 1888/1122/87
f 1890/650/1225 1891/649/1226 1892/1122/1225
f 1893/1119/1226 1890/650/1225 1892/1122/1225
f 1894/1113/1227 1895/1114/1228 1896/1072/704
f 1897/1071/1227 1894/1113/1227 1896/1072/704
f 1898/701/1218 1899/1123/1229 1900/1124/1230
f 1901/699/1231 1898/701/1218 1900/1124/1230
f 1901/699/1231 1900/1124/1230 1902/1125/1232
f 1903/697/1233 1901/699/1231 1902/1125/1232
f 1903/697/1233 1902/1125/1232 1904/1126/1234
f 1905/695/1234 1903/697/1233 1904/1126/1234
f 1905/695/1234 1904/1126/1234 1906/1127/1235
f 1907/689/1235 1905/695/1234 1906/1127/1235
f 1908/691/1236 1909/689/1237 1910/1127/1238
f 1908/691/1236 1910/1127/1238 1911/1128/1239
f 1912/692/1240 1908/691/1236 1911/1128/1239
f 1912/692/1240 1911/1128/1239 1913/729/1241
f 1914/693/1242 1912/692/1240 1913/729/1241
f 1915/1129/1243 1916/1130/1243 1917/1131/1244
f 1918/1132/1243 1915/1129/1243 1917/1131/1244
f 1919/1133/1245 1920/1133/734 1921/741/733
f 1922/741/1246 1919/1133/1245 1921/741/733
f 1921/741/733 1920/1133/734 1923/355/735
f 1924/354/735 1921/741/733 1923/355/735
f 1919/1133/1245 1922/741/1246 1925/741/1247
f 1926/1133/1247 1919/1133/1245 1925/741/1247
f 1927/761/1248 1928/768/1248 1929/1097/1249
f 1930/762/1250 1927/761/1248 1929/1097/1249
f 1931/763/1251 1930/762/1250 1929/1097/1249
f 1932/1095/1099 1931/763/1251 1929/1097/1249
f 1931/763/1251 1932/1095/1099 1933/1093/1252
f 1934/765/1253 1931/763/1251 1933/1093/1252
f 1935/758/1254 1934/765/1253 1933/1093/1252
f 1936/1094/1254 1935/758/1254 1933/1093/1252
f 1937/1134/1255 1938/1135/1256 1939/1077/1256
f 1940/1136/1257 1937/1134/1255 1939/1077/1256
f 1941/1137/1070 1937/1134/1255 1940/1136/1257
f 1942/1138/1070 1941/1137/1070 1940/1136/1257
f 1941/1137/1070 1942/1138/1070 1943/1139/1258
f 1944/1140/1258 1941/1137/1070 1943/1139/1258
f 1945/1141/1258 1944/1140/1258 1943/1139/1258
f 1946/1142/1258 1945/1141/1258 1943/1139/1258
f 1947/1043/1061 1948/1142/1061 1949/1139/1259
f 1950/1039/1260 1947/1043/1061 1949/1139/1259
f 1950/1039/1260 1949/1139/1259 1951/1138/1261
f 1952/1040/1261 1950/1039/1260 1951/1138/1261
f 1952/1040/1261 1951/1138/1261 1953/1045/1262
f 1951/1138/1261 1954/1136/1262 1953/1045/1262
f 1955/1078/1263 1956/1045/1264 1957/1136/1263
f 1958/1077/1265 1955/1078/1263 1957/1136/1263
f 1959/1142/1266 1960/1043/1267 1961/1141/1076
f 1583/942/1036 1584/1005/1037 1962/1019/1268
f 1963/834/841 1964/834/840 1965/834/841
f 1965/834/841 1964/834/840 1966/358/842
f 1966/358/842 1964/834/840 1967/834/843
f 1968/358/844 1966/358/842 1967/834/843
f 1968/358/844 1967/834/843 1969/360/845
f 1967/834/843 1970/355/846 1969/360/845
f 1969/360/845 1970/355/846 1971/355/330
f 1972/360/847 1969/360/845 1971/355/330
f 1973/358/841 1965/834/841 1966/358/842
f 1974/358/1269 1973/358/841 1966/358/842
f 1975/1143/1270 1976/1144/1271 1977/1145/795
f 1978/1146/796 1975/1143/1270 1977/1145/795
f 1976/1144/1271 1975/1143/1270 1979/1147/1272
f 1975/1143/1270 1980/1148/1273 1979/1147/1272
f 1981/1149/1274 1976/1144/1271 1979/1147/1272
f 1982/1150/1275 1980/1148/1273 1975/1143/1270
f 1983/1151/1276 1982/1150/1275 1975/1143/1270
f 1982/1150/1275 1983/1151/1276 1984/1152/1277
f 1985/1153/1278 1982/1150/1275 1984/1152/1277
f 1985/1153/1278 1984/1152/1277 1986/1154/1279
f 1984/1152/1277 1987/1155/1280 1986/1154/1279
f 1984/1152/1277 1988/1156/834 1987/1155/1280
f 1988/1156/834 1983/1151/1276 1975/1143/1270
f 1978/1146/796 1988/1156/834 1975/1143/1270
f 1984/1152/1277 1983/1151/1276 1988/1156/834
f 1989/1157/1281 1990/1158/874 1991/1145/875
f 1992/1159/1282 1989/1157/1281 1991/1145/875
f 1993/1144/1283 1992/1159/1282 1991/1145/875
f 1994/1160/1284 1992/1159/1282 1993/1144/1283
f 1995/1149/1285 1994/1160/1284 1993/1144/1283
f 1996/822/1286 1997/866/1287 1998/868/1287
f 1999/820/1286 1996/822/1286 1998/868/1287
f 2000/437/342 2001/437/342 2002/435/186
f 2003/435/186 2000/437/342 2002/435/186
f 2000/437/342 2004/439/934 2001/437/342
f 2004/439/934 2005/439/934 2001/437/342
f 2004/439/934 2006/441/1288 2005/439/934
f 2006/441/1288 2007/441/1288 2005/439/934
f 2003/435/186 2002/435/186 2008/432/220
f 2009/432/1289 2003/435/186 2008/432/220
f 2009/432/1289 2008/432/220 2010/433/1290
f 2011/433/1291 2009/432/1289 2010/433/1290
f 2011/433/1291 2010/433/1290 2012/459/1292
f 2013/459/1292 2011/433/1291 2012/459/1292
f 2013/459/1292 2012/459/1292 2014/457/928
f 2015/457/929 2013/459/1292 2014/457/928
f 2015/457/929 2014/457/928 2016/455/905
f 2017/455/905 2015/457/929 2016/455/905
f 2017/455/905 2016/455/905 2018/453/45
f 2019/453/45 2017/455/905 2018/453/45
f 2019/453/45 2018/453/45 2020/451/1293
f 2021/451/1294 2019/453/45 2020/451/1293
f 2021/451/1294 2020/451/1293 2022/449/922
f 2023/449/922 2021/451/1294 2022/449/922
f 2023/449/922 2022/449/922 2024/442/1295
f 2025/442/1296 2023/449/922 2024/442/1295
f 2025/442/1296 2024/442/1295 2026/443/932
f 2027/443/1297 2025/442/1296 2026/443/932
f 2027/443/1297 2026/443/932 2007/441/1288
f 2006/441/1288 2027/443/1297 2007/441/1288
f 2028/444/1298 2029/444/1299 2030/448/933
f 2031/448/565 2028/444/1298 2030/448/933
f 2031/448/565 2030/448/933 2032/450/1300
f 2033/450/1300 2031/448/565 2032/450/1300
f 2033/450/1300 2032/450/1300 2034/452/342
f 2035/452/342 2033/450/1300 2034/452/342
f 2035/452/342 2034/452/342 2036/454/181
f 2037/454/201 2035/452/342 2036/454/181
f 2037/454/201 2036/454/181 2038/456/913
f 2039/456/914 2037/454/201 2038/456/913
f 2039/456/914 2038/456/913 2040/458/1301
f 2041/458/1301 2039/456/914 2040/458/1301
f 2041/458/1301 2040/458/1301 2042/461/1302
f 2043/461/1292 2041/458/1301 2042/461/1302
f 2028/444/1298 2044/471/919 2029/444/1299
f 2044/471/919 2045/471/919 2029/444/1299
f 2044/471/919 2046/469/923 2045/471/919
f 2046/469/923 2047/469/923 2045/471/919
f 2046/469/923 2048/468/906 2047/469/923
f 2048/468/906 2049/468/906 2047/469/923
f 2048/468/906 2050/466/45 2049/468/906
f 2050/466/45 2051/466/45 2049/468/906
f 2050/466/45 2052/465/949 2051/466/45
f 2052/465/949 2053/465/949 2051/466/45
f 2052/465/949 2054/462/909 2053/465/949
f 2054/462/909 2055/462/909 2053/465/949
f 2043/461/1292 2042/461/1302 2055/462/909
f 2054/462/909 2043/461/1292 2055/462/909
f 2056/877/411 2057/880/411 2058/879/411
f 2059/878/411 2056/877/411 2058/879/411
f 2060/881/411 2059/878/411 2058/879/411
f 2061/882/411 2060/881/411 2058/879/411
f 2062/883/411 2061/882/411 2058/879/411
f 2063/884/411 2062/883/411 2058/879/411
f 2064/885/411 2063/884/411 2058/879/411
f 2065/886/411 2064/885/411 2058/879/411
f 2066/887/411 2065/886/411 2058/879/411
f 2067/888/411 2066/887/411 2058/879/411
f 2068/889/411 2067/888/411 2058/879/411
f 2069/890/411 2068/889/411 2058/879/411
f 2070/891/411 2069/890/411 2058/879/411
f 2057/880/411 2070/891/411 2058/879/411
f 2071/892/411 2072/895/411 2073/894/411
f 2074/893/411 2071/892/411 2073/894/411
f 2075/896/411 2074/893/411 2073/894/411
f 2076/897/411 2075/896/411 2073/894/411
f 2072/895/411 2077/898/411 2073/894/411
f 2077/898/411 2078/899/411 2073/894/411
f 2079/900/411 2076/897/411 2073/894/411
f 2080/901/411 2079/900/411 2073/894/411
f 2081/902/411 2080/901/411 2073/894/411
f 2082/903/411 2081/902/411 2073/894/411
f 2083/904/411 2082/903/411 2073/894/411
f 2084/905/411 2083/904/411 2073/894/411
f 2085/906/411 2084/905/411 2073/894/411
f 2078/899/411 2085/906/411 2073/894/411
o alettone_geo_#370553
v -0.518804 1.189773 1.301037
v -0.553626 1.281854 1.235448
v -0.537406 1.281803 1.237543
v -0.506521 1.196920 1.295749
v -0.326279 1.196751 1.316209
v -0.326650 1.202444 1.307305
v -0.143739 1.198136 1.324539
v -0.143790 1.205705 1.316801
v -0.000008 1.199065 1.327242
v -0.000008 1.206956 1.318220
v 0.143790 1.205705 1.316801
v 0.143739 1.198136 1.324539
v 0.326651 1.202444 1.307305
v 0.326279 1.196751 1.316209
v 0.506521 1.196920 1.295749
v 0.518804 1.189773 1.301037
v 0.537406 1.281803 1.237543
v 0.553626 1.281854 1.235448
v -0.336974 1.349385 1.418664
v -0.326650 1.202444 1.307305
v -0.506521 1.196920 1.295749
v -0.508480 1.351649 1.405823
v -0.143790 1.205705 1.316801
v -0.153589 1.348912 1.428480
v -0.000008 1.206956 1.318220
v -0.000008 1.348608 1.431505
v 0.153589 1.348912 1.428480
v 0.143790 1.205705 1.316801
v 0.336974 1.349385 1.418664
v 0.326651 1.202444 1.307305
v 0.506521 1.196920 1.295749
v 0.508480 1.351649 1.405823
v -0.537406 1.281803 1.237543
v -0.508480 1.351649 1.405823
v -0.506521 1.196920 1.295749
v -0.518804 1.189773 1.301037
v -0.326279 1.196751 1.316209
v -0.336146 1.348540 1.434512
v -0.520612 1.350568 1.417752
v -0.153555 1.347713 1.443889
v -0.143739 1.198136 1.324539
v -0.000008 1.347544 1.446525
v -0.000008 1.199065 1.327242
v 0.143739 1.198136 1.324539
v 0.153555 1.347713 1.443889
v 0.326279 1.196751 1.316209
v 0.336146 1.348540 1.434512
v 0.518804 1.189773 1.301037
v 0.520612 1.350568 1.417752
v -0.553626 1.281854 1.235448
v -0.518804 1.189773 1.301037
v -0.520612 1.350568 1.417752
v -0.537406 1.281803 1.237543
v -0.553626 1.281854 1.235448
v -0.520612 1.350568 1.417752
v -0.508480 1.351649 1.405823
v -0.336146 1.348540 1.434512
v -0.336974 1.349385 1.418664
v -0.153555 1.347713 1.443889
v -0.153589 1.348912 1.428480
v -0.000008 1.347544 1.446525
v -0.000008 1.348608 1.431505
v 0.153589 1.348912 1.428480
v 0.153555 1.347713 1.443889
v 0.336974 1.349385 1.418664
v 0.336146 1.348540 1.434512
v 0.508480 1.351649 1.405823
v 0.520612 1.350568 1.417752
v 0.537406 1.281803 1.237543
v 0.553626 1.281854 1.235448
v 0.508480 1.351649 1.405823
v 0.537406 1.281803 1.237543
v 0.506521 1.196920 1.295749
v 0.518804 1.189773 1.301037
v 0.553626 1.281854 1.235448
v 0.520612 1.350568 1.417752
vn 0.0561 -0.6398 -0.7665
vn 0.0486 -0.5610 -0.8264
vn 0.0636 -0.6893 -0.7217
vn 0.0561 -0.7730 -0.6319
vn 0.0262 -0.7621 -0.6469
vn 0.0262 -0.7622 -0.6469
vn -0.0037 -0.7362 -0.6768
vn -0.0262 -0.7621 -0.6469
vn -0.0561 -0.7730 -0.6319
vn -0.0636 -0.6893 -0.7217
vn -0.0561 -0.6398 -0.7665
vn -0.0486 -0.5610 -0.8264
vn 0.0412 0.6033 -0.7965
vn 0.0411 0.6033 -0.7964
vn 0.0486 0.5927 -0.8039
vn 0.0261 0.6139 -0.7890
vn 0.0262 0.6139 -0.7890
vn -0.0037 0.6239 -0.7815
vn -0.0262 0.6139 -0.7889
vn -0.0261 0.6139 -0.7890
vn -0.0411 0.6033 -0.7964
vn -0.0485 0.5927 -0.8039
vn -0.0486 0.5927 -0.8039
vn 0.9535 0.1783 -0.2431
vn -0.0561 -0.6021 0.7964
vn -0.0486 -0.6125 0.7890
vn -0.0261 -0.6233 0.7816
vn -0.0262 -0.6234 0.7815
vn -0.0038 -0.6239 0.7815
vn -0.0037 -0.6239 0.7815
vn 0.0261 -0.6234 0.7815
vn 0.0262 -0.6234 0.7815
vn 0.0486 -0.6125 0.7890
vn 0.0561 -0.6021 0.7964
vn -0.9535 -0.1783 0.2430
vn -0.1532 0.9278 -0.3403
vn -0.0860 0.9820 -0.1682
vn -0.0786 0.9873 -0.1383
vn 0.0037 0.9975 0.0710
vn 0.0037 0.9975 0.0711
vn -0.0037 0.9975 0.0710
vn -0.0037 0.9975 0.0711
vn 0.0786 0.9873 -0.1383
vn 0.0860 0.9820 -0.1682
vn 0.1532 0.9278 -0.3403
vn -0.9535 0.1783 -0.2431
vn 0.9535 -0.1783 0.2430
vt 0.980065 0.076618
vt 0.981981 0.076618
vt 0.982939 0.077576
vt 0.982939 0.076618
vt 0.983897 0.077576
vt 0.983897 0.076618
vt 0.984855 0.076618
vt 0.984855 0.077576
vt 0.985813 0.076618
vt 0.986772 0.076618
vt 0.910127 0.082367
vt 0.906295 0.014345
vt 0.972401 0.010512
vt 0.973359 0.080450
vt 0.839231 0.018177
vt 0.842105 0.084283
vt 0.786538 0.018177
vt 0.786538 0.085241
vt 0.730012 0.084283
vt 0.732887 0.018177
vt 0.661991 0.082367
vt 0.665823 0.014345
vt 0.599717 0.010512
vt 0.598759 0.080450
vt 0.983897 0.079492
vt 0.983897 0.075660
vt 0.594927 0.009554
vt 0.665823 0.015303
vt 0.661991 0.086199
vt 0.594927 0.082367
vt 0.729055 0.088115
vt 0.732887 0.017219
vt 0.785580 0.088115
vt 0.785580 0.018177
vt 0.839231 0.017219
vt 0.842105 0.088115
vt 0.906295 0.015303
vt 0.909169 0.086199
vt 0.976233 0.009554
vt 0.977191 0.082367
vt 0.979107 0.076618
vt 0.981023 0.075660
vt 0.981023 0.079492
vt 0.983897 0.021051
vt 0.989646 0.021051
vt 0.910127 0.086199
vt 0.786538 0.088115
vt 0.730012 0.088115
vt 0.662948 0.086199
vt 0.588220 0.021051
vt 0.582472 0.021051
vt 0.986772 0.079492
vt 0.986772 0.075660
vt 0.981981 0.079492
s 1
usemtl Volterra_Racing
f 2086/1161/1303 2087/1161/1304 2088/1161/1304
f 2089/1161/1305 2086/1161/1303 2088/1161/1304
f 2090/1162/1306 2086/1161/1303 2089/1161/1305
f 2091/1162/1306 2090/1162/1306 2089/1161/1305
f 2092/1163/1307 2090/1162/1306 2091/1162/1306
f 2093/1164/1308 2092/1163/1307 2091/1162/1306
f 2094/1165/1309 2092/1163/1307 2093/1164/1308
f 2095/1166/1309 2094/1165/1309 2093/1164/1308
f 2094/1165/1309 2095/1166/1309 2096/1167/1310
f 2097/1168/1310 2094/1165/1309 2096/1167/1310
f 2097/1168/1310 2096/1167/1310 2098/1169/1311
f 2099/1169/1311 2097/1168/1310 2098/1169/1311
f 2099/1169/1311 2098/1169/1311 2100/1170/1312
f 2101/1170/1313 2099/1169/1311 2100/1170/1312
f 2101/1170/1313 2100/1170/1312 2102/1170/1314
f 2103/1170/1314 2101/1170/1313 2102/1170/1314
f 2104/1171/1315 2105/1172/1316 2106/1173/1317
f 2107/1174/1317 2104/1171/1315 2106/1173/1317
f 2105/1172/1316 2104/1171/1315 2108/1175/1318
f 2104/1171/1315 2109/1176/1319 2108/1175/1318
f 2108/1175/1318 2109/1176/1319 2110/1177/1320
f 2109/1176/1319 2111/1178/1320 2110/1177/1320
f 2111/1178/1320 2112/1179/1321 2110/1177/1320
f 2112/1179/1321 2113/1180/1322 2110/1177/1320
f 2112/1179/1321 2114/1181/1323 2113/1180/1322
f 2114/1181/1323 2115/1182/1323 2113/1180/1322
f 2115/1182/1323 2114/1181/1323 2116/1183/1324
f 2114/1181/1323 2117/1184/1325 2116/1183/1324
f 2118/1167/1326 2119/1185/1326 2120/1186/1326
f 2121/1187/1327 2122/1188/1328 2123/1189/1328
f 2124/1190/1327 2121/1187/1327 2123/1189/1328
f 2123/1189/1328 2122/1188/1328 2125/1191/1329
f 2122/1188/1328 2126/1192/1330 2125/1191/1329
f 2125/1191/1329 2126/1192/1330 2127/1193/1331
f 2126/1192/1330 2128/1194/1332 2127/1193/1331
f 2128/1194/1332 2129/1195/1333 2127/1193/1331
f 2129/1195/1333 2130/1196/1334 2127/1193/1331
f 2129/1195/1333 2131/1197/1335 2130/1196/1334
f 2131/1197/1335 2132/1198/1335 2130/1196/1334
f 2131/1197/1335 2133/1199/1336 2132/1198/1335
f 2133/1199/1336 2134/1200/1336 2132/1198/1335
f 2135/1201/1337 2136/1202/1337 2137/1203/1337
f 2138/1204/1338 2139/1205/1338 2140/1200/1339
f 2141/1174/1340 2138/1204/1338 2140/1200/1339
f 2141/1174/1340 2140/1200/1339 2142/1206/1341
f 2143/1171/1341 2141/1174/1340 2142/1206/1341
f 2143/1171/1341 2142/1206/1341 2144/1196/1342
f 2145/1176/1342 2143/1171/1341 2144/1196/1342
f 2145/1176/1342 2144/1196/1342 2146/1207/1343
f 2147/1178/1343 2145/1176/1342 2146/1207/1343
f 2148/1179/1344 2147/1178/1343 2146/1207/1343
f 2149/1208/1344 2148/1179/1344 2146/1207/1343
f 2150/1181/1343 2148/1179/1344 2149/1208/1344
f 2151/1209/1343 2150/1181/1343 2149/1208/1344
f 2152/1184/1345 2150/1181/1343 2151/1209/1343
f 2153/1190/1346 2152/1184/1345 2151/1209/1343
f 2154/1210/1347 2152/1184/1345 2153/1190/1346
f 2155/1211/1347 2154/1210/1347 2153/1190/1346
f 2156/1212/1348 2157/1167/1348 2158/1213/1348
f 2159/1202/1349 2160/1164/1349 2161/1214/1349
o L_front_wheel_geo_#370500.001
v 0.859361 -1.024504 0.510498
v 0.859361 -1.093918 0.545875
v 0.836797 -1.105139 0.511336
v 0.836797 -1.045840 0.481123
v 0.859361 -0.969410 0.455404
v 0.836797 -0.998785 0.434068
v 0.859361 -0.934042 0.385990
v 0.836797 -0.968573 0.374769
v 0.859361 -0.921853 0.309039
v 0.836797 -0.958160 0.309039
v 0.859361 -0.934042 0.232079
v 0.836797 -0.968572 0.243301
v 0.859361 -0.969410 0.162665
v 0.836797 -0.998785 0.184010
v 0.859361 -1.024504 0.107571
v 0.836797 -1.045840 0.136947
v 0.859361 -1.093918 0.072204
v 0.836797 -1.105139 0.106734
v 0.859361 -1.170869 0.060014
v 0.836797 -1.170869 0.096322
v 0.859361 -1.247829 0.072204
v 0.836797 -1.236607 0.106734
v 0.859361 -1.317243 0.107571
v 0.836797 -1.295907 0.136946
v 0.859361 -1.372337 0.162665
v 0.836797 -1.342962 0.184010
v 0.859361 -1.407705 0.232079
v 0.836797 -1.373174 0.243301
v 0.859361 -1.419894 0.309039
v 0.836797 -1.383587 0.309039
v 0.859361 -1.407705 0.385990
v 0.836797 -1.373174 0.374769
v 0.859361 -1.372337 0.455404
v 0.836797 -1.342962 0.434068
v 0.859361 -1.317243 0.510498
v 0.836797 -1.295907 0.481123
v 0.859361 -1.247829 0.545866
v 0.836797 -1.236607 0.511336
v 0.859361 -1.170869 0.558055
v 0.836797 -1.170869 0.521748
v 0.836797 -1.475769 0.309039
v 0.836797 -1.460845 0.403251
v 0.836797 -1.417540 0.488250
v 0.836797 -1.350089 0.555701
v 0.836797 -1.265090 0.599006
v 0.836797 -1.170869 0.613931
v 0.836797 -1.076658 0.599006
v 0.836797 -0.991658 0.555701
v 0.836797 -0.924207 0.488250
v 0.836797 -0.880902 0.403251
v 0.836797 -0.865978 0.309039
v 0.836797 -0.880902 0.214819
v 0.836797 -0.924207 0.129819
v 0.836797 -0.991658 0.062368
v 0.836797 -1.076657 0.019064
v 0.836797 -1.170869 0.004139
v 0.836797 -1.265090 0.019064
v 0.836797 -1.350089 0.062368
v 0.836797 -1.417540 0.129819
v 0.836797 -1.460845 0.214819
v 0.801913 -0.991658 0.555701
v 0.801913 -1.076658 0.599006
v 0.836797 -1.076658 0.599006
v 0.836797 -0.991658 0.555701
v 0.801913 -0.924207 0.488250
v 0.836797 -0.924207 0.488250
v 0.801913 -0.880902 0.403251
v 0.836797 -0.880902 0.403251
v 0.801913 -0.865978 0.309039
v 0.836797 -0.865978 0.309039
v 0.836797 -1.170869 0.613931
v 0.801913 -1.170869 0.613931
v 0.836797 -1.265090 0.599006
v 0.801913 -1.265090 0.599006
v 0.836797 -1.350089 0.555701
v 0.801913 -1.350089 0.555701
v 0.836797 -1.417540 0.488250
v 0.801913 -1.417540 0.488250
v 0.836797 -1.460845 0.403251
v 0.801913 -1.460845 0.403251
v 0.836797 -1.475769 0.309039
v 0.801913 -1.475769 0.309039
v 0.836797 -1.460845 0.214819
v 0.801913 -1.460845 0.214819
v 0.836797 -1.417540 0.129819
v 0.801913 -1.417540 0.129819
v 0.836797 -1.350089 0.062368
v 0.801913 -1.350089 0.062368
v 0.836797 -1.265090 0.019064
v 0.801913 -1.265090 0.019064
v 0.836797 -1.170869 0.004139
v 0.801913 -1.170869 0.004139
v 0.836797 -1.076657 0.019064
v 0.801913 -1.076657 0.019064
v 0.836797 -0.991658 0.062368
v 0.801913 -0.991658 0.062368
v 0.836797 -0.924207 0.129819
v 0.801913 -0.924207 0.129819
v 0.836797 -0.880902 0.214819
v 0.801913 -0.880902 0.214819
v 0.836797 -0.865978 0.309039
v 0.801913 -0.865978 0.309039
v 0.639162 -1.265090 0.019064
v 0.639162 -1.350089 0.062368
v 0.639162 -1.417540 0.129819
v 0.639162 -1.076657 0.019064
v 0.639162 -1.170869 0.004139
v 0.639162 -0.924207 0.129819
v 0.639162 -0.991658 0.062368
v 0.639162 -0.865978 0.309039
v 0.639162 -0.880902 0.214819
v 0.639162 -1.460845 0.214819
v 0.639162 -1.475769 0.309039
v 0.639162 -1.460845 0.403251
v 0.639162 -1.417540 0.488250
v 0.639162 -1.350089 0.555701
v 0.639162 -1.265090 0.599006
v 0.639162 -1.170869 0.613931
v 0.639162 -1.076658 0.599006
v 0.639162 -0.991658 0.555701
v 0.639162 -0.924207 0.488250
v 0.639162 -0.880902 0.403251
v 0.639162 -0.865978 0.309039
v 0.604278 -0.865978 0.309039
v 0.604278 -0.880902 0.403251
v 0.604278 -0.924207 0.488250
v 0.604278 -0.991658 0.555701
v 0.604278 -1.076658 0.599006
v 0.604278 -1.170869 0.613931
v 0.604278 -1.265090 0.599006
v 0.604278 -1.350089 0.555701
v 0.604278 -1.417540 0.488250
v 0.604278 -1.460845 0.403251
v 0.604278 -1.475769 0.309039
v 0.604278 -1.460845 0.214819
v 0.604278 -1.417540 0.129819
v 0.604278 -1.350089 0.062368
v 0.604278 -1.265090 0.019064
v 0.604278 -1.170869 0.004139
v 0.604278 -1.076657 0.019064
v 0.604278 -0.991658 0.062368
v 0.604278 -0.924207 0.129819
v 0.604278 -0.880902 0.214819
v 0.604278 -0.865978 0.309039
v 0.581714 -1.024504 0.510498
v 0.581714 -1.093918 0.545866
v 0.604278 -1.076658 0.599006
v 0.604278 -0.991658 0.555701
v 0.581714 -0.969410 0.455404
v 0.604278 -0.924207 0.488250
v 0.581714 -0.934042 0.385990
v 0.604278 -0.880902 0.403251
v 0.581714 -0.921853 0.309039
v 0.604278 -0.865978 0.309039
v 0.581714 -0.934042 0.232079
v 0.604278 -0.880902 0.214819
v 0.581714 -0.969410 0.162665
v 0.604278 -0.924207 0.129819
v 0.581714 -1.024504 0.107571
v 0.604278 -0.991658 0.062368
v 0.581714 -1.093918 0.072204
v 0.604278 -1.076657 0.019064
v 0.581714 -1.170869 0.060014
v 0.604278 -1.170869 0.004139
v 0.581714 -1.247829 0.072204
v 0.604278 -1.265090 0.019064
v 0.581714 -1.317243 0.107571
v 0.604278 -1.350089 0.062368
v 0.581714 -1.372337 0.162665
v 0.604278 -1.417540 0.129819
v 0.581714 -1.407705 0.232079
v 0.604278 -1.460845 0.214819
v 0.581714 -1.419894 0.309039
v 0.604278 -1.475769 0.309039
v 0.581714 -1.407705 0.385990
v 0.604278 -1.460845 0.403251
v 0.581714 -1.372337 0.455404
v 0.604278 -1.417540 0.488250
v 0.581714 -1.317243 0.510498
v 0.604278 -1.350089 0.555701
v 0.581714 -1.247829 0.545866
v 0.604278 -1.265090 0.599006
v 0.581714 -1.170869 0.558055
v 0.604278 -1.170869 0.613931
v 0.604278 -1.383587 0.309039
v 0.604278 -1.373174 0.374769
v 0.604278 -1.342962 0.434059
v 0.604278 -1.295907 0.481123
v 0.604278 -1.236607 0.511336
v 0.604278 -1.170869 0.521748
v 0.604278 -1.105139 0.511336
v 0.604278 -1.045840 0.481123
v 0.604278 -0.998785 0.434059
v 0.604278 -0.968573 0.374769
v 0.604278 -0.958160 0.309039
v 0.604278 -0.968572 0.243301
v 0.604278 -0.998785 0.184001
v 0.604278 -1.045840 0.136947
v 0.604278 -1.105139 0.106734
v 0.604278 -1.170869 0.096322
v 0.604278 -1.236607 0.106734
v 0.604278 -1.295907 0.136946
v 0.604278 -1.342962 0.184001
v 0.604278 -1.373174 0.243301
v 0.836797 -1.170869 0.309039
v 0.836797 -0.968573 0.374769
v 0.836797 -0.998785 0.434068
v 0.836797 -1.045840 0.481123
v 0.836797 -0.958160 0.309039
v 0.836797 -0.968572 0.243301
v 0.836797 -0.998785 0.184010
v 0.836797 -1.045840 0.136947
v 0.836797 -1.105139 0.106734
v 0.836797 -1.170869 0.096322
v 0.836797 -1.236607 0.106734
v 0.836797 -1.295907 0.136946
v 0.836797 -1.342962 0.184010
v 0.836797 -1.373174 0.243301
v 0.836797 -1.383587 0.309039
v 0.836797 -1.373174 0.374769
v 0.836797 -1.342962 0.434068
v 0.836797 -1.295907 0.481123
v 0.836797 -1.236607 0.511336
v 0.836797 -1.170869 0.521748
v 0.836797 -1.105139 0.511336
v 0.604278 -0.998785 0.434059
v 0.604278 -0.968573 0.374769
v 0.604278 -1.170869 0.309039
v 0.604278 -1.045840 0.481123
v 0.604278 -0.958160 0.309039
v 0.604278 -0.968572 0.243301
v 0.604278 -0.998785 0.184001
v 0.604278 -1.045840 0.136947
v 0.604278 -1.105139 0.106734
v 0.604278 -1.170869 0.096322
v 0.604278 -1.236607 0.106734
v 0.604278 -1.295907 0.136946
v 0.604278 -1.342962 0.184001
v 0.604278 -1.373174 0.243301
v 0.604278 -1.383587 0.309039
v 0.604278 -1.373174 0.374769
v 0.604278 -1.342962 0.434059
v 0.604278 -1.295907 0.481123
v 0.604278 -1.236607 0.511336
v 0.604278 -1.170869 0.521748
v 0.604278 -1.105139 0.511336
vn 0.9978 -0.0000 0.0665
vn 0.9966 -0.0000 0.0821
vn 0.8510 -0.1412 -0.5059
vn 0.8510 -0.3052 -0.4274
vn 0.9987 -0.0000 0.0509
vn 0.8509 -0.4242 -0.3098
vn 0.9996 -0.0000 0.0274
vn 0.8510 -0.5000 -0.1608
vn 1.0000 -0.0000 0.0039
vn 0.8509 -0.5252 0.0039
vn 0.9996 -0.0000 -0.0274
vn 0.8510 -0.5000 0.1608
vn 0.9987 -0.0000 -0.0509
vn 0.8509 -0.4242 0.3098
vn 0.9978 -0.0000 -0.0665
vn 0.8510 -0.3052 0.4274
vn 0.9966 -0.0000 -0.0821
vn 0.8510 -0.1412 0.5059
vn 0.8491 -0.0000 0.5283
vn 0.8510 0.1412 0.5059
vn 0.8510 0.3052 0.4274
vn 0.8510 0.4241 0.3098
vn 0.8510 0.5000 0.1608
vn 0.8509 0.5252 0.0039
vn 0.8510 0.5000 -0.1608
vn 0.8510 0.4241 -0.3098
vn 0.8510 0.3051 -0.4274
vn 0.8510 0.1412 -0.5059
vn 0.8494 -0.0000 -0.5278
vn 0.6549 -0.7557 0.0039
vn 0.6549 -0.7194 0.2314
vn 0.6549 -0.6122 0.4431
vn 0.6549 -0.4382 0.6157
vn 0.6549 -0.2369 0.7176
vn 0.6543 -0.0000 0.7562
vn 0.6549 0.2368 0.7176
vn 0.6549 0.4382 0.6157
vn 0.6549 0.6122 0.4431
vn 0.6549 0.7194 0.2314
vn 0.6549 0.7557 0.0040
vn 0.6549 0.7194 -0.2314
vn 0.6549 0.6122 -0.4431
vn 0.6549 0.4382 -0.6157
vn 0.6549 0.2369 -0.7176
vn 0.6543 -0.0000 -0.7562
vn 0.6549 -0.2368 -0.7177
vn 0.6549 -0.4382 -0.6157
vn 0.6549 -0.6122 -0.4431
vn 0.6549 -0.7194 -0.2314
vn -0.0039 0.5840 0.8118
vn -0.0039 0.3032 0.9529
vn 0.6549 0.4382 0.6156
vn -0.0039 0.8115 0.5843
vn 0.6549 0.6121 0.4431
vn -0.0039 0.9508 0.3098
vn -0.0039 1.0000 0.0040
vn 0.6549 0.7557 0.0039
vn 0.6544 -0.0000 0.7562
vn -0.0039 0.0003 1.0000
vn 0.6549 -0.2368 0.7176
vn -0.0039 -0.3031 0.9529
vn 0.6549 -0.4382 0.6156
vn -0.0039 -0.5840 0.8117
vn 0.6549 -0.6121 0.4431
vn -0.0039 -0.8115 0.5843
vn 0.6549 -0.7194 0.2312
vn -0.0039 -0.9508 0.3098
vn -0.0039 -1.0000 0.0039
vn -0.0039 -0.9508 -0.3098
vn 0.6549 -0.6121 -0.4431
vn -0.0039 -0.8115 -0.5843
vn 0.6549 -0.4382 -0.6156
vn -0.0039 -0.5840 -0.8118
vn 0.6549 -0.2368 -0.7176
vn -0.0039 -0.3031 -0.9529
vn 0.6544 -0.0000 -0.7562
vn -0.0039 -0.0000 -1.0000
vn 0.6549 0.2367 -0.7177
vn -0.0039 0.3031 -0.9529
vn 0.6549 0.4382 -0.6156
vn -0.0039 0.5840 -0.8118
vn 0.6549 0.6121 -0.4431
vn -0.0039 0.8115 -0.5843
vn 0.6549 0.7195 -0.2312
vn -0.0039 0.9508 -0.3098
vn -0.0039 1.0000 0.0039
vn -0.0039 0.3032 -0.9529
vn -0.0039 -0.5840 0.8118
vn -0.0039 0.3031 0.9529
vn -0.6549 0.7557 0.0039
vn -0.6549 0.7194 0.2313
vn -0.6549 0.6121 0.4431
vn -0.6549 0.4382 0.6156
vn -0.6549 0.2368 0.7176
vn -0.6544 -0.0000 0.7562
vn -0.6549 -0.2368 0.7176
vn -0.6549 -0.4381 0.6157
vn -0.6549 -0.6121 0.4431
vn -0.6549 -0.7194 0.2312
vn -0.6549 -0.7557 0.0039
vn -0.6549 -0.7194 -0.2314
vn -0.6549 -0.6122 -0.4430
vn -0.6549 -0.4381 -0.6157
vn -0.6549 -0.2368 -0.7176
vn -0.6544 -0.0000 -0.7562
vn -0.6549 0.2368 -0.7176
vn -0.6549 0.4383 -0.6156
vn -0.6549 0.6121 -0.4431
vn -0.6549 0.7194 -0.2314
vn -0.9978 -0.0000 0.0665
vn -0.9966 -0.0000 0.0821
vn -0.6549 0.2369 0.7176
vn -0.6549 0.4382 0.6157
vn -0.9987 -0.0000 0.0509
vn -0.6549 0.6122 0.4431
vn -0.9996 -0.0000 0.0274
vn -0.6549 0.7194 0.2314
vn -1.0000 0.0003 0.0039
vn -0.9996 -0.0000 -0.0274
vn -0.9987 -0.0000 -0.0509
vn -0.6549 0.6122 -0.4431
vn -0.9978 -0.0000 -0.0665
vn -0.6549 0.4382 -0.6157
vn -0.9966 -0.0000 -0.0821
vn -0.6543 -0.0000 -0.7562
vn -0.6549 -0.2369 -0.7176
vn -0.6549 -0.4382 -0.6157
vn -0.6549 -0.6122 -0.4431
vn -1.0000 0.0004 0.0039
vn -0.6549 -0.7557 0.0040
vn -0.6549 -0.7194 0.2314
vn -0.6549 -0.6122 0.4431
vn -0.6549 -0.4382 0.6157
vn -0.6549 -0.2368 0.7177
vn -0.6543 -0.0000 0.7562
vn -0.8510 0.5252 0.0039
vn -0.8510 0.5000 -0.1608
vn -0.8510 0.4241 -0.3098
vn -0.8510 0.3052 -0.4274
vn -0.8510 0.1412 -0.5059
vn -0.8491 -0.0000 -0.5283
vn -0.8510 -0.1412 -0.5059
vn -0.8510 -0.3052 -0.4274
vn -0.8510 -0.4241 -0.3098
vn -0.8510 -0.5000 -0.1608
vn -0.8510 -0.5252 0.0039
vn -0.8510 -0.5000 0.1608
vn -0.8509 -0.4242 0.3098
vn -0.8510 -0.3052 0.4274
vn -0.8510 -0.1412 0.5059
vn -0.8491 -0.0000 0.5283
vn -0.8510 0.1412 0.5059
vn -0.8510 0.3052 0.4274
vn -0.8510 0.4241 0.3098
vn -0.8510 0.5000 0.1608
vt 0.146291 0.364438
vt 0.123777 0.375306
vt 0.119119 0.361332
vt 0.136975 0.352016
vt 0.163370 0.347358
vt 0.150948 0.338043
vt 0.175014 0.324845
vt 0.160264 0.320187
vt 0.178896 0.300779
vt 0.163370 0.300779
vt 0.175014 0.276713
vt 0.160264 0.281371
vt 0.163370 0.254200
vt 0.150948 0.263516
vt 0.146291 0.237120
vt 0.136975 0.249542
vt 0.123777 0.225476
vt 0.119119 0.240226
vt 0.099711 0.221594
vt 0.099711 0.237120
vt 0.075645 0.225476
vt 0.080303 0.240226
vt 0.053132 0.237120
vt 0.062448 0.249542
vt 0.036053 0.254200
vt 0.048474 0.263516
vt 0.025184 0.276713
vt 0.039158 0.281371
vt 0.021302 0.300779
vt 0.036053 0.300779
vt 0.025184 0.324845
vt 0.039158 0.320187
vt 0.036053 0.347358
vt 0.048474 0.338043
vt 0.053132 0.364438
vt 0.062448 0.352016
vt 0.075645 0.375306
vt 0.080303 0.361332
vt 0.099711 0.379188
vt 0.099711 0.364438
vt 0.003447 0.300779
vt 0.008105 0.330279
vt 0.022079 0.357451
vt 0.043040 0.378411
vt 0.070211 0.392385
vt 0.099711 0.397043
vt 0.129211 0.392385
vt 0.156383 0.378411
vt 0.178120 0.357451
vt 0.191317 0.330279
vt 0.195975 0.300779
vt 0.191317 0.271279
vt 0.178120 0.244107
vt 0.156383 0.222370
vt 0.129211 0.209173
vt 0.099711 0.204515
vt 0.070211 0.209173
vt 0.043040 0.222370
vt 0.022079 0.244107
vt 0.008105 0.271279
vt 0.176567 0.385398
vt 0.175791 0.385398
vt 0.175791 0.384622
vt 0.176567 0.384622
vt 0.177344 0.385398
vt 0.177344 0.384622
vt 0.178120 0.385398
vt 0.178120 0.384622
vt 0.178896 0.385398
vt 0.178896 0.384622
vt 0.175014 0.384622
vt 0.175014 0.385398
vt 0.174238 0.384622
vt 0.174238 0.385398
vt 0.173462 0.384622
vt 0.173462 0.385398
vt 0.172686 0.384622
vt 0.172686 0.385398
vt 0.171909 0.384622
vt 0.171909 0.385398
vt 0.171133 0.384622
vt 0.171133 0.385398
vt 0.170357 0.384622
vt 0.170357 0.385398
vt 0.169580 0.384622
vt 0.169580 0.385398
vt 0.168804 0.384622
vt 0.168804 0.385398
vt 0.168028 0.384622
vt 0.168028 0.385398
vt 0.167251 0.384622
vt 0.167251 0.385398
vt 0.166475 0.384622
vt 0.166475 0.385398
vt 0.165699 0.384622
vt 0.165699 0.385398
vt 0.164922 0.384622
vt 0.164922 0.385398
vt 0.168804 0.386951
vt 0.169580 0.386951
vt 0.170357 0.386951
vt 0.167251 0.386951
vt 0.168028 0.386951
vt 0.165699 0.386951
vt 0.166475 0.386951
vt 0.164922 0.386951
vt 0.171133 0.386951
vt 0.171909 0.386951
vt 0.172686 0.386951
vt 0.173462 0.386951
vt 0.174238 0.386951
vt 0.175014 0.386951
vt 0.175791 0.386951
vt 0.176567 0.386951
vt 0.177344 0.386951
vt 0.178120 0.386951
vt 0.178896 0.386951
vt 0.053132 0.365214
vt 0.074869 0.376859
vt 0.069435 0.393938
vt 0.042263 0.379964
vt 0.035276 0.347358
vt 0.020526 0.358227
vt 0.023631 0.325621
vt 0.006552 0.331056
vt 0.019750 0.300779
vt 0.001894 0.300779
vt 0.023631 0.275937
vt 0.006552 0.270502
vt 0.035276 0.253423
vt 0.020526 0.243331
vt 0.053132 0.236344
vt 0.042263 0.221594
vt 0.074869 0.224699
vt 0.069435 0.207620
vt 0.099711 0.220818
vt 0.099711 0.202962
vt 0.124554 0.224699
vt 0.129988 0.207620
vt 0.147067 0.236344
vt 0.157159 0.221594
vt 0.164146 0.253423
vt 0.178896 0.243331
vt 0.175791 0.275937
vt 0.192870 0.270502
vt 0.179672 0.300779
vt 0.197528 0.300779
vt 0.175791 0.325621
vt 0.192870 0.331056
vt 0.164146 0.347358
vt 0.178896 0.358227
vt 0.147067 0.365214
vt 0.157159 0.379964
vt 0.124554 0.376859
vt 0.129988 0.393938
vt 0.099711 0.380740
vt 0.099711 0.398596
vt 0.164146 0.300779
vt 0.161041 0.320963
vt 0.151725 0.338819
vt 0.137751 0.352793
vt 0.119896 0.362109
vt 0.099711 0.365214
vt 0.079527 0.362109
vt 0.061671 0.352793
vt 0.047697 0.338819
vt 0.038382 0.320963
vt 0.035276 0.300779
vt 0.038382 0.280595
vt 0.047697 0.262739
vt 0.061671 0.248765
vt 0.079527 0.239449
vt 0.099711 0.236344
vt 0.119896 0.239449
vt 0.137751 0.248765
vt 0.151725 0.262739
vt 0.161041 0.280595
vt 0.099711 0.300779
vt 0.156383 0.319411
vt 0.147843 0.335714
vt 0.134646 0.348911
vt 0.159488 0.300779
vt 0.156383 0.282147
vt 0.147843 0.265844
vt 0.134646 0.252647
vt 0.118343 0.244107
vt 0.099711 0.241002
vt 0.081079 0.244107
vt 0.064777 0.252647
vt 0.051579 0.265844
vt 0.043040 0.282147
vt 0.039934 0.300779
vt 0.043040 0.319411
vt 0.051579 0.335714
vt 0.064777 0.348911
vt 0.081079 0.357451
vt 0.099711 0.360556
vt 0.118343 0.357451
vt 0.064777 0.251871
vt 0.081079 0.243331
vt 0.118343 0.243331
vt 0.134646 0.251871
vt 0.148620 0.265844
vt 0.157159 0.282147
vt 0.157159 0.319411
vt 0.148620 0.335714
s 1
usemtl Volterra_Racing
f 2162/1215/1350 2163/1216/1351 2164/1217/1352
f 2165/1218/1353 2162/1215/1350 2164/1217/1352
f 2166/1219/1354 2162/1215/1350 2165/1218/1353
f 2167/1220/1355 2166/1219/1354 2165/1218/1353
f 2168/1221/1356 2166/1219/1354 2167/1220/1355
f 2169/1222/1357 2168/1221/1356 2167/1220/1355
f 2170/1223/1358 2168/1221/1356 2169/1222/1357
f 2171/1224/1359 2170/1223/1358 2169/1222/1357
f 2172/1225/1360 2170/1223/1358 2171/1224/1359
f 2173/1226/1361 2172/1225/1360 2171/1224/1359
f 2174/1227/1362 2172/1225/1360 2173/1226/1361
f 2175/1228/1363 2174/1227/1362 2173/1226/1361
f 2176/1229/1364 2174/1227/1362 2175/1228/1363
f 2177/1230/1365 2176/1229/1364 2175/1228/1363
f 2178/1231/1366 2176/1229/1364 2177/1230/1365
f 2179/1232/1367 2178/1231/1366 2177/1230/1365
f 2180/1233/1366 2178/1231/1366 2179/1232/1367
f 2181/1234/1368 2180/1233/1366 2179/1232/1367
f 2182/1235/1366 2180/1233/1366 2181/1234/1368
f 2183/1236/1369 2182/1235/1366 2181/1234/1368
f 2184/1237/1364 2182/1235/1366 2183/1236/1369
f 2185/1238/1370 2184/1237/1364 2183/1236/1369
f 2186/1239/1362 2184/1237/1364 2185/1238/1370
f 2187/1240/1371 2186/1239/1362 2185/1238/1370
f 2188/1241/1360 2186/1239/1362 2187/1240/1371
f 2189/1242/1372 2188/1241/1360 2187/1240/1371
f 2190/1243/1358 2188/1241/1360 2189/1242/1372
f 2191/1244/1373 2190/1243/1358 2189/1242/1372
f 2192/1245/1356 2190/1243/1358 2191/1244/1373
f 2193/1246/1374 2192/1245/1356 2191/1244/1373
f 2194/1247/1354 2192/1245/1356 2193/1246/1374
f 2195/1248/1375 2194/1247/1354 2193/1246/1374
f 2196/1249/1350 2194/1247/1354 2195/1248/1375
f 2197/1250/1376 2196/1249/1350 2195/1248/1375
f 2198/1251/1351 2196/1249/1350 2197/1250/1376
f 2199/1252/1377 2198/1251/1351 2197/1250/1376
f 2200/1253/1351 2198/1251/1351 2199/1252/1377
f 2201/1254/1378 2200/1253/1351 2199/1252/1377
f 2163/1216/1351 2200/1253/1351 2201/1254/1378
f 2164/1217/1352 2163/1216/1351 2201/1254/1378
f 2190/1243/1358 2202/1255/1379 2188/1241/1360
f 2203/1256/1380 2202/1255/1379 2190/1243/1358
f 2192/1245/1356 2203/1256/1380 2190/1243/1358
f 2204/1257/1381 2203/1256/1380 2192/1245/1356
f 2194/1247/1354 2204/1257/1381 2192/1245/1356
f 2205/1258/1382 2204/1257/1381 2194/1247/1354
f 2196/1249/1350 2205/1258/1382 2194/1247/1354
f 2206/1259/1383 2205/1258/1382 2196/1249/1350
f 2198/1251/1351 2206/1259/1383 2196/1249/1350
f 2207/1260/1384 2206/1259/1383 2198/1251/1351
f 2200/1253/1351 2207/1260/1384 2198/1251/1351
f 2208/1261/1385 2207/1260/1384 2200/1253/1351
f 2163/1216/1351 2208/1261/1385 2200/1253/1351
f 2209/1262/1386 2208/1261/1385 2163/1216/1351
f 2162/1215/1350 2209/1262/1386 2163/1216/1351
f 2210/1263/1387 2209/1262/1386 2162/1215/1350
f 2166/1219/1354 2210/1263/1387 2162/1215/1350
f 2211/1264/1388 2210/1263/1387 2166/1219/1354
f 2168/1221/1356 2211/1264/1388 2166/1219/1354
f 2212/1265/1389 2211/1264/1388 2168/1221/1356
f 2170/1223/1358 2212/1265/1389 2168/1221/1356
f 2213/1266/1390 2212/1265/1389 2170/1223/1358
f 2172/1225/1360 2213/1266/1390 2170/1223/1358
f 2214/1267/1391 2213/1266/1390 2172/1225/1360
f 2174/1227/1362 2214/1267/1391 2172/1225/1360
f 2215/1268/1392 2214/1267/1391 2174/1227/1362
f 2176/1229/1364 2215/1268/1392 2174/1227/1362
f 2216/1269/1393 2215/1268/1392 2176/1229/1364
f 2178/1231/1366 2216/1269/1393 2176/1229/1364
f 2217/1270/1394 2216/1269/1393 2178/1231/1366
f 2180/1233/1366 2217/1270/1394 2178/1231/1366
f 2218/1271/1395 2217/1270/1394 2180/1233/1366
f 2182/1235/1366 2218/1271/1395 2180/1233/1366
f 2219/1272/1396 2218/1271/1395 2182/1235/1366
f 2184/1237/1364 2219/1272/1396 2182/1235/1366
f 2220/1273/1397 2219/1272/1396 2184/1237/1364
f 2186/1239/1362 2220/1273/1397 2184/1237/1364
f 2221/1274/1398 2220/1273/1397 2186/1239/1362
f 2188/1241/1360 2221/1274/1398 2186/1239/1362
f 2202/1255/1379 2221/1274/1398 2188/1241/1360
f 2222/1275/1399 2223/1276/1400 2224/1277/1385
f 2225/1278/1401 2222/1275/1399 2224/1277/1385
f 2226/1279/1402 2222/1275/1399 2225/1278/1401
f 2227/1280/1403 2226/1279/1402 2225/1278/1401
f 2228/1281/1404 2226/1279/1402 2227/1280/1403
f 2229/1282/1388 2228/1281/1404 2227/1280/1403
f 2230/1283/1405 2228/1281/1404 2229/1282/1388
f 2231/1284/1406 2230/1283/1405 2229/1282/1388
f 2224/1277/1385 2223/1276/1400 2232/1285/1407
f 2223/1276/1400 2233/1286/1408 2232/1285/1407
f 2232/1285/1407 2233/1286/1408 2234/1285/1409
f 2233/1286/1408 2235/1286/1410 2234/1285/1409
f 2234/1285/1409 2235/1286/1410 2236/1287/1411
f 2235/1286/1410 2237/1288/1412 2236/1287/1411
f 2236/1287/1411 2237/1288/1412 2238/1289/1413
f 2237/1288/1412 2239/1290/1414 2238/1289/1413
f 2238/1289/1413 2239/1290/1414 2240/1291/1415
f 2239/1290/1414 2241/1292/1416 2240/1291/1415
f 2240/1291/1415 2241/1292/1416 2242/1293/1379
f 2241/1292/1416 2243/1294/1417 2242/1293/1379
f 2242/1293/1379 2243/1294/1417 2244/1295/1398
f 2243/1294/1417 2245/1296/1418 2244/1295/1398
f 2244/1295/1398 2245/1296/1418 2246/1297/1419
f 2245/1296/1418 2247/1298/1420 2246/1297/1419
f 2246/1297/1419 2247/1298/1420 2248/1299/1421
f 2247/1298/1420 2249/1300/1422 2248/1299/1421
f 2248/1299/1421 2249/1300/1422 2250/1301/1423
f 2249/1300/1422 2251/1302/1424 2250/1301/1423
f 2250/1301/1423 2251/1302/1424 2252/1303/1425
f 2251/1302/1424 2253/1304/1426 2252/1303/1425
f 2252/1303/1425 2253/1304/1426 2254/1305/1427
f 2253/1304/1426 2255/1306/1428 2254/1305/1427
f 2254/1305/1427 2255/1306/1428 2256/1307/1429
f 2255/1306/1428 2257/1308/1430 2256/1307/1429
f 2256/1307/1429 2257/1308/1430 2258/1309/1431
f 2257/1308/1430 2259/1310/1432 2258/1309/1431
f 2258/1309/1431 2259/1310/1432 2260/1311/1433
f 2259/1310/1432 2261/1312/1434 2260/1311/1433
f 2260/1311/1433 2261/1312/1434 2262/1311/1406
f 2261/1312/1434 2263/1312/1435 2262/1311/1406
f 2251/1302/1424 2249/1300/1422 2264/1313/1424
f 2249/1300/1422 2265/1314/1422 2264/1313/1424
f 2249/1300/1422 2247/1298/1420 2265/1314/1422
f 2247/1298/1420 2266/1315/1420 2265/1314/1422
f 2255/1306/1428 2253/1304/1426 2267/1316/1436
f 2253/1304/1426 2268/1317/1426 2267/1316/1436
f 2251/1302/1424 2264/1313/1424 2268/1317/1426
f 2253/1304/1426 2251/1302/1424 2268/1317/1426
f 2259/1310/1432 2257/1308/1430 2269/1318/1432
f 2257/1308/1430 2270/1319/1430 2269/1318/1432
f 2255/1306/1428 2267/1316/1436 2270/1319/1430
f 2257/1308/1430 2255/1306/1428 2270/1319/1430
f 2263/1312/1435 2261/1312/1434 2271/1320/1435
f 2261/1312/1434 2272/1320/1434 2271/1320/1435
f 2259/1310/1432 2269/1318/1432 2272/1320/1434
f 2261/1312/1434 2259/1310/1432 2272/1320/1434
f 2247/1298/1420 2245/1296/1418 2266/1315/1420
f 2245/1296/1418 2273/1321/1418 2266/1315/1420
f 2245/1296/1418 2243/1294/1417 2273/1321/1418
f 2243/1294/1417 2274/1322/1417 2273/1321/1418
f 2243/1294/1417 2241/1292/1416 2274/1322/1417
f 2241/1292/1416 2275/1323/1416 2274/1322/1417
f 2241/1292/1416 2239/1290/1414 2275/1323/1416
f 2239/1290/1414 2276/1324/1414 2275/1323/1416
f 2239/1290/1414 2237/1288/1412 2276/1324/1414
f 2237/1288/1412 2277/1325/1437 2276/1324/1414
f 2237/1288/1412 2235/1286/1410 2277/1325/1437
f 2235/1286/1410 2278/1326/1410 2277/1325/1437
f 2235/1286/1410 2233/1286/1408 2278/1326/1410
f 2233/1286/1408 2279/1326/1408 2278/1326/1410
f 2233/1286/1408 2223/1276/1400 2279/1326/1408
f 2223/1276/1400 2280/1327/1438 2279/1326/1408
f 2223/1276/1400 2222/1275/1399 2280/1327/1438
f 2222/1275/1399 2281/1328/1399 2280/1327/1438
f 2222/1275/1399 2226/1279/1402 2281/1328/1399
f 2226/1279/1402 2282/1329/1402 2281/1328/1399
f 2226/1279/1402 2228/1281/1404 2282/1329/1402
f 2228/1281/1404 2283/1330/1404 2282/1329/1402
f 2228/1281/1404 2230/1283/1405 2283/1330/1404
f 2230/1283/1405 2284/1331/1405 2283/1330/1404
f 2284/1331/1405 2285/1331/1439 2283/1330/1404
f 2285/1331/1439 2286/1330/1440 2283/1330/1404
f 2283/1330/1404 2286/1330/1440 2282/1329/1402
f 2286/1330/1440 2287/1329/1441 2282/1329/1402
f 2282/1329/1402 2287/1329/1441 2281/1328/1399
f 2287/1329/1441 2288/1328/1442 2281/1328/1399
f 2281/1328/1399 2288/1328/1442 2280/1327/1438
f 2288/1328/1442 2289/1327/1443 2280/1327/1438
f 2280/1327/1438 2289/1327/1443 2279/1326/1408
f 2289/1327/1443 2290/1326/1444 2279/1326/1408
f 2290/1326/1444 2291/1326/1445 2278/1326/1410
f 2279/1326/1408 2290/1326/1444 2278/1326/1410
f 2278/1326/1410 2291/1326/1445 2277/1325/1437
f 2291/1326/1445 2292/1325/1446 2277/1325/1437
f 2277/1325/1437 2292/1325/1446 2276/1324/1414
f 2292/1325/1446 2293/1324/1447 2276/1324/1414
f 2276/1324/1414 2293/1324/1447 2275/1323/1416
f 2293/1324/1447 2294/1323/1448 2275/1323/1416
f 2275/1323/1416 2294/1323/1448 2274/1322/1417
f 2294/1323/1448 2295/1322/1449 2274/1322/1417
f 2274/1322/1417 2295/1322/1449 2273/1321/1418
f 2295/1322/1449 2296/1321/1450 2273/1321/1418
f 2273/1321/1418 2296/1321/1450 2266/1315/1420
f 2296/1321/1450 2297/1315/1451 2266/1315/1420
f 2266/1315/1420 2297/1315/1451 2265/1314/1422
f 2297/1315/1451 2298/1314/1452 2265/1314/1422
f 2265/1314/1422 2298/1314/1452 2264/1313/1424
f 2298/1314/1452 2299/1313/1453 2264/1313/1424
f 2264/1313/1424 2299/1313/1453 2268/1317/1426
f 2299/1313/1453 2300/1317/1454 2268/1317/1426
f 2268/1317/1426 2300/1317/1454 2267/1316/1436
f 2300/1317/1454 2301/1316/1455 2267/1316/1436
f 2267/1316/1436 2301/1316/1455 2270/1319/1430
f 2301/1316/1455 2302/1319/1456 2270/1319/1430
f 2270/1319/1430 2302/1319/1456 2269/1318/1432
f 2302/1319/1456 2303/1318/1457 2269/1318/1432
f 2269/1318/1432 2303/1318/1457 2272/1320/1434
f 2303/1318/1457 2304/1320/1458 2272/1320/1434
f 2272/1320/1434 2304/1320/1458 2271/1320/1435
f 2304/1320/1458 2305/1320/1439 2271/1320/1435
f 2306/1332/1459 2307/1333/1460 2308/1334/1461
f 2309/1335/1462 2306/1332/1459 2308/1334/1461
f 2310/1336/1463 2306/1332/1459 2309/1335/1462
f 2311/1337/1464 2310/1336/1463 2309/1335/1462
f 2312/1338/1465 2310/1336/1463 2311/1337/1464
f 2313/1339/1466 2312/1338/1465 2311/1337/1464
f 2314/1340/1467 2312/1338/1465 2313/1339/1466
f 2315/1341/1439 2314/1340/1467 2313/1339/1466
f 2316/1342/1468 2314/1340/1467 2315/1341/1439
f 2317/1343/1458 2316/1342/1468 2315/1341/1439
f 2318/1344/1469 2316/1342/1468 2317/1343/1458
f 2319/1345/1470 2318/1344/1469 2317/1343/1458
f 2320/1346/1471 2318/1344/1469 2319/1345/1470
f 2321/1347/1472 2320/1346/1471 2319/1345/1470
f 2322/1348/1473 2320/1346/1471 2321/1347/1472
f 2323/1349/1455 2322/1348/1473 2321/1347/1472
f 2324/1350/1473 2322/1348/1473 2323/1349/1455
f 2325/1351/1474 2324/1350/1473 2323/1349/1455
f 2326/1352/1473 2324/1350/1473 2325/1351/1474
f 2327/1353/1475 2326/1352/1473 2325/1351/1474
f 2328/1354/1471 2326/1352/1473 2327/1353/1475
f 2329/1355/1476 2328/1354/1471 2327/1353/1475
f 2330/1356/1469 2328/1354/1471 2329/1355/1476
f 2331/1357/1477 2330/1356/1469 2329/1355/1476
f 2332/1358/1468 2330/1356/1469 2331/1357/1477
f 2333/1359/1450 2332/1358/1468 2331/1357/1477
f 2334/1360/1478 2332/1358/1468 2333/1359/1450
f 2335/1361/1479 2334/1360/1478 2333/1359/1450
f 2336/1362/1465 2334/1360/1478 2335/1361/1479
f 2337/1363/1480 2336/1362/1465 2335/1361/1479
f 2338/1364/1463 2336/1362/1465 2337/1363/1480
f 2339/1365/1481 2338/1364/1463 2337/1363/1480
f 2340/1366/1459 2338/1364/1463 2339/1365/1481
f 2341/1367/1482 2340/1366/1459 2339/1365/1481
f 2342/1368/1460 2340/1366/1459 2341/1367/1482
f 2343/1369/1483 2342/1368/1460 2341/1367/1482
f 2344/1370/1460 2342/1368/1460 2343/1369/1483
f 2345/1371/1484 2344/1370/1460 2343/1369/1483
f 2307/1333/1460 2344/1370/1460 2345/1371/1484
f 2308/1334/1461 2307/1333/1460 2345/1371/1484
f 2334/1360/1478 2346/1372/1485 2332/1358/1468
f 2347/1373/1486 2346/1372/1485 2334/1360/1478
f 2336/1362/1465 2347/1373/1486 2334/1360/1478
f 2348/1374/1487 2347/1373/1486 2336/1362/1465
f 2338/1364/1463 2348/1374/1487 2336/1362/1465
f 2349/1375/1488 2348/1374/1487 2338/1364/1463
f 2340/1366/1459 2349/1375/1488 2338/1364/1463
f 2350/1376/1489 2349/1375/1488 2340/1366/1459
f 2342/1368/1460 2350/1376/1489 2340/1366/1459
f 2351/1377/1490 2350/1376/1489 2342/1368/1460
f 2344/1370/1460 2351/1377/1490 2342/1368/1460
f 2352/1378/1491 2351/1377/1490 2344/1370/1460
f 2307/1333/1460 2352/1378/1491 2344/1370/1460
f 2353/1379/1492 2352/1378/1491 2307/1333/1460
f 2306/1332/1459 2353/1379/1492 2307/1333/1460
f 2354/1380/1493 2353/1379/1492 2306/1332/1459
f 2310/1336/1463 2354/1380/1493 2306/1332/1459
f 2355/1381/1494 2354/1380/1493 2310/1336/1463
f 2312/1338/1465 2355/1381/1494 2310/1336/1463
f 2356/1382/1495 2355/1381/1494 2312/1338/1465
f 2314/1340/1467 2356/1382/1495 2312/1338/1465
f 2357/1383/1496 2356/1382/1495 2314/1340/1467
f 2316/1342/1468 2357/1383/1496 2314/1340/1467
f 2358/1384/1497 2357/1383/1496 2316/1342/1468
f 2318/1344/1469 2358/1384/1497 2316/1342/1468
f 2359/1385/1498 2358/1384/1497 2318/1344/1469
f 2320/1346/1471 2359/1385/1498 2318/1344/1469
f 2360/1386/1499 2359/1385/1498 2320/1346/1471
f 2322/1348/1473 2360/1386/1499 2320/1346/1471
f 2361/1387/1500 2360/1386/1499 2322/1348/1473
f 2324/1350/1473 2361/1387/1500 2322/1348/1473
f 2362/1388/1501 2361/1387/1500 2324/1350/1473
f 2326/1352/1473 2362/1388/1501 2324/1350/1473
f 2363/1389/1502 2362/1388/1501 2326/1352/1473
f 2328/1354/1471 2363/1389/1502 2326/1352/1473
f 2364/1390/1503 2363/1389/1502 2328/1354/1471
f 2330/1356/1469 2364/1390/1503 2328/1354/1471
f 2365/1391/1504 2364/1390/1503 2330/1356/1469
f 2332/1358/1468 2365/1391/1504 2330/1356/1469
f 2346/1372/1485 2365/1391/1504 2332/1358/1468
f 2366/1392/1358 2367/1393/1358 2368/1394/1358
f 2369/1395/1358 2366/1392/1358 2368/1394/1358
f 2367/1393/1358 2366/1392/1358 2370/1396/1358
f 2366/1392/1358 2371/1397/1358 2370/1396/1358
f 2371/1397/1358 2366/1392/1358 2372/1398/1358
f 2366/1392/1358 2373/1399/1358 2372/1398/1358
f 2373/1399/1358 2366/1392/1358 2374/1400/1358
f 2366/1392/1358 2375/1401/1358 2374/1400/1358
f 2375/1401/1358 2366/1392/1358 2376/1402/1358
f 2366/1392/1358 2377/1403/1358 2376/1402/1358
f 2377/1403/1358 2366/1392/1358 2378/1404/1358
f 2366/1392/1358 2379/1405/1358 2378/1404/1358
f 2379/1405/1358 2366/1392/1358 2380/1406/1358
f 2366/1392/1358 2381/1407/1358 2380/1406/1358
f 2381/1407/1358 2366/1392/1358 2382/1408/1358
f 2366/1392/1358 2383/1409/1358 2382/1408/1358
f 2383/1409/1358 2366/1392/1358 2384/1410/1358
f 2366/1392/1358 2385/1411/1358 2384/1410/1358
f 2385/1411/1358 2366/1392/1358 2386/1412/1358
f 2366/1392/1358 2369/1395/1358 2386/1412/1358
f 2387/1408/1467 2388/1407/1467 2389/1392/1467
f 2390/1409/1467 2387/1408/1467 2389/1392/1467
f 2388/1407/1467 2391/1406/1467 2389/1392/1467
f 2391/1406/1467 2392/1405/1467 2389/1392/1467
f 2392/1405/1467 2393/1404/1467 2389/1392/1467
f 2393/1404/1467 2394/1413/1467 2389/1392/1467
f 2394/1413/1467 2395/1414/1467 2389/1392/1467
f 2395/1414/1467 2396/1401/1467 2389/1392/1467
f 2396/1401/1467 2397/1415/1467 2389/1392/1467
f 2397/1415/1467 2398/1416/1467 2389/1392/1467
f 2398/1416/1467 2399/1417/1467 2389/1392/1467
f 2399/1417/1467 2400/1418/1467 2389/1392/1467
f 2400/1418/1467 2401/1396/1467 2389/1392/1467
f 2401/1396/1467 2402/1419/1467 2389/1392/1467
f 2402/1419/1467 2403/1420/1467 2389/1392/1467
f 2403/1420/1467 2404/1395/1467 2389/1392/1467
f 2404/1395/1467 2405/1412/1467 2389/1392/1467
f 2405/1412/1467 2406/1411/1467 2389/1392/1467
f 2406/1411/1467 2407/1410/1467 2389/1392/1467
f 2407/1410/1467 2390/1409/1467 2389/1392/1467
o L_front_wheel_geo_#370500.002
v 0.859361 1.437333 0.510498
v 0.859361 1.367918 0.545875
v 0.836797 1.356697 0.511335
v 0.836797 1.415997 0.481123
v 0.859361 1.492427 0.455404
v 0.836797 1.463051 0.434068
v 0.859361 1.527794 0.385990
v 0.836797 1.493264 0.374768
v 0.859361 1.539984 0.309039
v 0.836797 1.503676 0.309039
v 0.859361 1.527794 0.232079
v 0.836797 1.493264 0.243301
v 0.859361 1.492427 0.162665
v 0.836797 1.463051 0.184010
v 0.859361 1.437333 0.107571
v 0.836797 1.415997 0.136946
v 0.859361 1.367919 0.072203
v 0.836797 1.356697 0.106734
v 0.859361 1.290968 0.060014
v 0.836797 1.290968 0.096321
v 0.859361 1.214007 0.072203
v 0.836797 1.225229 0.106734
v 0.859361 1.144593 0.107571
v 0.836797 1.165929 0.136946
v 0.859361 1.089499 0.162665
v 0.836797 1.118875 0.184010
v 0.859361 1.054132 0.232079
v 0.836797 1.088662 0.243300
v 0.859361 1.041942 0.309039
v 0.836797 1.078250 0.309039
v 0.859361 1.054132 0.385990
v 0.836797 1.088662 0.374768
v 0.859361 1.089499 0.455404
v 0.836797 1.118875 0.434068
v 0.859361 1.144593 0.510498
v 0.836797 1.165929 0.481123
v 0.859361 1.214007 0.545866
v 0.836797 1.225229 0.511335
v 0.859361 1.290968 0.558055
v 0.836797 1.290968 0.521748
v 0.836797 0.986067 0.309039
v 0.836797 1.000992 0.403250
v 0.836797 1.044297 0.488250
v 0.836797 1.111747 0.555701
v 0.836797 1.196747 0.599006
v 0.836797 1.290968 0.613930
v 0.836797 1.385179 0.599006
v 0.836797 1.470179 0.555701
v 0.836797 1.537629 0.488250
v 0.836797 1.580934 0.403251
v 0.836797 1.595859 0.309039
v 0.836797 1.580934 0.214819
v 0.836797 1.537629 0.129819
v 0.836797 1.470179 0.062368
v 0.836797 1.385179 0.019063
v 0.836797 1.290968 0.004139
v 0.836797 1.196747 0.019063
v 0.836797 1.111747 0.062368
v 0.836797 1.044297 0.129819
v 0.836797 1.000992 0.214818
v 0.801913 1.470179 0.555701
v 0.801913 1.385179 0.599006
v 0.836797 1.385179 0.599006
v 0.836797 1.470179 0.555701
v 0.801913 1.537629 0.488250
v 0.836797 1.537629 0.488250
v 0.801913 1.580934 0.403251
v 0.836797 1.580934 0.403251
v 0.801913 1.595859 0.309039
v 0.836797 1.595859 0.309039
v 0.836797 1.290968 0.613930
v 0.801913 1.290968 0.613930
v 0.836797 1.196747 0.599006
v 0.801913 1.196747 0.599006
v 0.836797 1.111747 0.555701
v 0.801913 1.111747 0.555701
v 0.836797 1.044297 0.488250
v 0.801913 1.044297 0.488250
v 0.836797 1.000992 0.403250
v 0.801913 1.000992 0.403250
v 0.836797 0.986067 0.309039
v 0.801913 0.986067 0.309039
v 0.836797 1.000992 0.214818
v 0.801913 1.000992 0.214818
v 0.836797 1.044297 0.129819
v 0.801913 1.044297 0.129819
v 0.836797 1.111747 0.062368
v 0.801913 1.111747 0.062368
v 0.836797 1.196747 0.019063
v 0.801913 1.196747 0.019063
v 0.836797 1.290968 0.004139
v 0.801913 1.290968 0.004139
v 0.836797 1.385179 0.019063
v 0.801913 1.385179 0.019063
v 0.836797 1.470179 0.062368
v 0.801913 1.470179 0.062368
v 0.836797 1.537629 0.129819
v 0.801913 1.537629 0.129819
v 0.836797 1.580934 0.214819
v 0.801913 1.580934 0.214819
v 0.836797 1.595859 0.309039
v 0.801913 1.595859 0.309039
v 0.639162 1.196747 0.019063
v 0.639162 1.111747 0.062368
v 0.639162 1.044297 0.129819
v 0.639162 1.385179 0.019063
v 0.639162 1.290968 0.004139
v 0.639162 1.537629 0.129819
v 0.639162 1.470179 0.062368
v 0.639162 1.595859 0.309039
v 0.639162 1.580934 0.214819
v 0.639162 1.000992 0.214818
v 0.639162 0.986067 0.309039
v 0.639162 1.000992 0.403250
v 0.639162 1.044297 0.488250
v 0.639162 1.111747 0.555701
v 0.639162 1.196747 0.599006
v 0.639162 1.290968 0.613930
v 0.639162 1.385179 0.599006
v 0.639162 1.470179 0.555701
v 0.639162 1.537629 0.488250
v 0.639162 1.580934 0.403251
v 0.639162 1.595859 0.309039
v 0.604278 1.595859 0.309039
v 0.604278 1.580934 0.403251
v 0.604278 1.537629 0.488250
v 0.604278 1.470179 0.555701
v 0.604278 1.385179 0.599006
v 0.604278 1.290968 0.613930
v 0.604278 1.196747 0.599006
v 0.604278 1.111747 0.555701
v 0.604278 1.044297 0.488250
v 0.604278 1.000992 0.403250
v 0.604278 0.986067 0.309039
v 0.604278 1.000992 0.214818
v 0.604278 1.044297 0.129819
v 0.604278 1.111747 0.062368
v 0.604278 1.196747 0.019063
v 0.604278 1.290968 0.004139
v 0.604278 1.385179 0.019063
v 0.604278 1.470179 0.062368
v 0.604278 1.537629 0.129819
v 0.604278 1.580934 0.214819
v 0.604278 1.595859 0.309039
v 0.581714 1.437333 0.510498
v 0.581714 1.367918 0.545866
v 0.604278 1.385179 0.599006
v 0.604278 1.470179 0.555701
v 0.581714 1.492427 0.455404
v 0.604278 1.537629 0.488250
v 0.581714 1.527794 0.385990
v 0.604278 1.580934 0.403251
v 0.581714 1.539984 0.309039
v 0.604278 1.595859 0.309039
v 0.581714 1.527794 0.232079
v 0.604278 1.580934 0.214819
v 0.581714 1.492427 0.162665
v 0.604278 1.537629 0.129819
v 0.581714 1.437333 0.107571
v 0.604278 1.470179 0.062368
v 0.581714 1.367919 0.072203
v 0.604278 1.385179 0.019063
v 0.581714 1.290968 0.060014
v 0.604278 1.290968 0.004139
v 0.581714 1.214007 0.072203
v 0.604278 1.196747 0.019063
v 0.581714 1.144593 0.107571
v 0.604278 1.111747 0.062368
v 0.581714 1.089499 0.162665
v 0.604278 1.044297 0.129819
v 0.581714 1.054132 0.232079
v 0.604278 1.000992 0.214818
v 0.581714 1.041942 0.309039
v 0.604278 0.986067 0.309039
v 0.581714 1.054132 0.385990
v 0.604278 1.000992 0.403250
v 0.581714 1.089499 0.455404
v 0.604278 1.044297 0.488250
v 0.581714 1.144593 0.510498
v 0.604278 1.111747 0.555701
v 0.581714 1.214007 0.545866
v 0.604278 1.196747 0.599006
v 0.581714 1.290968 0.558055
v 0.604278 1.290968 0.613930
v 0.604278 1.078250 0.309039
v 0.604278 1.088662 0.374768
v 0.604278 1.118875 0.434059
v 0.604278 1.165929 0.481123
v 0.604278 1.225229 0.511335
v 0.604278 1.290968 0.521748
v 0.604278 1.356697 0.511335
v 0.604278 1.415997 0.481123
v 0.604278 1.463051 0.434059
v 0.604278 1.493264 0.374768
v 0.604278 1.503676 0.309039
v 0.604278 1.493264 0.243301
v 0.604278 1.463051 0.184001
v 0.604278 1.415997 0.136946
v 0.604278 1.356697 0.106734
v 0.604278 1.290968 0.096321
v 0.604278 1.225229 0.106734
v 0.604278 1.165929 0.136946
v 0.604278 1.118875 0.184001
v 0.604278 1.088662 0.243300
v 0.836797 1.290968 0.309039
v 0.836797 1.493264 0.374768
v 0.836797 1.463051 0.434068
v 0.836797 1.415997 0.481123
v 0.836797 1.503676 0.309039
v 0.836797 1.493264 0.243301
v 0.836797 1.463051 0.184010
v 0.836797 1.415997 0.136946
v 0.836797 1.356697 0.106734
v 0.836797 1.290968 0.096321
v 0.836797 1.225229 0.106734
v 0.836797 1.165929 0.136946
v 0.836797 1.118875 0.184010
v 0.836797 1.088662 0.243300
v 0.836797 1.078250 0.309039
v 0.836797 1.088662 0.374768
v 0.836797 1.118875 0.434068
v 0.836797 1.165929 0.481123
v 0.836797 1.225229 0.511335
v 0.836797 1.290968 0.521748
v 0.836797 1.356697 0.511335
v 0.604278 1.463051 0.434059
v 0.604278 1.493264 0.374768
v 0.604278 1.290968 0.309039
v 0.604278 1.415997 0.481123
v 0.604278 1.503676 0.309039
v 0.604278 1.493264 0.243301
v 0.604278 1.463051 0.184001
v 0.604278 1.415997 0.136946
v 0.604278 1.356697 0.106734
v 0.604278 1.290968 0.096321
v 0.604278 1.225229 0.106734
v 0.604278 1.165929 0.136946
v 0.604278 1.118875 0.184001
v 0.604278 1.088662 0.243300
v 0.604278 1.078250 0.309039
v 0.604278 1.088662 0.374768
v 0.604278 1.118875 0.434059
v 0.604278 1.165929 0.481123
v 0.604278 1.225229 0.511335
v 0.604278 1.290968 0.521748
v 0.604278 1.356697 0.511335
vn 0.9978 -0.0000 0.0665
vn 0.9966 -0.0000 0.0821
vn 0.8510 -0.1412 -0.5059
vn 0.8510 -0.3052 -0.4274
vn 0.9987 -0.0000 0.0509
vn 0.8509 -0.4242 -0.3098
vn 0.9996 -0.0000 0.0274
vn 0.8510 -0.5000 -0.1608
vn 1.0000 -0.0000 0.0039
vn 0.8509 -0.5252 0.0039
vn 0.9996 -0.0000 -0.0274
vn 0.8510 -0.5000 0.1608
vn 0.9987 -0.0000 -0.0509
vn 0.8509 -0.4242 0.3098
vn 0.9978 -0.0000 -0.0665
vn 0.8510 -0.3052 0.4274
vn 0.9966 -0.0000 -0.0821
vn 0.8510 -0.1412 0.5059
vn 0.8491 -0.0000 0.5283
vn 0.8510 0.1412 0.5059
vn 0.8510 0.3052 0.4274
vn 0.8510 0.4241 0.3098
vn 0.8510 0.5000 0.1608
vn 0.8509 0.5252 0.0039
vn 0.8510 0.5000 -0.1608
vn 0.8510 0.4241 -0.3098
vn 0.8510 0.3052 -0.4275
vn 0.8510 0.1412 -0.5059
vn 0.8494 -0.0000 -0.5278
vn 0.6549 -0.7557 0.0039
vn 0.6549 -0.7194 0.2314
vn 0.6549 -0.6122 0.4431
vn 0.6549 -0.4382 0.6157
vn 0.6549 -0.2369 0.7176
vn 0.6543 -0.0000 0.7562
vn 0.6549 0.2368 0.7176
vn 0.6549 0.4382 0.6157
vn 0.6549 0.6122 0.4431
vn 0.6549 0.7194 0.2314
vn 0.6549 0.7557 0.0040
vn 0.6549 0.7194 -0.2314
vn 0.6549 0.6122 -0.4431
vn 0.6549 0.4382 -0.6157
vn 0.6549 0.2369 -0.7176
vn 0.6543 -0.0000 -0.7562
vn 0.6549 -0.2368 -0.7177
vn 0.6549 -0.4382 -0.6157
vn 0.6549 -0.6122 -0.4431
vn 0.6549 -0.7194 -0.2314
vn -0.0039 0.5840 0.8118
vn -0.0039 0.3032 0.9529
vn 0.6549 0.4382 0.6156
vn -0.0039 0.8115 0.5843
vn 0.6549 0.6121 0.4431
vn -0.0039 0.9508 0.3098
vn -0.0039 1.0000 0.0040
vn 0.6549 0.7557 0.0039
vn 0.6544 -0.0000 0.7562
vn -0.0039 0.0003 1.0000
vn 0.6549 -0.2368 0.7176
vn -0.0039 -0.3031 0.9529
vn 0.6549 -0.4382 0.6156
vn -0.0039 -0.5840 0.8117
vn 0.6549 -0.6120 0.4432
vn -0.0039 -0.8115 0.5843
vn 0.6549 -0.7194 0.2312
vn -0.0039 -0.9508 0.3098
vn -0.0039 -1.0000 0.0039
vn -0.0039 -0.9508 -0.3098
vn 0.6549 -0.6121 -0.4431
vn -0.0039 -0.8115 -0.5843
vn 0.6549 -0.4382 -0.6156
vn -0.0039 -0.5840 -0.8118
vn 0.6549 -0.2368 -0.7176
vn -0.0039 -0.3031 -0.9529
vn 0.6544 -0.0000 -0.7562
vn -0.0039 -0.0000 -1.0000
vn 0.6549 0.2367 -0.7177
vn -0.0039 0.3031 -0.9529
vn 0.6549 0.4382 -0.6156
vn -0.0039 0.5840 -0.8118
vn 0.6549 0.6121 -0.4431
vn -0.0039 0.8115 -0.5843
vn 0.6549 0.7194 -0.2313
vn -0.0039 0.9508 -0.3098
vn -0.0039 1.0000 0.0039
vn -0.0039 0.3032 -0.9529
vn -0.0039 -0.5840 0.8118
vn -0.0039 0.3031 0.9529
vn -0.6549 0.7557 0.0039
vn -0.6549 0.7194 0.2313
vn -0.6549 0.6120 0.4432
vn -0.6549 0.4383 0.6156
vn -0.6549 0.2368 0.7176
vn -0.6544 -0.0000 0.7562
vn -0.6549 -0.2368 0.7176
vn -0.6549 -0.4382 0.6156
vn -0.6549 -0.6121 0.4431
vn -0.6549 -0.7194 0.2312
vn -0.6549 -0.7557 0.0039
vn -0.6549 -0.7194 -0.2314
vn -0.6549 -0.6121 -0.4431
vn -0.6549 -0.4381 -0.6157
vn -0.6549 -0.2368 -0.7176
vn -0.6544 -0.0000 -0.7562
vn -0.6549 0.2368 -0.7176
vn -0.6549 0.4383 -0.6156
vn -0.6549 0.6121 -0.4432
vn -0.6549 0.7194 -0.2314
vn -0.9978 -0.0000 0.0665
vn -0.9966 -0.0000 0.0821
vn -0.6549 0.2369 0.7176
vn -0.6549 0.4382 0.6157
vn -0.9987 -0.0000 0.0509
vn -0.6549 0.6122 0.4431
vn -0.9996 -0.0000 0.0274
vn -0.6549 0.7194 0.2314
vn -1.0000 0.0003 0.0039
vn -0.9996 -0.0000 -0.0274
vn -0.9987 -0.0000 -0.0509
vn -0.6549 0.6122 -0.4431
vn -0.9978 -0.0000 -0.0665
vn -0.6549 0.4382 -0.6157
vn -0.9966 -0.0000 -0.0821
vn -0.6543 -0.0000 -0.7562
vn -0.6549 -0.2369 -0.7176
vn -0.6549 -0.4382 -0.6157
vn -0.6549 -0.6122 -0.4431
vn -1.0000 0.0004 0.0039
vn -0.6549 -0.7557 0.0040
vn -0.6549 -0.7194 0.2314
vn -0.6549 -0.6122 0.4431
vn -0.6549 -0.4382 0.6157
vn -0.6549 -0.2368 0.7177
vn -0.6543 -0.0000 0.7562
vn -0.8510 0.5252 0.0039
vn -0.8510 0.5000 -0.1608
vn -0.8510 0.4241 -0.3098
vn -0.8510 0.3052 -0.4274
vn -0.8510 0.1412 -0.5059
vn -0.8491 -0.0000 -0.5283
vn -0.8510 -0.1412 -0.5059
vn -0.8510 -0.3052 -0.4274
vn -0.8510 -0.4241 -0.3098
vn -0.8510 -0.5000 -0.1608
vn -0.8510 -0.5252 0.0039
vn -0.8510 -0.5000 0.1608
vn -0.8509 -0.4242 0.3098
vn -0.8510 -0.3052 0.4274
vn -0.8510 -0.1412 0.5059
vn -0.8491 -0.0000 0.5283
vn -0.8510 0.1412 0.5059
vn -0.8510 0.3052 0.4274
vn -0.8510 0.4241 0.3098
vn -0.8510 0.5000 0.1608
vt 0.146291 0.364438
vt 0.123777 0.375306
vt 0.119119 0.361332
vt 0.136975 0.352016
vt 0.163370 0.347358
vt 0.150948 0.338043
vt 0.175014 0.324845
vt 0.160264 0.320187
vt 0.178896 0.300779
vt 0.163370 0.300779
vt 0.175014 0.276713
vt 0.160264 0.281371
vt 0.163370 0.254200
vt 0.150948 0.263516
vt 0.146291 0.237120
vt 0.136975 0.249542
vt 0.123777 0.225476
vt 0.119119 0.240226
vt 0.099711 0.221594
vt 0.099711 0.237120
vt 0.075645 0.225476
vt 0.080303 0.240226
vt 0.053132 0.237120
vt 0.062448 0.249542
vt 0.036053 0.254200
vt 0.048474 0.263516
vt 0.025184 0.276713
vt 0.039158 0.281371
vt 0.021302 0.300779
vt 0.036053 0.300779
vt 0.025184 0.324845
vt 0.039158 0.320187
vt 0.036053 0.347358
vt 0.048474 0.338043
vt 0.053132 0.364438
vt 0.062448 0.352016
vt 0.075645 0.375306
vt 0.080303 0.361332
vt 0.099711 0.379188
vt 0.099711 0.364438
vt 0.003447 0.300779
vt 0.008105 0.330279
vt 0.022079 0.357451
vt 0.043040 0.378411
vt 0.070211 0.392385
vt 0.099711 0.397043
vt 0.129211 0.392385
vt 0.156383 0.378411
vt 0.178120 0.357451
vt 0.191317 0.330279
vt 0.195975 0.300779
vt 0.191317 0.271279
vt 0.178120 0.244107
vt 0.156383 0.222370
vt 0.129211 0.209173
vt 0.099711 0.204515
vt 0.070211 0.209173
vt 0.043040 0.222370
vt 0.022079 0.244107
vt 0.008105 0.271279
vt 0.176567 0.385398
vt 0.175791 0.385398
vt 0.175791 0.384622
vt 0.176567 0.384622
vt 0.177344 0.385398
vt 0.177344 0.384622
vt 0.178120 0.385398
vt 0.178120 0.384622
vt 0.178896 0.385398
vt 0.178896 0.384622
vt 0.175014 0.384622
vt 0.175014 0.385398
vt 0.174238 0.384622
vt 0.174238 0.385398
vt 0.173462 0.384622
vt 0.173462 0.385398
vt 0.172686 0.384622
vt 0.172686 0.385398
vt 0.171909 0.384622
vt 0.171909 0.385398
vt 0.171133 0.384622
vt 0.171133 0.385398
vt 0.170357 0.384622
vt 0.170357 0.385398
vt 0.169580 0.384622
vt 0.169580 0.385398
vt 0.168804 0.384622
vt 0.168804 0.385398
vt 0.168028 0.384622
vt 0.168028 0.385398
vt 0.167251 0.384622
vt 0.167251 0.385398
vt 0.166475 0.384622
vt 0.166475 0.385398
vt 0.165699 0.384622
vt 0.165699 0.385398
vt 0.164922 0.384622
vt 0.164922 0.385398
vt 0.168804 0.386951
vt 0.169580 0.386951
vt 0.170357 0.386951
vt 0.167251 0.386951
vt 0.168028 0.386951
vt 0.165699 0.386951
vt 0.166475 0.386951
vt 0.164922 0.386951
vt 0.171133 0.386951
vt 0.171909 0.386951
vt 0.172686 0.386951
vt 0.173462 0.386951
vt 0.174238 0.386951
vt 0.175014 0.386951
vt 0.175791 0.386951
vt 0.176567 0.386951
vt 0.177344 0.386951
vt 0.178120 0.386951
vt 0.178896 0.386951
vt 0.053132 0.365214
vt 0.074869 0.376859
vt 0.069435 0.393938
vt 0.042263 0.379964
vt 0.035276 0.347358
vt 0.020526 0.358227
vt 0.023631 0.325621
vt 0.006552 0.331056
vt 0.019750 0.300779
vt 0.001894 0.300779
vt 0.023631 0.275937
vt 0.006552 0.270502
vt 0.035276 0.253423
vt 0.020526 0.243331
vt 0.053132 0.236344
vt 0.042263 0.221594
vt 0.074869 0.224699
vt 0.069435 0.207620
vt 0.099711 0.220818
vt 0.099711 0.202962
vt 0.124554 0.224699
vt 0.129988 0.207620
vt 0.147067 0.236344
vt 0.157159 0.221594
vt 0.164146 0.253423
vt 0.178896 0.243331
vt 0.175791 0.275937
vt 0.192870 0.270502
vt 0.179672 0.300779
vt 0.197528 0.300779
vt 0.175791 0.325621
vt 0.192870 0.331056
vt 0.164146 0.347358
vt 0.178896 0.358227
vt 0.147067 0.365214
vt 0.157159 0.379964
vt 0.124554 0.376859
vt 0.129988 0.393938
vt 0.099711 0.380740
vt 0.099711 0.398596
vt 0.164146 0.300779
vt 0.161041 0.320963
vt 0.151725 0.338819
vt 0.137751 0.352793
vt 0.119896 0.362109
vt 0.099711 0.365214
vt 0.079527 0.362109
vt 0.061671 0.352793
vt 0.047697 0.338819
vt 0.038382 0.320963
vt 0.035276 0.300779
vt 0.038382 0.280595
vt 0.047697 0.262739
vt 0.061671 0.248765
vt 0.079527 0.239449
vt 0.099711 0.236344
vt 0.119896 0.239449
vt 0.137751 0.248765
vt 0.151725 0.262739
vt 0.161041 0.280595
vt 0.099711 0.300779
vt 0.156383 0.319411
vt 0.147843 0.335714
vt 0.134646 0.348911
vt 0.159488 0.300779
vt 0.156383 0.282147
vt 0.147843 0.265844
vt 0.134646 0.252647
vt 0.118343 0.244107
vt 0.099711 0.241002
vt 0.081079 0.244107
vt 0.064777 0.252647
vt 0.051579 0.265844
vt 0.043040 0.282147
vt 0.039934 0.300779
vt 0.043040 0.319411
vt 0.051579 0.335714
vt 0.064777 0.348911
vt 0.081079 0.357451
vt 0.099711 0.360556
vt 0.118343 0.357451
vt 0.064777 0.251871
vt 0.081079 0.243331
vt 0.118343 0.243331
vt 0.134646 0.251871
vt 0.148620 0.265844
vt 0.157159 0.282147
vt 0.157159 0.319411
vt 0.148620 0.335714
s 1
usemtl Volterra_Racing
f 2408/1421/1505 2409/1422/1506 2410/1423/1507
f 2411/1424/1508 2408/1421/1505 2410/1423/1507
f 2412/1425/1509 2408/1421/1505 2411/1424/1508
f 2413/1426/1510 2412/1425/1509 2411/1424/1508
f 2414/1427/1511 2412/1425/1509 2413/1426/1510
f 2415/1428/1512 2414/1427/1511 2413/1426/1510
f 2416/1429/1513 2414/1427/1511 2415/1428/1512
f 2417/1430/1514 2416/1429/1513 2415/1428/1512
f 2418/1431/1515 2416/1429/1513 2417/1430/1514
f 2419/1432/1516 2418/1431/1515 2417/1430/1514
f 2420/1433/1517 2418/1431/1515 2419/1432/1516
f 2421/1434/1518 2420/1433/1517 2419/1432/1516
f 2422/1435/1519 2420/1433/1517 2421/1434/1518
f 2423/1436/1520 2422/1435/1519 2421/1434/1518
f 2424/1437/1521 2422/1435/1519 2423/1436/1520
f 2425/1438/1522 2424/1437/1521 2423/1436/1520
f 2426/1439/1521 2424/1437/1521 2425/1438/1522
f 2427/1440/1523 2426/1439/1521 2425/1438/1522
f 2428/1441/1521 2426/1439/1521 2427/1440/1523
f 2429/1442/1524 2428/1441/1521 2427/1440/1523
f 2430/1443/1519 2428/1441/1521 2429/1442/1524
f 2431/1444/1525 2430/1443/1519 2429/1442/1524
f 2432/1445/1517 2430/1443/1519 2431/1444/1525
f 2433/1446/1526 2432/1445/1517 2431/1444/1525
f 2434/1447/1515 2432/1445/1517 2433/1446/1526
f 2435/1448/1527 2434/1447/1515 2433/1446/1526
f 2436/1449/1513 2434/1447/1515 2435/1448/1527
f 2437/1450/1528 2436/1449/1513 2435/1448/1527
f 2438/1451/1511 2436/1449/1513 2437/1450/1528
f 2439/1452/1529 2438/1451/1511 2437/1450/1528
f 2440/1453/1509 2438/1451/1511 2439/1452/1529
f 2441/1454/1530 2440/1453/1509 2439/1452/1529
f 2442/1455/1505 2440/1453/1509 2441/1454/1530
f 2443/1456/1531 2442/1455/1505 2441/1454/1530
f 2444/1457/1506 2442/1455/1505 2443/1456/1531
f 2445/1458/1532 2444/1457/1506 2443/1456/1531
f 2446/1459/1506 2444/1457/1506 2445/1458/1532
f 2447/1460/1533 2446/1459/1506 2445/1458/1532
f 2409/1422/1506 2446/1459/1506 2447/1460/1533
f 2410/1423/1507 2409/1422/1506 2447/1460/1533
f 2436/1449/1513 2448/1461/1534 2434/1447/1515
f 2449/1462/1535 2448/1461/1534 2436/1449/1513
f 2438/1451/1511 2449/1462/1535 2436/1449/1513
f 2450/1463/1536 2449/1462/1535 2438/1451/1511
f 2440/1453/1509 2450/1463/1536 2438/1451/1511
f 2451/1464/1537 2450/1463/1536 2440/1453/1509
f 2442/1455/1505 2451/1464/1537 2440/1453/1509
f 2452/1465/1538 2451/1464/1537 2442/1455/1505
f 2444/1457/1506 2452/1465/1538 2442/1455/1505
f 2453/1466/1539 2452/1465/1538 2444/1457/1506
f 2446/1459/1506 2453/1466/1539 2444/1457/1506
f 2454/1467/1540 2453/1466/1539 2446/1459/1506
f 2409/1422/1506 2454/1467/1540 2446/1459/1506
f 2455/1468/1541 2454/1467/1540 2409/1422/1506
f 2408/1421/1505 2455/1468/1541 2409/1422/1506
f 2456/1469/1542 2455/1468/1541 2408/1421/1505
f 2412/1425/1509 2456/1469/1542 2408/1421/1505
f 2457/1470/1543 2456/1469/1542 2412/1425/1509
f 2414/1427/1511 2457/1470/1543 2412/1425/1509
f 2458/1471/1544 2457/1470/1543 2414/1427/1511
f 2416/1429/1513 2458/1471/1544 2414/1427/1511
f 2459/1472/1545 2458/1471/1544 2416/1429/1513
f 2418/1431/1515 2459/1472/1545 2416/1429/1513
f 2460/1473/1546 2459/1472/1545 2418/1431/1515
f 2420/1433/1517 2460/1473/1546 2418/1431/1515
f 2461/1474/1547 2460/1473/1546 2420/1433/1517
f 2422/1435/1519 2461/1474/1547 2420/1433/1517
f 2462/1475/1548 2461/1474/1547 2422/1435/1519
f 2424/1437/1521 2462/1475/1548 2422/1435/1519
f 2463/1476/1549 2462/1475/1548 2424/1437/1521
f 2426/1439/1521 2463/1476/1549 2424/1437/1521
f 2464/1477/1550 2463/1476/1549 2426/1439/1521
f 2428/1441/1521 2464/1477/1550 2426/1439/1521
f 2465/1478/1551 2464/1477/1550 2428/1441/1521
f 2430/1443/1519 2465/1478/1551 2428/1441/1521
f 2466/1479/1552 2465/1478/1551 2430/1443/1519
f 2432/1445/1517 2466/1479/1552 2430/1443/1519
f 2467/1480/1553 2466/1479/1552 2432/1445/1517
f 2434/1447/1515 2467/1480/1553 2432/1445/1517
f 2448/1461/1534 2467/1480/1553 2434/1447/1515
f 2468/1481/1554 2469/1482/1555 2470/1483/1540
f 2471/1484/1556 2468/1481/1554 2470/1483/1540
f 2472/1485/1557 2468/1481/1554 2471/1484/1556
f 2473/1486/1558 2472/1485/1557 2471/1484/1556
f 2474/1487/1559 2472/1485/1557 2473/1486/1558
f 2475/1488/1543 2474/1487/1559 2473/1486/1558
f 2476/1489/1560 2474/1487/1559 2475/1488/1543
f 2477/1490/1561 2476/1489/1560 2475/1488/1543
f 2470/1483/1540 2469/1482/1555 2478/1491/1562
f 2469/1482/1555 2479/1492/1563 2478/1491/1562
f 2478/1491/1562 2479/1492/1563 2480/1491/1564
f 2479/1492/1563 2481/1492/1565 2480/1491/1564
f 2480/1491/1564 2481/1492/1565 2482/1493/1566
f 2481/1492/1565 2483/1494/1567 2482/1493/1566
f 2482/1493/1566 2483/1494/1567 2484/1495/1568
f 2483/1494/1567 2485/1496/1569 2484/1495/1568
f 2484/1495/1568 2485/1496/1569 2486/1497/1570
f 2485/1496/1569 2487/1498/1571 2486/1497/1570
f 2486/1497/1570 2487/1498/1571 2488/1499/1534
f 2487/1498/1571 2489/1500/1572 2488/1499/1534
f 2488/1499/1534 2489/1500/1572 2490/1501/1553
f 2489/1500/1572 2491/1502/1573 2490/1501/1553
f 2490/1501/1553 2491/1502/1573 2492/1503/1574
f 2491/1502/1573 2493/1504/1575 2492/1503/1574
f 2492/1503/1574 2493/1504/1575 2494/1505/1576
f 2493/1504/1575 2495/1506/1577 2494/1505/1576
f 2494/1505/1576 2495/1506/1577 2496/1507/1578
f 2495/1506/1577 2497/1508/1579 2496/1507/1578
f 2496/1507/1578 2497/1508/1579 2498/1509/1580
f 2497/1508/1579 2499/1510/1581 2498/1509/1580
f 2498/1509/1580 2499/1510/1581 2500/1511/1582
f 2499/1510/1581 2501/1512/1583 2500/1511/1582
f 2500/1511/1582 2501/1512/1583 2502/1513/1584
f 2501/1512/1583 2503/1514/1585 2502/1513/1584
f 2502/1513/1584 2503/1514/1585 2504/1515/1586
f 2503/1514/1585 2505/1516/1587 2504/1515/1586
f 2504/1515/1586 2505/1516/1587 2506/1517/1588
f 2505/1516/1587 2507/1518/1589 2506/1517/1588
f 2506/1517/1588 2507/1518/1589 2508/1517/1561
f 2507/1518/1589 2509/1518/1590 2508/1517/1561
f 2497/1508/1579 2495/1506/1577 2510/1519/1579
f 2495/1506/1577 2511/1520/1577 2510/1519/1579
f 2495/1506/1577 2493/1504/1575 2511/1520/1577
f 2493/1504/1575 2512/1521/1575 2511/1520/1577
f 2501/1512/1583 2499/1510/1581 2513/1522/1591
f 2499/1510/1581 2514/1523/1581 2513/1522/1591
f 2497/1508/1579 2510/1519/1579 2514/1523/1581
f 2499/1510/1581 2497/1508/1579 2514/1523/1581
f 2505/1516/1587 2503/1514/1585 2515/1524/1587
f 2503/1514/1585 2516/1525/1585 2515/1524/1587
f 2501/1512/1583 2513/1522/1591 2516/1525/1585
f 2503/1514/1585 2501/1512/1583 2516/1525/1585
f 2509/1518/1590 2507/1518/1589 2517/1526/1590
f 2507/1518/1589 2518/1526/1589 2517/1526/1590
f 2505/1516/1587 2515/1524/1587 2518/1526/1589
f 2507/1518/1589 2505/1516/1587 2518/1526/1589
f 2493/1504/1575 2491/1502/1573 2512/1521/1575
f 2491/1502/1573 2519/1527/1573 2512/1521/1575
f 2491/1502/1573 2489/1500/1572 2519/1527/1573
f 2489/1500/1572 2520/1528/1572 2519/1527/1573
f 2489/1500/1572 2487/1498/1571 2520/1528/1572
f 2487/1498/1571 2521/1529/1571 2520/1528/1572
f 2487/1498/1571 2485/1496/1569 2521/1529/1571
f 2485/1496/1569 2522/1530/1569 2521/1529/1571
f 2485/1496/1569 2483/1494/1567 2522/1530/1569
f 2483/1494/1567 2523/1531/1592 2522/1530/1569
f 2483/1494/1567 2481/1492/1565 2523/1531/1592
f 2481/1492/1565 2524/1532/1565 2523/1531/1592
f 2481/1492/1565 2479/1492/1563 2524/1532/1565
f 2479/1492/1563 2525/1532/1563 2524/1532/1565
f 2479/1492/1563 2469/1482/1555 2525/1532/1563
f 2469/1482/1555 2526/1533/1593 2525/1532/1563
f 2469/1482/1555 2468/1481/1554 2526/1533/1593
f 2468/1481/1554 2527/1534/1554 2526/1533/1593
f 2468/1481/1554 2472/1485/1557 2527/1534/1554
f 2472/1485/1557 2528/1535/1557 2527/1534/1554
f 2472/1485/1557 2474/1487/1559 2528/1535/1557
f 2474/1487/1559 2529/1536/1559 2528/1535/1557
f 2474/1487/1559 2476/1489/1560 2529/1536/1559
f 2476/1489/1560 2530/1537/1560 2529/1536/1559
f 2530/1537/1560 2531/1537/1594 2529/1536/1559
f 2531/1537/1594 2532/1536/1595 2529/1536/1559
f 2529/1536/1559 2532/1536/1595 2528/1535/1557
f 2532/1536/1595 2533/1535/1596 2528/1535/1557
f 2528/1535/1557 2533/1535/1596 2527/1534/1554
f 2533/1535/1596 2534/1534/1597 2527/1534/1554
f 2527/1534/1554 2534/1534/1597 2526/1533/1593
f 2534/1534/1597 2535/1533/1598 2526/1533/1593
f 2526/1533/1593 2535/1533/1598 2525/1532/1563
f 2535/1533/1598 2536/1532/1599 2525/1532/1563
f 2536/1532/1599 2537/1532/1600 2524/1532/1565
f 2525/1532/1563 2536/1532/1599 2524/1532/1565
f 2524/1532/1565 2537/1532/1600 2523/1531/1592
f 2537/1532/1600 2538/1531/1601 2523/1531/1592
f 2523/1531/1592 2538/1531/1601 2522/1530/1569
f 2538/1531/1601 2539/1530/1602 2522/1530/1569
f 2522/1530/1569 2539/1530/1602 2521/1529/1571
f 2539/1530/1602 2540/1529/1603 2521/1529/1571
f 2521/1529/1571 2540/1529/1603 2520/1528/1572
f 2540/1529/1603 2541/1528/1604 2520/1528/1572
f 2520/1528/1572 2541/1528/1604 2519/1527/1573
f 2541/1528/1604 2542/1527/1605 2519/1527/1573
f 2519/1527/1573 2542/1527/1605 2512/1521/1575
f 2542/1527/1605 2543/1521/1606 2512/1521/1575
f 2512/1521/1575 2543/1521/1606 2511/1520/1577
f 2543/1521/1606 2544/1520/1607 2511/1520/1577
f 2511/1520/1577 2544/1520/1607 2510/1519/1579
f 2544/1520/1607 2545/1519/1608 2510/1519/1579
f 2510/1519/1579 2545/1519/1608 2514/1523/1581
f 2545/1519/1608 2546/1523/1609 2514/1523/1581
f 2514/1523/1581 2546/1523/1609 2513/1522/1591
f 2546/1523/1609 2547/1522/1610 2513/1522/1591
f 2513/1522/1591 2547/1522/1610 2516/1525/1585
f 2547/1522/1610 2548/1525/1611 2516/1525/1585
f 2516/1525/1585 2548/1525/1611 2515/1524/1587
f 2548/1525/1611 2549/1524/1612 2515/1524/1587
f 2515/1524/1587 2549/1524/1612 2518/1526/1589
f 2549/1524/1612 2550/1526/1613 2518/1526/1589
f 2518/1526/1589 2550/1526/1613 2517/1526/1590
f 2550/1526/1613 2551/1526/1594 2517/1526/1590
f 2552/1538/1614 2553/1539/1615 2554/1540/1616
f 2555/1541/1617 2552/1538/1614 2554/1540/1616
f 2556/1542/1618 2552/1538/1614 2555/1541/1617
f 2557/1543/1619 2556/1542/1618 2555/1541/1617
f 2558/1544/1620 2556/1542/1618 2557/1543/1619
f 2559/1545/1621 2558/1544/1620 2557/1543/1619
f 2560/1546/1622 2558/1544/1620 2559/1545/1621
f 2561/1547/1594 2560/1546/1622 2559/1545/1621
f 2562/1548/1623 2560/1546/1622 2561/1547/1594
f 2563/1549/1613 2562/1548/1623 2561/1547/1594
f 2564/1550/1624 2562/1548/1623 2563/1549/1613
f 2565/1551/1625 2564/1550/1624 2563/1549/1613
f 2566/1552/1626 2564/1550/1624 2565/1551/1625
f 2567/1553/1627 2566/1552/1626 2565/1551/1625
f 2568/1554/1628 2566/1552/1626 2567/1553/1627
f 2569/1555/1610 2568/1554/1628 2567/1553/1627
f 2570/1556/1628 2568/1554/1628 2569/1555/1610
f 2571/1557/1629 2570/1556/1628 2569/1555/1610
f 2572/1558/1628 2570/1556/1628 2571/1557/1629
f 2573/1559/1630 2572/1558/1628 2571/1557/1629
f 2574/1560/1626 2572/1558/1628 2573/1559/1630
f 2575/1561/1631 2574/1560/1626 2573/1559/1630
f 2576/1562/1624 2574/1560/1626 2575/1561/1631
f 2577/1563/1632 2576/1562/1624 2575/1561/1631
f 2578/1564/1623 2576/1562/1624 2577/1563/1632
f 2579/1565/1605 2578/1564/1623 2577/1563/1632
f 2580/1566/1633 2578/1564/1623 2579/1565/1605
f 2581/1567/1634 2580/1566/1633 2579/1565/1605
f 2582/1568/1620 2580/1566/1633 2581/1567/1634
f 2583/1569/1635 2582/1568/1620 2581/1567/1634
f 2584/1570/1618 2582/1568/1620 2583/1569/1635
f 2585/1571/1636 2584/1570/1618 2583/1569/1635
f 2586/1572/1614 2584/1570/1618 2585/1571/1636
f 2587/1573/1637 2586/1572/1614 2585/1571/1636
f 2588/1574/1615 2586/1572/1614 2587/1573/1637
f 2589/1575/1638 2588/1574/1615 2587/1573/1637
f 2590/1576/1615 2588/1574/1615 2589/1575/1638
f 2591/1577/1639 2590/1576/1615 2589/1575/1638
f 2553/1539/1615 2590/1576/1615 2591/1577/1639
f 2554/1540/1616 2553/1539/1615 2591/1577/1639
f 2580/1566/1633 2592/1578/1640 2578/1564/1623
f 2593/1579/1641 2592/1578/1640 2580/1566/1633
f 2582/1568/1620 2593/1579/1641 2580/1566/1633
f 2594/1580/1642 2593/1579/1641 2582/1568/1620
f 2584/1570/1618 2594/1580/1642 2582/1568/1620
f 2595/1581/1643 2594/1580/1642 2584/1570/1618
f 2586/1572/1614 2595/1581/1643 2584/1570/1618
f 2596/1582/1644 2595/1581/1643 2586/1572/1614
f 2588/1574/1615 2596/1582/1644 2586/1572/1614
f 2597/1583/1645 2596/1582/1644 2588/1574/1615
f 2590/1576/1615 2597/1583/1645 2588/1574/1615
f 2598/1584/1646 2597/1583/1645 2590/1576/1615
f 2553/1539/1615 2598/1584/1646 2590/1576/1615
f 2599/1585/1647 2598/1584/1646 2553/1539/1615
f 2552/1538/1614 2599/1585/1647 2553/1539/1615
f 2600/1586/1648 2599/1585/1647 2552/1538/1614
f 2556/1542/1618 2600/1586/1648 2552/1538/1614
f 2601/1587/1649 2600/1586/1648 2556/1542/1618
f 2558/1544/1620 2601/1587/1649 2556/1542/1618
f 2602/1588/1650 2601/1587/1649 2558/1544/1620
f 2560/1546/1622 2602/1588/1650 2558/1544/1620
f 2603/1589/1651 2602/1588/1650 2560/1546/1622
f 2562/1548/1623 2603/1589/1651 2560/1546/1622
f 2604/1590/1652 2603/1589/1651 2562/1548/1623
f 2564/1550/1624 2604/1590/1652 2562/1548/1623
f 2605/1591/1653 2604/1590/1652 2564/1550/1624
f 2566/1552/1626 2605/1591/1653 2564/1550/1624
f 2606/1592/1654 2605/1591/1653 2566/1552/1626
f 2568/1554/1628 2606/1592/1654 2566/1552/1626
f 2607/1593/1655 2606/1592/1654 2568/1554/1628
f 2570/1556/1628 2607/1593/1655 2568/1554/1628
f 2608/1594/1656 2607/1593/1655 2570/1556/1628
f 2572/1558/1628 2608/1594/1656 2570/1556/1628
f 2609/1595/1657 2608/1594/1656 2572/1558/1628
f 2574/1560/1626 2609/1595/1657 2572/1558/1628
f 2610/1596/1658 2609/1595/1657 2574/1560/1626
f 2576/1562/1624 2610/1596/1658 2574/1560/1626
f 2611/1597/1659 2610/1596/1658 2576/1562/1624
f 2578/1564/1623 2611/1597/1659 2576/1562/1624
f 2592/1578/1640 2611/1597/1659 2578/1564/1623
f 2612/1598/1513 2613/1599/1513 2614/1600/1513
f 2615/1601/1513 2612/1598/1513 2614/1600/1513
f 2613/1599/1513 2612/1598/1513 2616/1602/1513
f 2612/1598/1513 2617/1603/1513 2616/1602/1513
f 2617/1603/1513 2612/1598/1513 2618/1604/1513
f 2612/1598/1513 2619/1605/1513 2618/1604/1513
f 2619/1605/1513 2612/1598/1513 2620/1606/1513
f 2612/1598/1513 2621/1607/1513 2620/1606/1513
f 2621/1607/1513 2612/1598/1513 2622/1608/1513
f 2612/1598/1513 2623/1609/1513 2622/1608/1513
f 2623/1609/1513 2612/1598/1513 2624/1610/1513
f 2612/1598/1513 2625/1611/1513 2624/1610/1513
f 2625/1611/1513 2612/1598/1513 2626/1612/1513
f 2612/1598/1513 2627/1613/1513 2626/1612/1513
f 2627/1613/1513 2612/1598/1513 2628/1614/1513
f 2612/1598/1513 2629/1615/1513 2628/1614/1513
f 2629/1615/1513 2612/1598/1513 2630/1616/1513
f 2612/1598/1513 2631/1617/1513 2630/1616/1513
f 2631/1617/1513 2612/1598/1513 2632/1618/1513
f 2612/1598/1513 2615/1601/1513 2632/1618/1513
f 2633/1614/1622 2634/1613/1622 2635/1598/1622
f 2636/1615/1622 2633/1614/1622 2635/1598/1622
f 2634/1613/1622 2637/1612/1622 2635/1598/1622
f 2637/1612/1622 2638/1611/1622 2635/1598/1622
f 2638/1611/1622 2639/1610/1622 2635/1598/1622
f 2639/1610/1622 2640/1619/1622 2635/1598/1622
f 2640/1619/1622 2641/1620/1622 2635/1598/1622
f 2641/1620/1622 2642/1607/1622 2635/1598/1622
f 2642/1607/1622 2643/1621/1622 2635/1598/1622
f 2643/1621/1622 2644/1622/1622 2635/1598/1622
f 2644/1622/1622 2645/1623/1622 2635/1598/1622
f 2645/1623/1622 2646/1624/1622 2635/1598/1622
f 2646/1624/1622 2647/1602/1622 2635/1598/1622
f 2647/1602/1622 2648/1625/1622 2635/1598/1622
f 2648/1625/1622 2649/1626/1622 2635/1598/1622
f 2649/1626/1622 2650/1601/1622 2635/1598/1622
f 2650/1601/1622 2651/1618/1622 2635/1598/1622
f 2651/1618/1622 2652/1617/1622 2635/1598/1622
f 2652/1617/1622 2653/1616/1622 2635/1598/1622
f 2653/1616/1622 2636/1615/1622 2635/1598/1622
o L_front_wheel_geo_#370500.004
v -0.859360 -1.317243 0.510498
v -0.859360 -1.247829 0.545875
v -0.836796 -1.236608 0.511336
v -0.836796 -1.295907 0.481123
v -0.859360 -1.372337 0.455404
v -0.836796 -1.342962 0.434068
v -0.859360 -1.407705 0.385990
v -0.836796 -1.373175 0.374769
v -0.859360 -1.419894 0.309039
v -0.836796 -1.383587 0.309039
v -0.859360 -1.407705 0.232079
v -0.836796 -1.373175 0.243301
v -0.859360 -1.372337 0.162665
v -0.836796 -1.342962 0.184010
v -0.859360 -1.317243 0.107571
v -0.836796 -1.295907 0.136947
v -0.859360 -1.247829 0.072204
v -0.836796 -1.236608 0.106734
v -0.859360 -1.170878 0.060014
v -0.836796 -1.170878 0.096322
v -0.859360 -1.093918 0.072204
v -0.836796 -1.105140 0.106734
v -0.859360 -1.024504 0.107571
v -0.836796 -1.045840 0.136946
v -0.859360 -0.969410 0.162665
v -0.836796 -0.998785 0.184010
v -0.859360 -0.934042 0.232079
v -0.836796 -0.968573 0.243301
v -0.859360 -0.921853 0.309039
v -0.836796 -0.958161 0.309039
v -0.859360 -0.934042 0.385990
v -0.836796 -0.968573 0.374769
v -0.859360 -0.969410 0.455404
v -0.836796 -0.998785 0.434068
v -0.859360 -1.024504 0.510498
v -0.836796 -1.045840 0.481123
v -0.859360 -1.093918 0.545866
v -0.836796 -1.105140 0.511336
v -0.859360 -1.170878 0.558055
v -0.836796 -1.170878 0.521748
v -0.836796 -0.865978 0.309039
v -0.836796 -0.880902 0.403251
v -0.836796 -0.924207 0.488250
v -0.836796 -0.991658 0.555701
v -0.836796 -1.076657 0.599006
v -0.836796 -1.170878 0.613931
v -0.836796 -1.265090 0.599006
v -0.836796 -1.350089 0.555701
v -0.836796 -1.417540 0.488250
v -0.836796 -1.460845 0.403251
v -0.836796 -1.475770 0.309039
v -0.836796 -1.460845 0.214819
v -0.836796 -1.417540 0.129819
v -0.836796 -1.350089 0.062368
v -0.836796 -1.265090 0.019064
v -0.836796 -1.170878 0.004139
v -0.836796 -1.076658 0.019064
v -0.836796 -0.991658 0.062368
v -0.836796 -0.924207 0.129819
v -0.836796 -0.880903 0.214819
v -0.801912 -1.350089 0.555701
v -0.801912 -1.265090 0.599006
v -0.836796 -1.265090 0.599006
v -0.836796 -1.350089 0.555701
v -0.801912 -1.417540 0.488250
v -0.836796 -1.417540 0.488250
v -0.801912 -1.460845 0.403251
v -0.836796 -1.460845 0.403251
v -0.801912 -1.475770 0.309039
v -0.836796 -1.475770 0.309039
v -0.836796 -1.170878 0.613931
v -0.801912 -1.170878 0.613931
v -0.836796 -1.076657 0.599006
v -0.801912 -1.076657 0.599006
v -0.836796 -0.991658 0.555701
v -0.801912 -0.991658 0.555701
v -0.836796 -0.924207 0.488250
v -0.801912 -0.924207 0.488250
v -0.836796 -0.880902 0.403251
v -0.801912 -0.880902 0.403251
v -0.836796 -0.865978 0.309039
v -0.801912 -0.865978 0.309039
v -0.836796 -0.880903 0.214819
v -0.801912 -0.880903 0.214819
v -0.836796 -0.924207 0.129819
v -0.801912 -0.924207 0.129819
v -0.836796 -0.991658 0.062368
v -0.801912 -0.991658 0.062368
v -0.836796 -1.076658 0.019064
v -0.801912 -1.076658 0.019064
v -0.836796 -1.170878 0.004139
v -0.801912 -1.170878 0.004139
v -0.836796 -1.265090 0.019064
v -0.801912 -1.265090 0.019064
v -0.836796 -1.350089 0.062368
v -0.801912 -1.350089 0.062368
v -0.836796 -1.417540 0.129819
v -0.801912 -1.417540 0.129819
v -0.836796 -1.460845 0.214819
v -0.801912 -1.460845 0.214819
v -0.836796 -1.475770 0.309039
v -0.801912 -1.475770 0.309039
v -0.639162 -1.076658 0.019064
v -0.639162 -0.991658 0.062368
v -0.639162 -0.924207 0.129819
v -0.639162 -1.265090 0.019064
v -0.639162 -1.170878 0.004139
v -0.639162 -1.417540 0.129819
v -0.639162 -1.350089 0.062368
v -0.639162 -1.475770 0.309039
v -0.639162 -1.460845 0.214819
v -0.639162 -0.880902 0.214819
v -0.639162 -0.865978 0.309039
v -0.639162 -0.880902 0.403251
v -0.639162 -0.924207 0.488250
v -0.639162 -0.991658 0.555701
v -0.639162 -1.076657 0.599006
v -0.639162 -1.170878 0.613931
v -0.639162 -1.265090 0.599006
v -0.639162 -1.350089 0.555701
v -0.639162 -1.417540 0.488250
v -0.639162 -1.460845 0.403251
v -0.639162 -1.475770 0.309039
v -0.604278 -1.475770 0.309039
v -0.604278 -1.460845 0.403251
v -0.604278 -1.417540 0.488250
v -0.604278 -1.350089 0.555701
v -0.604278 -1.265090 0.599006
v -0.604278 -1.170878 0.613931
v -0.604278 -1.076657 0.599006
v -0.604278 -0.991658 0.555701
v -0.604278 -0.924207 0.488250
v -0.604278 -0.880902 0.403251
v -0.604278 -0.865978 0.309039
v -0.604278 -0.880902 0.214819
v -0.604278 -0.924207 0.129819
v -0.604278 -0.991658 0.062368
v -0.604278 -1.076658 0.019064
v -0.604278 -1.170878 0.004139
v -0.604278 -1.265090 0.019064
v -0.604278 -1.350089 0.062368
v -0.604278 -1.417540 0.129819
v -0.604278 -1.460845 0.214819
v -0.604278 -1.475770 0.309039
v -0.581714 -1.317243 0.510498
v -0.581714 -1.247829 0.545866
v -0.604278 -1.265090 0.599006
v -0.604278 -1.350089 0.555701
v -0.581714 -1.372337 0.455404
v -0.604278 -1.417540 0.488250
v -0.581714 -1.407705 0.385990
v -0.604278 -1.460845 0.403251
v -0.581714 -1.419894 0.309039
v -0.604278 -1.475770 0.309039
v -0.581714 -1.407705 0.232079
v -0.604278 -1.460845 0.214819
v -0.581714 -1.372337 0.162665
v -0.604278 -1.417540 0.129819
v -0.581714 -1.317243 0.107571
v -0.604278 -1.350089 0.062368
v -0.581714 -1.247829 0.072204
v -0.604278 -1.265090 0.019064
v -0.581714 -1.170878 0.060014
v -0.604278 -1.170878 0.004139
v -0.581714 -1.093918 0.072204
v -0.604278 -1.076658 0.019064
v -0.581714 -1.024504 0.107571
v -0.604278 -0.991658 0.062368
v -0.581714 -0.969410 0.162665
v -0.604278 -0.924207 0.129819
v -0.581714 -0.934042 0.232079
v -0.604278 -0.880902 0.214819
v -0.581714 -0.921853 0.309039
v -0.604278 -0.865978 0.309039
v -0.581714 -0.934042 0.385990
v -0.604278 -0.880902 0.403251
v -0.581714 -0.969410 0.455404
v -0.604278 -0.924207 0.488250
v -0.581714 -1.024504 0.510498
v -0.604278 -0.991658 0.555701
v -0.581714 -1.093918 0.545866
v -0.604278 -1.076657 0.599006
v -0.581714 -1.170878 0.558055
v -0.604278 -1.170878 0.613931
v -0.604278 -0.958161 0.309039
v -0.604278 -0.968573 0.374769
v -0.604278 -0.998785 0.434059
v -0.604278 -1.045840 0.481123
v -0.604278 -1.105139 0.511336
v -0.604278 -1.170878 0.521748
v -0.604278 -1.236607 0.511336
v -0.604278 -1.295907 0.481123
v -0.604278 -1.342962 0.434059
v -0.604278 -1.373174 0.374769
v -0.604278 -1.383587 0.309039
v -0.604278 -1.373175 0.243301
v -0.604278 -1.342962 0.184001
v -0.604278 -1.295907 0.136947
v -0.604278 -1.236608 0.106734
v -0.604278 -1.170878 0.096322
v -0.604278 -1.105140 0.106734
v -0.604278 -1.045840 0.136946
v -0.604278 -0.998785 0.184001
v -0.604278 -0.968573 0.243301
v -0.836796 -1.170878 0.309039
v -0.836796 -1.373175 0.374769
v -0.836796 -1.342962 0.434068
v -0.836796 -1.295907 0.481123
v -0.836796 -1.383587 0.309039
v -0.836796 -1.373175 0.243301
v -0.836796 -1.342962 0.184010
v -0.836796 -1.295907 0.136947
v -0.836796 -1.236608 0.106734
v -0.836796 -1.170878 0.096322
v -0.836796 -1.105140 0.106734
v -0.836796 -1.045840 0.136946
v -0.836796 -0.998785 0.184010
v -0.836796 -0.968573 0.243301
v -0.836796 -0.958161 0.309039
v -0.836796 -0.968573 0.374769
v -0.836796 -0.998785 0.434068
v -0.836796 -1.045840 0.481123
v -0.836796 -1.105140 0.511336
v -0.836796 -1.170878 0.521748
v -0.836796 -1.236608 0.511336
v -0.604278 -1.342962 0.434059
v -0.604278 -1.373174 0.374769
v -0.604278 -1.170878 0.309039
v -0.604278 -1.295907 0.481123
v -0.604278 -1.383587 0.309039
v -0.604278 -1.373175 0.243301
v -0.604278 -1.342962 0.184001
v -0.604278 -1.295907 0.136947
v -0.604278 -1.236608 0.106734
v -0.604278 -1.170878 0.096322
v -0.604278 -1.105140 0.106734
v -0.604278 -1.045840 0.136946
v -0.604278 -0.998785 0.184001
v -0.604278 -0.968573 0.243301
v -0.604278 -0.958161 0.309039
v -0.604278 -0.968573 0.374769
v -0.604278 -0.998785 0.434059
v -0.604278 -1.045840 0.481123
v -0.604278 -1.105139 0.511336
v -0.604278 -1.170878 0.521748
v -0.604278 -1.236607 0.511336
vn -0.9978 -0.0000 0.0665
vn -0.9966 -0.0000 0.0821
vn -0.8510 0.1412 -0.5059
vn -0.8510 0.3052 -0.4274
vn -0.9987 -0.0000 0.0509
vn -0.8509 0.4242 -0.3098
vn -0.9996 -0.0000 0.0274
vn -0.8510 0.5000 -0.1608
vn -1.0000 -0.0000 0.0039
vn -0.8509 0.5252 0.0039
vn -0.9996 -0.0000 -0.0274
vn -0.8510 0.5000 0.1608
vn -0.9987 -0.0000 -0.0509
vn -0.8509 0.4242 0.3098
vn -0.9978 -0.0000 -0.0665
vn -0.8510 0.3052 0.4274
vn -0.9966 -0.0000 -0.0821
vn -0.8510 0.1412 0.5059
vn -0.8491 -0.0000 0.5283
vn -0.8510 -0.1412 0.5059
vn -0.8510 -0.3052 0.4274
vn -0.8510 -0.4241 0.3098
vn -0.8510 -0.5000 0.1608
vn -0.8509 -0.5252 0.0039
vn -0.8510 -0.5000 -0.1608
vn -0.8510 -0.4241 -0.3098
vn -0.8510 -0.3051 -0.4274
vn -0.8510 -0.1412 -0.5059
vn -0.8494 -0.0000 -0.5278
vn -0.6549 0.7557 0.0039
vn -0.6549 0.7194 0.2314
vn -0.6549 0.6122 0.4431
vn -0.6549 0.4382 0.6157
vn -0.6549 0.2369 0.7176
vn -0.6543 -0.0000 0.7562
vn -0.6549 -0.2368 0.7176
vn -0.6549 -0.4382 0.6157
vn -0.6549 -0.6122 0.4431
vn -0.6549 -0.7194 0.2314
vn -0.6549 -0.7557 0.0040
vn -0.6549 -0.7194 -0.2314
vn -0.6549 -0.6122 -0.4431
vn -0.6549 -0.4382 -0.6157
vn -0.6549 -0.2369 -0.7176
vn -0.6543 -0.0000 -0.7562
vn -0.6549 0.2368 -0.7177
vn -0.6549 0.4382 -0.6157
vn -0.6549 0.6122 -0.4431
vn -0.6549 0.7194 -0.2314
vn 0.0039 -0.5840 0.8118
vn 0.0039 -0.3032 0.9529
vn -0.6549 -0.4382 0.6156
vn 0.0039 -0.8115 0.5843
vn -0.6549 -0.6121 0.4431
vn 0.0039 -0.9508 0.3098
vn -0.6549 -0.7194 0.2313
vn 0.0039 -1.0000 0.0040
vn -0.6549 -0.7557 0.0039
vn -0.6544 -0.0000 0.7562
vn 0.0039 -0.0003 1.0000
vn -0.6549 0.2368 0.7176
vn 0.0039 0.3031 0.9529
vn -0.6549 0.4382 0.6156
vn 0.0039 0.5840 0.8117
vn -0.6549 0.6121 0.4431
vn 0.0039 0.8115 0.5843
vn -0.6549 0.7194 0.2313
vn 0.0039 0.9508 0.3098
vn 0.0039 1.0000 0.0039
vn 0.0039 0.9508 -0.3098
vn -0.6549 0.6120 -0.4433
vn 0.0039 0.8115 -0.5843
vn -0.6549 0.4383 -0.6156
vn 0.0039 0.5840 -0.8118
vn -0.6549 0.2368 -0.7176
vn 0.0039 0.3031 -0.9529
vn -0.6544 -0.0000 -0.7562
vn 0.0039 -0.0000 -1.0000
vn -0.6549 -0.2367 -0.7177
vn 0.0039 -0.3031 -0.9529
vn -0.6549 -0.4382 -0.6156
vn 0.0039 -0.5840 -0.8118
vn -0.6549 -0.6121 -0.4431
vn 0.0039 -0.8115 -0.5843
vn -0.6549 -0.7194 -0.2312
vn 0.0039 -0.9508 -0.3098
vn 0.0039 -1.0000 0.0039
vn 0.0039 -0.3032 -0.9529
vn 0.0039 0.5840 0.8118
vn 0.0039 -0.3031 0.9529
vn 0.6549 -0.7557 0.0039
vn 0.6549 -0.7194 0.2313
vn 0.6549 -0.6121 0.4431
vn 0.6549 -0.4381 0.6157
vn 0.6549 -0.2369 0.7176
vn 0.6544 -0.0000 0.7562
vn 0.6549 0.2368 0.7176
vn 0.6549 0.4382 0.6156
vn 0.6549 0.6121 0.4431
vn 0.6549 0.7194 0.2312
vn 0.6549 0.7557 0.0039
vn 0.6549 0.7194 -0.2314
vn 0.6549 0.6121 -0.4431
vn 0.6549 0.4381 -0.6157
vn 0.6549 0.2368 -0.7176
vn 0.6544 -0.0000 -0.7562
vn 0.6549 -0.2368 -0.7176
vn 0.6549 -0.4383 -0.6156
vn 0.6549 -0.6120 -0.4432
vn 0.6549 -0.7194 -0.2314
vn 0.9978 -0.0000 0.0665
vn 0.9966 -0.0000 0.0821
vn 0.6549 -0.4382 0.6157
vn 0.9987 -0.0000 0.0509
vn 0.6549 -0.6122 0.4431
vn 0.9996 -0.0000 0.0274
vn 0.6549 -0.7194 0.2314
vn 1.0000 -0.0003 0.0039
vn 0.9996 -0.0000 -0.0274
vn 0.9987 -0.0000 -0.0509
vn 0.6549 -0.6122 -0.4431
vn 0.9978 -0.0000 -0.0665
vn 0.6549 -0.4382 -0.6157
vn 0.9966 -0.0000 -0.0821
vn 0.6543 -0.0000 -0.7562
vn 0.6549 0.2369 -0.7176
vn 0.6549 0.4382 -0.6157
vn 0.6549 0.6122 -0.4431
vn 1.0000 -0.0004 0.0039
vn 0.6549 0.7557 0.0040
vn 0.6549 0.7194 0.2314
vn 0.6549 0.6122 0.4431
vn 0.6549 0.4382 0.6157
vn 0.6549 0.2368 0.7177
vn 0.6543 -0.0000 0.7562
vn 0.8510 -0.5252 0.0039
vn 0.8510 -0.5000 -0.1608
vn 0.8510 -0.4241 -0.3098
vn 0.8510 -0.3052 -0.4274
vn 0.8510 -0.1412 -0.5059
vn 0.8491 -0.0000 -0.5283
vn 0.8510 0.1412 -0.5059
vn 0.8510 0.3052 -0.4274
vn 0.8510 0.4241 -0.3098
vn 0.8510 0.5000 -0.1608
vn 0.8510 0.5252 0.0039
vn 0.8510 0.5000 0.1608
vn 0.8509 0.4242 0.3098
vn 0.8510 0.3052 0.4274
vn 0.8510 0.1412 0.5059
vn 0.8491 -0.0000 0.5283
vn 0.8510 -0.1412 0.5059
vn 0.8510 -0.3052 0.4274
vn 0.8510 -0.4241 0.3098
vn 0.8510 -0.5000 0.1608
vt 0.146291 0.364438
vt 0.123777 0.375306
vt 0.119119 0.361332
vt 0.136975 0.352016
vt 0.163370 0.347358
vt 0.150948 0.338043
vt 0.175014 0.324845
vt 0.160264 0.320187
vt 0.178896 0.300779
vt 0.163370 0.300779
vt 0.175014 0.276713
vt 0.160264 0.281371
vt 0.163370 0.254200
vt 0.150948 0.263516
vt 0.146291 0.237120
vt 0.136975 0.249542
vt 0.123777 0.225476
vt 0.119119 0.240226
vt 0.099711 0.221594
vt 0.099711 0.237120
vt 0.075645 0.225476
vt 0.080303 0.240226
vt 0.053132 0.237120
vt 0.062448 0.249542
vt 0.036053 0.254200
vt 0.048474 0.263516
vt 0.025184 0.276713
vt 0.039158 0.281371
vt 0.021302 0.300779
vt 0.036053 0.300779
vt 0.025184 0.324845
vt 0.039158 0.320187
vt 0.036053 0.347358
vt 0.048474 0.338043
vt 0.053132 0.364438
vt 0.062448 0.352016
vt 0.075645 0.375306
vt 0.080303 0.361332
vt 0.099711 0.379188
vt 0.099711 0.364438
vt 0.003447 0.300779
vt 0.008105 0.330279
vt 0.022079 0.357451
vt 0.043040 0.378411
vt 0.070211 0.392385
vt 0.099711 0.397043
vt 0.129211 0.392385
vt 0.156383 0.378411
vt 0.178120 0.357451
vt 0.191317 0.330279
vt 0.195975 0.300779
vt 0.191317 0.271279
vt 0.178120 0.244107
vt 0.156383 0.222370
vt 0.129211 0.209173
vt 0.099711 0.204515
vt 0.070211 0.209173
vt 0.043040 0.222370
vt 0.022079 0.244107
vt 0.008105 0.271279
vt 0.176567 0.385398
vt 0.175791 0.385398
vt 0.175791 0.384622
vt 0.176567 0.384622
vt 0.177344 0.385398
vt 0.177344 0.384622
vt 0.178120 0.385398
vt 0.178120 0.384622
vt 0.178896 0.385398
vt 0.178896 0.384622
vt 0.175014 0.384622
vt 0.175014 0.385398
vt 0.174238 0.384622
vt 0.174238 0.385398
vt 0.173462 0.384622
vt 0.173462 0.385398
vt 0.172686 0.384622
vt 0.172686 0.385398
vt 0.171909 0.384622
vt 0.171909 0.385398
vt 0.171133 0.384622
vt 0.171133 0.385398
vt 0.170357 0.384622
vt 0.170357 0.385398
vt 0.169580 0.384622
vt 0.169580 0.385398
vt 0.168804 0.384622
vt 0.168804 0.385398
vt 0.168028 0.384622
vt 0.168028 0.385398
vt 0.167251 0.384622
vt 0.167251 0.385398
vt 0.166475 0.384622
vt 0.166475 0.385398
vt 0.165699 0.384622
vt 0.165699 0.385398
vt 0.164922 0.384622
vt 0.164922 0.385398
vt 0.168804 0.386951
vt 0.169580 0.386951
vt 0.170357 0.386951
vt 0.167251 0.386951
vt 0.168028 0.386951
vt 0.165699 0.386951
vt 0.166475 0.386951
vt 0.164922 0.386951
vt 0.171133 0.386951
vt 0.171909 0.386951
vt 0.172686 0.386951
vt 0.173462 0.386951
vt 0.174238 0.386951
vt 0.175014 0.386951
vt 0.175791 0.386951
vt 0.176567 0.386951
vt 0.177344 0.386951
vt 0.178120 0.386951
vt 0.178896 0.386951
vt 0.053132 0.365214
vt 0.074869 0.376859
vt 0.069435 0.393938
vt 0.042263 0.379964
vt 0.035276 0.347358
vt 0.020526 0.358227
vt 0.023631 0.325621
vt 0.006552 0.331056
vt 0.019750 0.300779
vt 0.001894 0.300779
vt 0.023631 0.275937
vt 0.006552 0.270502
vt 0.035276 0.253423
vt 0.020526 0.243331
vt 0.053132 0.236344
vt 0.042263 0.221594
vt 0.074869 0.224699
vt 0.069435 0.207620
vt 0.099711 0.220818
vt 0.099711 0.202962
vt 0.124554 0.224699
vt 0.129988 0.207620
vt 0.147067 0.236344
vt 0.157159 0.221594
vt 0.164146 0.253423
vt 0.178896 0.243331
vt 0.175791 0.275937
vt 0.192870 0.270502
vt 0.179672 0.300779
vt 0.197528 0.300779
vt 0.175791 0.325621
vt 0.192870 0.331056
vt 0.164146 0.347358
vt 0.178896 0.358227
vt 0.147067 0.365214
vt 0.157159 0.379964
vt 0.124554 0.376859
vt 0.129988 0.393938
vt 0.099711 0.380740
vt 0.099711 0.398596
vt 0.164146 0.300779
vt 0.161041 0.320963
vt 0.151725 0.338819
vt 0.137751 0.352793
vt 0.119896 0.362109
vt 0.099711 0.365214
vt 0.079527 0.362109
vt 0.061671 0.352793
vt 0.047697 0.338819
vt 0.038382 0.320963
vt 0.035276 0.300779
vt 0.038382 0.280595
vt 0.047697 0.262739
vt 0.061671 0.248765
vt 0.079527 0.239449
vt 0.099711 0.236344
vt 0.119896 0.239449
vt 0.137751 0.248765
vt 0.151725 0.262739
vt 0.161041 0.280595
vt 0.099711 0.300779
vt 0.156383 0.319411
vt 0.147843 0.335714
vt 0.134646 0.348911
vt 0.159488 0.300779
vt 0.156383 0.282147
vt 0.147843 0.265844
vt 0.134646 0.252647
vt 0.118343 0.244107
vt 0.099711 0.241002
vt 0.081079 0.244107
vt 0.064777 0.252647
vt 0.051579 0.265844
vt 0.043040 0.282147
vt 0.039934 0.300779
vt 0.043040 0.319411
vt 0.051579 0.335714
vt 0.064777 0.348911
vt 0.081079 0.357451
vt 0.099711 0.360556
vt 0.118343 0.357451
vt 0.064777 0.251871
vt 0.081079 0.243331
vt 0.118343 0.243331
vt 0.134646 0.251871
vt 0.148620 0.265844
vt 0.157159 0.282147
vt 0.157159 0.319411
vt 0.148620 0.335714
s 1
usemtl Volterra_Racing
f 2654/1627/1660 2655/1628/1661 2656/1629/1662
f 2657/1630/1663 2654/1627/1660 2656/1629/1662
f 2658/1631/1664 2654/1627/1660 2657/1630/1663
f 2659/1632/1665 2658/1631/1664 2657/1630/1663
f 2660/1633/1666 2658/1631/1664 2659/1632/1665
f 2661/1634/1667 2660/1633/1666 2659/1632/1665
f 2662/1635/1668 2660/1633/1666 2661/1634/1667
f 2663/1636/1669 2662/1635/1668 2661/1634/1667
f 2664/1637/1670 2662/1635/1668 2663/1636/1669
f 2665/1638/1671 2664/1637/1670 2663/1636/1669
f 2666/1639/1672 2664/1637/1670 2665/1638/1671
f 2667/1640/1673 2666/1639/1672 2665/1638/1671
f 2668/1641/1674 2666/1639/1672 2667/1640/1673
f 2669/1642/1675 2668/1641/1674 2667/1640/1673
f 2670/1643/1676 2668/1641/1674 2669/1642/1675
f 2671/1644/1677 2670/1643/1676 2669/1642/1675
f 2672/1645/1676 2670/1643/1676 2671/1644/1677
f 2673/1646/1678 2672/1645/1676 2671/1644/1677
f 2674/1647/1676 2672/1645/1676 2673/1646/1678
f 2675/1648/1679 2674/1647/1676 2673/1646/1678
f 2676/1649/1674 2674/1647/1676 2675/1648/1679
f 2677/1650/1680 2676/1649/1674 2675/1648/1679
f 2678/1651/1672 2676/1649/1674 2677/1650/1680
f 2679/1652/1681 2678/1651/1672 2677/1650/1680
f 2680/1653/1670 2678/1651/1672 2679/1652/1681
f 2681/1654/1682 2680/1653/1670 2679/1652/1681
f 2682/1655/1668 2680/1653/1670 2681/1654/1682
f 2683/1656/1683 2682/1655/1668 2681/1654/1682
f 2684/1657/1666 2682/1655/1668 2683/1656/1683
f 2685/1658/1684 2684/1657/1666 2683/1656/1683
f 2686/1659/1664 2684/1657/1666 2685/1658/1684
f 2687/1660/1685 2686/1659/1664 2685/1658/1684
f 2688/1661/1660 2686/1659/1664 2687/1660/1685
f 2689/1662/1686 2688/1661/1660 2687/1660/1685
f 2690/1663/1661 2688/1661/1660 2689/1662/1686
f 2691/1664/1687 2690/1663/1661 2689/1662/1686
f 2692/1665/1661 2690/1663/1661 2691/1664/1687
f 2693/1666/1688 2692/1665/1661 2691/1664/1687
f 2655/1628/1661 2692/1665/1661 2693/1666/1688
f 2656/1629/1662 2655/1628/1661 2693/1666/1688
f 2682/1655/1668 2694/1667/1689 2680/1653/1670
f 2695/1668/1690 2694/1667/1689 2682/1655/1668
f 2684/1657/1666 2695/1668/1690 2682/1655/1668
f 2696/1669/1691 2695/1668/1690 2684/1657/1666
f 2686/1659/1664 2696/1669/1691 2684/1657/1666
f 2697/1670/1692 2696/1669/1691 2686/1659/1664
f 2688/1661/1660 2697/1670/1692 2686/1659/1664
f 2698/1671/1693 2697/1670/1692 2688/1661/1660
f 2690/1663/1661 2698/1671/1693 2688/1661/1660
f 2699/1672/1694 2698/1671/1693 2690/1663/1661
f 2692/1665/1661 2699/1672/1694 2690/1663/1661
f 2700/1673/1695 2699/1672/1694 2692/1665/1661
f 2655/1628/1661 2700/1673/1695 2692/1665/1661
f 2701/1674/1696 2700/1673/1695 2655/1628/1661
f 2654/1627/1660 2701/1674/1696 2655/1628/1661
f 2702/1675/1697 2701/1674/1696 2654/1627/1660
f 2658/1631/1664 2702/1675/1697 2654/1627/1660
f 2703/1676/1698 2702/1675/1697 2658/1631/1664
f 2660/1633/1666 2703/1676/1698 2658/1631/1664
f 2704/1677/1699 2703/1676/1698 2660/1633/1666
f 2662/1635/1668 2704/1677/1699 2660/1633/1666
f 2705/1678/1700 2704/1677/1699 2662/1635/1668
f 2664/1637/1670 2705/1678/1700 2662/1635/1668
f 2706/1679/1701 2705/1678/1700 2664/1637/1670
f 2666/1639/1672 2706/1679/1701 2664/1637/1670
f 2707/1680/1702 2706/1679/1701 2666/1639/1672
f 2668/1641/1674 2707/1680/1702 2666/1639/1672
f 2708/1681/1703 2707/1680/1702 2668/1641/1674
f 2670/1643/1676 2708/1681/1703 2668/1641/1674
f 2709/1682/1704 2708/1681/1703 2670/1643/1676
f 2672/1645/1676 2709/1682/1704 2670/1643/1676
f 2710/1683/1705 2709/1682/1704 2672/1645/1676
f 2674/1647/1676 2710/1683/1705 2672/1645/1676
f 2711/1684/1706 2710/1683/1705 2674/1647/1676
f 2676/1649/1674 2711/1684/1706 2674/1647/1676
f 2712/1685/1707 2711/1684/1706 2676/1649/1674
f 2678/1651/1672 2712/1685/1707 2676/1649/1674
f 2713/1686/1708 2712/1685/1707 2678/1651/1672
f 2680/1653/1670 2713/1686/1708 2678/1651/1672
f 2694/1667/1689 2713/1686/1708 2680/1653/1670
f 2714/1687/1709 2715/1688/1710 2716/1689/1695
f 2717/1690/1711 2714/1687/1709 2716/1689/1695
f 2718/1691/1712 2714/1687/1709 2717/1690/1711
f 2719/1692/1713 2718/1691/1712 2717/1690/1711
f 2720/1693/1714 2718/1691/1712 2719/1692/1713
f 2721/1694/1715 2720/1693/1714 2719/1692/1713
f 2722/1695/1716 2720/1693/1714 2721/1694/1715
f 2723/1696/1717 2722/1695/1716 2721/1694/1715
f 2716/1689/1695 2715/1688/1710 2724/1697/1718
f 2715/1688/1710 2725/1698/1719 2724/1697/1718
f 2724/1697/1718 2725/1698/1719 2726/1697/1720
f 2725/1698/1719 2727/1698/1721 2726/1697/1720
f 2726/1697/1720 2727/1698/1721 2728/1699/1722
f 2727/1698/1721 2729/1700/1723 2728/1699/1722
f 2728/1699/1722 2729/1700/1723 2730/1701/1724
f 2729/1700/1723 2731/1702/1725 2730/1701/1724
f 2730/1701/1724 2731/1702/1725 2732/1703/1726
f 2731/1702/1725 2733/1704/1727 2732/1703/1726
f 2732/1703/1726 2733/1704/1727 2734/1705/1689
f 2733/1704/1727 2735/1706/1728 2734/1705/1689
f 2734/1705/1689 2735/1706/1728 2736/1707/1708
f 2735/1706/1728 2737/1708/1729 2736/1707/1708
f 2736/1707/1708 2737/1708/1729 2738/1709/1730
f 2737/1708/1729 2739/1710/1731 2738/1709/1730
f 2738/1709/1730 2739/1710/1731 2740/1711/1732
f 2739/1710/1731 2741/1712/1733 2740/1711/1732
f 2740/1711/1732 2741/1712/1733 2742/1713/1734
f 2741/1712/1733 2743/1714/1735 2742/1713/1734
f 2742/1713/1734 2743/1714/1735 2744/1715/1736
f 2743/1714/1735 2745/1716/1737 2744/1715/1736
f 2744/1715/1736 2745/1716/1737 2746/1717/1738
f 2745/1716/1737 2747/1718/1739 2746/1717/1738
f 2746/1717/1738 2747/1718/1739 2748/1719/1740
f 2747/1718/1739 2749/1720/1741 2748/1719/1740
f 2748/1719/1740 2749/1720/1741 2750/1721/1742
f 2749/1720/1741 2751/1722/1743 2750/1721/1742
f 2750/1721/1742 2751/1722/1743 2752/1723/1744
f 2751/1722/1743 2753/1724/1745 2752/1723/1744
f 2752/1723/1744 2753/1724/1745 2754/1723/1717
f 2753/1724/1745 2755/1724/1746 2754/1723/1717
f 2743/1714/1735 2741/1712/1733 2756/1725/1735
f 2741/1712/1733 2757/1726/1733 2756/1725/1735
f 2741/1712/1733 2739/1710/1731 2757/1726/1733
f 2739/1710/1731 2758/1727/1731 2757/1726/1733
f 2747/1718/1739 2745/1716/1737 2759/1728/1747
f 2745/1716/1737 2760/1729/1737 2759/1728/1747
f 2743/1714/1735 2756/1725/1735 2760/1729/1737
f 2745/1716/1737 2743/1714/1735 2760/1729/1737
f 2751/1722/1743 2749/1720/1741 2761/1730/1743
f 2749/1720/1741 2762/1731/1741 2761/1730/1743
f 2747/1718/1739 2759/1728/1747 2762/1731/1741
f 2749/1720/1741 2747/1718/1739 2762/1731/1741
f 2755/1724/1746 2753/1724/1745 2763/1732/1746
f 2753/1724/1745 2764/1732/1745 2763/1732/1746
f 2751/1722/1743 2761/1730/1743 2764/1732/1745
f 2753/1724/1745 2751/1722/1743 2764/1732/1745
f 2739/1710/1731 2737/1708/1729 2758/1727/1731
f 2737/1708/1729 2765/1733/1729 2758/1727/1731
f 2737/1708/1729 2735/1706/1728 2765/1733/1729
f 2735/1706/1728 2766/1734/1728 2765/1733/1729
f 2735/1706/1728 2733/1704/1727 2766/1734/1728
f 2733/1704/1727 2767/1735/1727 2766/1734/1728
f 2733/1704/1727 2731/1702/1725 2767/1735/1727
f 2731/1702/1725 2768/1736/1725 2767/1735/1727
f 2731/1702/1725 2729/1700/1723 2768/1736/1725
f 2729/1700/1723 2769/1737/1748 2768/1736/1725
f 2729/1700/1723 2727/1698/1721 2769/1737/1748
f 2727/1698/1721 2770/1738/1721 2769/1737/1748
f 2727/1698/1721 2725/1698/1719 2770/1738/1721
f 2725/1698/1719 2771/1738/1719 2770/1738/1721
f 2725/1698/1719 2715/1688/1710 2771/1738/1719
f 2715/1688/1710 2772/1739/1749 2771/1738/1719
f 2715/1688/1710 2714/1687/1709 2772/1739/1749
f 2714/1687/1709 2773/1740/1709 2772/1739/1749
f 2714/1687/1709 2718/1691/1712 2773/1740/1709
f 2718/1691/1712 2774/1741/1712 2773/1740/1709
f 2718/1691/1712 2720/1693/1714 2774/1741/1712
f 2720/1693/1714 2775/1742/1714 2774/1741/1712
f 2720/1693/1714 2722/1695/1716 2775/1742/1714
f 2722/1695/1716 2776/1743/1716 2775/1742/1714
f 2776/1743/1716 2777/1743/1750 2775/1742/1714
f 2777/1743/1750 2778/1742/1751 2775/1742/1714
f 2775/1742/1714 2778/1742/1751 2774/1741/1712
f 2778/1742/1751 2779/1741/1752 2774/1741/1712
f 2774/1741/1712 2779/1741/1752 2773/1740/1709
f 2779/1741/1752 2780/1740/1753 2773/1740/1709
f 2773/1740/1709 2780/1740/1753 2772/1739/1749
f 2780/1740/1753 2781/1739/1754 2772/1739/1749
f 2772/1739/1749 2781/1739/1754 2771/1738/1719
f 2781/1739/1754 2782/1738/1755 2771/1738/1719
f 2782/1738/1755 2783/1738/1756 2770/1738/1721
f 2771/1738/1719 2782/1738/1755 2770/1738/1721
f 2770/1738/1721 2783/1738/1756 2769/1737/1748
f 2783/1738/1756 2784/1737/1757 2769/1737/1748
f 2769/1737/1748 2784/1737/1757 2768/1736/1725
f 2784/1737/1757 2785/1736/1758 2768/1736/1725
f 2768/1736/1725 2785/1736/1758 2767/1735/1727
f 2785/1736/1758 2786/1735/1759 2767/1735/1727
f 2767/1735/1727 2786/1735/1759 2766/1734/1728
f 2786/1735/1759 2787/1734/1760 2766/1734/1728
f 2766/1734/1728 2787/1734/1760 2765/1733/1729
f 2787/1734/1760 2788/1733/1761 2765/1733/1729
f 2765/1733/1729 2788/1733/1761 2758/1727/1731
f 2788/1733/1761 2789/1727/1762 2758/1727/1731
f 2758/1727/1731 2789/1727/1762 2757/1726/1733
f 2789/1727/1762 2790/1726/1763 2757/1726/1733
f 2757/1726/1733 2790/1726/1763 2756/1725/1735
f 2790/1726/1763 2791/1725/1764 2756/1725/1735
f 2756/1725/1735 2791/1725/1764 2760/1729/1737
f 2791/1725/1764 2792/1729/1765 2760/1729/1737
f 2760/1729/1737 2792/1729/1765 2759/1728/1747
f 2792/1729/1765 2793/1728/1766 2759/1728/1747
f 2759/1728/1747 2793/1728/1766 2762/1731/1741
f 2793/1728/1766 2794/1731/1767 2762/1731/1741
f 2762/1731/1741 2794/1731/1767 2761/1730/1743
f 2794/1731/1767 2795/1730/1768 2761/1730/1743
f 2761/1730/1743 2795/1730/1768 2764/1732/1745
f 2795/1730/1768 2796/1732/1769 2764/1732/1745
f 2764/1732/1745 2796/1732/1769 2763/1732/1746
f 2796/1732/1769 2797/1732/1750 2763/1732/1746
f 2798/1744/1770 2799/1745/1771 2800/1746/1754
f 2801/1747/1772 2798/1744/1770 2800/1746/1754
f 2802/1748/1773 2798/1744/1770 2801/1747/1772
f 2803/1749/1774 2802/1748/1773 2801/1747/1772
f 2804/1750/1775 2802/1748/1773 2803/1749/1774
f 2805/1751/1776 2804/1750/1775 2803/1749/1774
f 2806/1752/1777 2804/1750/1775 2805/1751/1776
f 2807/1753/1750 2806/1752/1777 2805/1751/1776
f 2808/1754/1778 2806/1752/1777 2807/1753/1750
f 2809/1755/1769 2808/1754/1778 2807/1753/1750
f 2810/1756/1779 2808/1754/1778 2809/1755/1769
f 2811/1757/1780 2810/1756/1779 2809/1755/1769
f 2812/1758/1781 2810/1756/1779 2811/1757/1780
f 2813/1759/1782 2812/1758/1781 2811/1757/1780
f 2814/1760/1783 2812/1758/1781 2813/1759/1782
f 2815/1761/1766 2814/1760/1783 2813/1759/1782
f 2816/1762/1783 2814/1760/1783 2815/1761/1766
f 2817/1763/1784 2816/1762/1783 2815/1761/1766
f 2818/1764/1783 2816/1762/1783 2817/1763/1784
f 2819/1765/1785 2818/1764/1783 2817/1763/1784
f 2820/1766/1781 2818/1764/1783 2819/1765/1785
f 2821/1767/1786 2820/1766/1781 2819/1765/1785
f 2822/1768/1779 2820/1766/1781 2821/1767/1786
f 2823/1769/1787 2822/1768/1779 2821/1767/1786
f 2824/1770/1778 2822/1768/1779 2823/1769/1787
f 2825/1771/1761 2824/1770/1778 2823/1769/1787
f 2826/1772/1788 2824/1770/1778 2825/1771/1761
f 2827/1773/1789 2826/1772/1788 2825/1771/1761
f 2828/1774/1775 2826/1772/1788 2827/1773/1789
f 2829/1775/1790 2828/1774/1775 2827/1773/1789
f 2830/1776/1773 2828/1774/1775 2829/1775/1790
f 2831/1777/1791 2830/1776/1773 2829/1775/1790
f 2832/1778/1770 2830/1776/1773 2831/1777/1791
f 2833/1779/1792 2832/1778/1770 2831/1777/1791
f 2834/1780/1771 2832/1778/1770 2833/1779/1792
f 2835/1781/1793 2834/1780/1771 2833/1779/1792
f 2836/1782/1771 2834/1780/1771 2835/1781/1793
f 2837/1783/1794 2836/1782/1771 2835/1781/1793
f 2799/1745/1771 2836/1782/1771 2837/1783/1794
f 2800/1746/1754 2799/1745/1771 2837/1783/1794
f 2826/1772/1788 2838/1784/1795 2824/1770/1778
f 2839/1785/1796 2838/1784/1795 2826/1772/1788
f 2828/1774/1775 2839/1785/1796 2826/1772/1788
f 2840/1786/1797 2839/1785/1796 2828/1774/1775
f 2830/1776/1773 2840/1786/1797 2828/1774/1775
f 2841/1787/1798 2840/1786/1797 2830/1776/1773
f 2832/1778/1770 2841/1787/1798 2830/1776/1773
f 2842/1788/1799 2841/1787/1798 2832/1778/1770
f 2834/1780/1771 2842/1788/1799 2832/1778/1770
f 2843/1789/1800 2842/1788/1799 2834/1780/1771
f 2836/1782/1771 2843/1789/1800 2834/1780/1771
f 2844/1790/1801 2843/1789/1800 2836/1782/1771
f 2799/1745/1771 2844/1790/1801 2836/1782/1771
f 2845/1791/1802 2844/1790/1801 2799/1745/1771
f 2798/1744/1770 2845/1791/1802 2799/1745/1771
f 2846/1792/1803 2845/1791/1802 2798/1744/1770
f 2802/1748/1773 2846/1792/1803 2798/1744/1770
f 2847/1793/1804 2846/1792/1803 2802/1748/1773
f 2804/1750/1775 2847/1793/1804 2802/1748/1773
f 2848/1794/1805 2847/1793/1804 2804/1750/1775
f 2806/1752/1777 2848/1794/1805 2804/1750/1775
f 2849/1795/1806 2848/1794/1805 2806/1752/1777
f 2808/1754/1778 2849/1795/1806 2806/1752/1777
f 2850/1796/1807 2849/1795/1806 2808/1754/1778
f 2810/1756/1779 2850/1796/1807 2808/1754/1778
f 2851/1797/1808 2850/1796/1807 2810/1756/1779
f 2812/1758/1781 2851/1797/1808 2810/1756/1779
f 2852/1798/1809 2851/1797/1808 2812/1758/1781
f 2814/1760/1783 2852/1798/1809 2812/1758/1781
f 2853/1799/1810 2852/1798/1809 2814/1760/1783
f 2816/1762/1783 2853/1799/1810 2814/1760/1783
f 2854/1800/1811 2853/1799/1810 2816/1762/1783
f 2818/1764/1783 2854/1800/1811 2816/1762/1783
f 2855/1801/1812 2854/1800/1811 2818/1764/1783
f 2820/1766/1781 2855/1801/1812 2818/1764/1783
f 2856/1802/1813 2855/1801/1812 2820/1766/1781
f 2822/1768/1779 2856/1802/1813 2820/1766/1781
f 2857/1803/1814 2856/1802/1813 2822/1768/1779
f 2824/1770/1778 2857/1803/1814 2822/1768/1779
f 2838/1784/1795 2857/1803/1814 2824/1770/1778
f 2858/1804/1668 2859/1805/1668 2860/1806/1668
f 2861/1807/1668 2858/1804/1668 2860/1806/1668
f 2859/1805/1668 2858/1804/1668 2862/1808/1668
f 2858/1804/1668 2863/1809/1668 2862/1808/1668
f 2863/1809/1668 2858/1804/1668 2864/1810/1668
f 2858/1804/1668 2865/1811/1668 2864/1810/1668
f 2865/1811/1668 2858/1804/1668 2866/1812/1668
f 2858/1804/1668 2867/1813/1668 2866/1812/1668
f 2867/1813/1668 2858/1804/1668 2868/1814/1668
f 2858/1804/1668 2869/1815/1668 2868/1814/1668
f 2869/1815/1668 2858/1804/1668 2870/1816/1668
f 2858/1804/1668 2871/1817/1668 2870/1816/1668
f 2871/1817/1668 2858/1804/1668 2872/1818/1668
f 2858/1804/1668 2873/1819/1668 2872/1818/1668
f 2873/1819/1668 2858/1804/1668 2874/1820/1668
f 2858/1804/1668 2875/1821/1668 2874/1820/1668
f 2875/1821/1668 2858/1804/1668 2876/1822/1668
f 2858/1804/1668 2877/1823/1668 2876/1822/1668
f 2877/1823/1668 2858/1804/1668 2878/1824/1668
f 2858/1804/1668 2861/1807/1668 2878/1824/1668
f 2879/1820/1777 2880/1819/1777 2881/1804/1777
f 2882/1821/1777 2879/1820/1777 2881/1804/1777
f 2880/1819/1777 2883/1818/1777 2881/1804/1777
f 2883/1818/1777 2884/1817/1777 2881/1804/1777
f 2884/1817/1777 2885/1816/1777 2881/1804/1777
f 2885/1816/1777 2886/1825/1777 2881/1804/1777
f 2886/1825/1777 2887/1826/1777 2881/1804/1777
f 2887/1826/1777 2888/1813/1777 2881/1804/1777
f 2888/1813/1777 2889/1827/1777 2881/1804/1777
f 2889/1827/1777 2890/1828/1777 2881/1804/1777
f 2890/1828/1777 2891/1829/1777 2881/1804/1777
f 2891/1829/1777 2892/1830/1777 2881/1804/1777
f 2892/1830/1777 2893/1808/1777 2881/1804/1777
f 2893/1808/1777 2894/1831/1777 2881/1804/1777
f 2894/1831/1777 2895/1832/1777 2881/1804/1777
f 2895/1832/1777 2896/1807/1777 2881/1804/1777
f 2896/1807/1777 2897/1824/1777 2881/1804/1777
f 2897/1824/1777 2898/1823/1777 2881/1804/1777
f 2898/1823/1777 2899/1822/1777 2881/1804/1777
f 2899/1822/1777 2882/1821/1777 2881/1804/1777
o L_front_wheel_geo_#370500.003
v -0.859360 1.144593 0.510498
v -0.859360 1.214007 0.545875
v -0.836796 1.225229 0.511335
v -0.836796 1.165929 0.481123
v -0.859360 1.089499 0.455404
v -0.836796 1.118875 0.434068
v -0.859360 1.054132 0.385990
v -0.836796 1.088662 0.374769
v -0.859360 1.041942 0.309039
v -0.836796 1.078250 0.309039
v -0.859360 1.054132 0.232079
v -0.836796 1.088662 0.243301
v -0.859360 1.089499 0.162665
v -0.836796 1.118875 0.184010
v -0.859360 1.144593 0.107571
v -0.836796 1.165929 0.136946
v -0.859360 1.214007 0.072203
v -0.836796 1.225229 0.106734
v -0.859360 1.290958 0.060014
v -0.836796 1.290958 0.096321
v -0.859360 1.367918 0.072203
v -0.836796 1.356697 0.106734
v -0.859360 1.437332 0.107571
v -0.836796 1.415996 0.136946
v -0.859360 1.492426 0.162665
v -0.836796 1.463051 0.184010
v -0.859360 1.527794 0.232079
v -0.836796 1.493264 0.243300
v -0.859360 1.539983 0.309039
v -0.836796 1.503676 0.309039
v -0.859360 1.527794 0.385990
v -0.836796 1.493264 0.374768
v -0.859360 1.492426 0.455404
v -0.836796 1.463051 0.434068
v -0.859360 1.437333 0.510498
v -0.836796 1.415997 0.481123
v -0.859360 1.367918 0.545866
v -0.836796 1.356697 0.511335
v -0.859360 1.290958 0.558055
v -0.836796 1.290958 0.521748
v -0.836796 1.595859 0.309039
v -0.836796 1.580934 0.403250
v -0.836796 1.537629 0.488250
v -0.836796 1.470179 0.555701
v -0.836796 1.385179 0.599006
v -0.836796 1.290958 0.613930
v -0.836796 1.196747 0.599006
v -0.836796 1.111747 0.555701
v -0.836796 1.044297 0.488250
v -0.836796 1.000992 0.403251
v -0.836796 0.986067 0.309039
v -0.836796 1.000992 0.214819
v -0.836796 1.044296 0.129819
v -0.836796 1.111747 0.062368
v -0.836796 1.196747 0.019063
v -0.836796 1.290958 0.004139
v -0.836796 1.385179 0.019063
v -0.836796 1.470178 0.062368
v -0.836796 1.537629 0.129819
v -0.836796 1.580934 0.214818
v -0.801912 1.111747 0.555701
v -0.801912 1.196747 0.599006
v -0.836796 1.196747 0.599006
v -0.836796 1.111747 0.555701
v -0.801912 1.044297 0.488250
v -0.836796 1.044297 0.488250
v -0.801912 1.000992 0.403251
v -0.836796 1.000992 0.403251
v -0.801912 0.986067 0.309039
v -0.836796 0.986067 0.309039
v -0.836796 1.290958 0.613930
v -0.801912 1.290958 0.613930
v -0.836796 1.385179 0.599006
v -0.801912 1.385179 0.599006
v -0.836796 1.470179 0.555701
v -0.801912 1.470179 0.555701
v -0.836796 1.537629 0.488250
v -0.801912 1.537629 0.488250
v -0.836796 1.580934 0.403250
v -0.801912 1.580934 0.403250
v -0.836796 1.595859 0.309039
v -0.801912 1.595859 0.309039
v -0.836796 1.580934 0.214818
v -0.801912 1.580934 0.214818
v -0.836796 1.537629 0.129819
v -0.801912 1.537629 0.129819
v -0.836796 1.470178 0.062368
v -0.801912 1.470178 0.062368
v -0.836796 1.385179 0.019063
v -0.801912 1.385179 0.019063
v -0.836796 1.290958 0.004139
v -0.801912 1.290958 0.004139
v -0.836796 1.196747 0.019063
v -0.801912 1.196747 0.019063
v -0.836796 1.111747 0.062368
v -0.801912 1.111747 0.062368
v -0.836796 1.044296 0.129819
v -0.801912 1.044296 0.129819
v -0.836796 1.000992 0.214819
v -0.801912 1.000992 0.214819
v -0.836796 0.986067 0.309039
v -0.801912 0.986067 0.309039
v -0.639162 1.385179 0.019063
v -0.639162 1.470178 0.062368
v -0.639162 1.537629 0.129819
v -0.639162 1.196747 0.019063
v -0.639162 1.290958 0.004139
v -0.639162 1.044296 0.129819
v -0.639162 1.111747 0.062368
v -0.639162 0.986067 0.309039
v -0.639162 1.000992 0.214819
v -0.639162 1.580934 0.214818
v -0.639162 1.595859 0.309039
v -0.639162 1.580934 0.403250
v -0.639162 1.537629 0.488250
v -0.639162 1.470179 0.555701
v -0.639162 1.385179 0.599006
v -0.639162 1.290958 0.613930
v -0.639162 1.196747 0.599006
v -0.639162 1.111747 0.555701
v -0.639162 1.044297 0.488250
v -0.639162 1.000992 0.403251
v -0.639162 0.986067 0.309039
v -0.604278 0.986067 0.309039
v -0.604278 1.000992 0.403251
v -0.604278 1.044297 0.488250
v -0.604278 1.111747 0.555701
v -0.604278 1.196747 0.599006
v -0.604278 1.290958 0.613930
v -0.604278 1.385179 0.599006
v -0.604278 1.470179 0.555701
v -0.604278 1.537629 0.488250
v -0.604278 1.580934 0.403250
v -0.604278 1.595859 0.309039
v -0.604278 1.580934 0.214818
v -0.604278 1.537629 0.129819
v -0.604278 1.470178 0.062368
v -0.604278 1.385179 0.019063
v -0.604278 1.290958 0.004139
v -0.604278 1.196747 0.019063
v -0.604278 1.111747 0.062368
v -0.604278 1.044296 0.129819
v -0.604278 1.000992 0.214819
v -0.604278 0.986067 0.309039
v -0.581714 1.144593 0.510498
v -0.581714 1.214007 0.545866
v -0.604278 1.196747 0.599006
v -0.604278 1.111747 0.555701
v -0.581714 1.089499 0.455404
v -0.604278 1.044297 0.488250
v -0.581714 1.054132 0.385990
v -0.604278 1.000992 0.403251
v -0.581714 1.041942 0.309039
v -0.604278 0.986067 0.309039
v -0.581714 1.054132 0.232079
v -0.604278 1.000992 0.214819
v -0.581714 1.089499 0.162665
v -0.604278 1.044296 0.129819
v -0.581714 1.144593 0.107571
v -0.604278 1.111747 0.062368
v -0.581714 1.214007 0.072203
v -0.604278 1.196747 0.019063
v -0.581714 1.290958 0.060014
v -0.604278 1.290958 0.004139
v -0.581714 1.367918 0.072203
v -0.604278 1.385179 0.019063
v -0.581714 1.437332 0.107571
v -0.604278 1.470178 0.062368
v -0.581714 1.492426 0.162665
v -0.604278 1.537629 0.129819
v -0.581714 1.527794 0.232079
v -0.604278 1.580934 0.214818
v -0.581714 1.539983 0.309039
v -0.604278 1.595859 0.309039
v -0.581714 1.527794 0.385990
v -0.604278 1.580934 0.403250
v -0.581714 1.492427 0.455404
v -0.604278 1.537629 0.488250
v -0.581714 1.437333 0.510498
v -0.604278 1.470179 0.555701
v -0.581714 1.367919 0.545866
v -0.604278 1.385179 0.599006
v -0.581714 1.290958 0.558055
v -0.604278 1.290958 0.613930
v -0.604278 1.503676 0.309039
v -0.604278 1.493264 0.374768
v -0.604278 1.463051 0.434059
v -0.604278 1.415997 0.481123
v -0.604278 1.356697 0.511335
v -0.604278 1.290958 0.521748
v -0.604278 1.225229 0.511335
v -0.604278 1.165929 0.481123
v -0.604278 1.118875 0.434059
v -0.604278 1.088662 0.374769
v -0.604278 1.078250 0.309039
v -0.604278 1.088662 0.243301
v -0.604278 1.118875 0.184001
v -0.604278 1.165929 0.136946
v -0.604278 1.225229 0.106734
v -0.604278 1.290958 0.096321
v -0.604278 1.356697 0.106734
v -0.604278 1.415997 0.136946
v -0.604278 1.463051 0.184001
v -0.604278 1.493264 0.243300
v -0.836796 1.290958 0.309039
v -0.836796 1.088662 0.374769
v -0.836796 1.118875 0.434068
v -0.836796 1.165929 0.481123
v -0.836796 1.078250 0.309039
v -0.836796 1.088662 0.243301
v -0.836796 1.118875 0.184010
v -0.836796 1.165929 0.136946
v -0.836796 1.225229 0.106734
v -0.836796 1.290958 0.096321
v -0.836796 1.356697 0.106734
v -0.836796 1.415996 0.136946
v -0.836796 1.463051 0.184010
v -0.836796 1.493264 0.243300
v -0.836796 1.503676 0.309039
v -0.836796 1.493264 0.374768
v -0.836796 1.463051 0.434068
v -0.836796 1.415997 0.481123
v -0.836796 1.356697 0.511335
v -0.836796 1.290958 0.521748
v -0.836796 1.225229 0.511335
v -0.604278 1.118875 0.434059
v -0.604278 1.088662 0.374769
v -0.604278 1.290958 0.309039
v -0.604278 1.165929 0.481123
v -0.604278 1.078250 0.309039
v -0.604278 1.088662 0.243301
v -0.604278 1.118875 0.184001
v -0.604278 1.165929 0.136946
v -0.604278 1.225229 0.106734
v -0.604278 1.290958 0.096321
v -0.604278 1.356697 0.106734
v -0.604278 1.415997 0.136946
v -0.604278 1.463051 0.184001
v -0.604278 1.493264 0.243300
v -0.604278 1.503676 0.309039
v -0.604278 1.493264 0.374768
v -0.604278 1.463051 0.434059
v -0.604278 1.415997 0.481123
v -0.604278 1.356697 0.511335
v -0.604278 1.290958 0.521748
v -0.604278 1.225229 0.511335
vn -0.9978 -0.0000 0.0665
vn -0.9966 -0.0000 0.0821
vn -0.8510 0.1412 -0.5059
vn -0.8510 0.3052 -0.4274
vn -0.9987 -0.0000 0.0509
vn -0.8509 0.4242 -0.3098
vn -0.9996 -0.0000 0.0274
vn -0.8510 0.5000 -0.1608
vn -1.0000 -0.0000 0.0039
vn -0.8509 0.5252 0.0039
vn -0.9996 -0.0000 -0.0274
vn -0.8510 0.5000 0.1608
vn -0.9987 -0.0000 -0.0509
vn -0.8509 0.4242 0.3098
vn -0.9978 -0.0000 -0.0665
vn -0.8510 0.3052 0.4274
vn -0.9966 -0.0000 -0.0821
vn -0.8510 0.1412 0.5059
vn -0.8491 -0.0000 0.5283
vn -0.8510 -0.1412 0.5059
vn -0.8510 -0.3052 0.4274
vn -0.8510 -0.4241 0.3098
vn -0.8510 -0.5000 0.1608
vn -0.8509 -0.5252 0.0039
vn -0.8510 -0.5000 -0.1608
vn -0.8510 -0.4241 -0.3098
vn -0.8510 -0.3052 -0.4275
vn -0.8510 -0.1412 -0.5059
vn -0.8494 -0.0000 -0.5278
vn -0.6549 0.7557 0.0039
vn -0.6549 0.7194 0.2314
vn -0.6549 0.6122 0.4431
vn -0.6549 0.4382 0.6157
vn -0.6549 0.2369 0.7176
vn -0.6543 -0.0000 0.7562
vn -0.6549 -0.2368 0.7176
vn -0.6549 -0.4382 0.6157
vn -0.6549 -0.6122 0.4431
vn -0.6549 -0.7194 0.2314
vn -0.6549 -0.7557 0.0040
vn -0.6549 -0.7194 -0.2314
vn -0.6549 -0.6122 -0.4431
vn -0.6549 -0.4382 -0.6157
vn -0.6549 -0.2369 -0.7176
vn -0.6543 -0.0000 -0.7562
vn -0.6549 0.2368 -0.7177
vn -0.6549 0.4382 -0.6157
vn -0.6549 0.6122 -0.4431
vn -0.6549 0.7194 -0.2314
vn 0.0039 -0.5840 0.8118
vn 0.0039 -0.3032 0.9529
vn -0.6549 -0.4382 0.6156
vn 0.0039 -0.8115 0.5843
vn -0.6549 -0.6121 0.4431
vn 0.0039 -0.9508 0.3098
vn -0.6549 -0.7194 0.2313
vn 0.0039 -1.0000 0.0040
vn -0.6549 -0.7557 0.0039
vn -0.6544 -0.0000 0.7562
vn 0.0039 -0.0003 1.0000
vn 0.0039 0.3031 0.9529
vn -0.6549 0.4382 0.6156
vn 0.0039 0.5840 0.8117
vn -0.6549 0.6120 0.4432
vn 0.0039 0.8115 0.5843
vn -0.6549 0.7194 0.2312
vn 0.0039 0.9508 0.3098
vn 0.0039 1.0000 0.0039
vn 0.0039 0.9508 -0.3098
vn -0.6549 0.6120 -0.4433
vn 0.0039 0.8115 -0.5843
vn -0.6549 0.4382 -0.6156
vn 0.0039 0.5840 -0.8118
vn -0.6549 0.2368 -0.7176
vn 0.0039 0.3031 -0.9529
vn -0.6544 -0.0000 -0.7562
vn 0.0039 -0.0000 -1.0000
vn -0.6549 -0.2367 -0.7177
vn 0.0039 -0.3031 -0.9529
vn -0.6549 -0.4382 -0.6156
vn 0.0039 -0.5840 -0.8118
vn -0.6549 -0.6121 -0.4431
vn 0.0039 -0.8115 -0.5843
vn -0.6549 -0.7194 -0.2313
vn 0.0039 -0.9508 -0.3098
vn 0.0039 -1.0000 0.0039
vn 0.0039 -0.3032 -0.9529
vn 0.0039 0.5840 0.8118
vn 0.0039 -0.3031 0.9529
vn 0.6549 -0.7557 0.0039
vn 0.6549 -0.7194 0.2312
vn 0.6549 -0.6120 0.4432
vn 0.6549 -0.4382 0.6156
vn 0.6549 -0.2368 0.7176
vn 0.6544 -0.0000 0.7562
vn 0.6549 0.2368 0.7176
vn 0.6549 0.4382 0.6156
vn 0.6549 0.6121 0.4431
vn 0.6549 0.7194 0.2312
vn 0.6549 0.7557 0.0039
vn 0.6549 0.7194 -0.2314
vn 0.6549 0.6121 -0.4431
vn 0.6549 0.4381 -0.6157
vn 0.6549 0.2368 -0.7176
vn 0.6544 -0.0000 -0.7562
vn 0.6549 -0.2368 -0.7176
vn 0.6549 -0.4383 -0.6156
vn 0.6549 -0.6121 -0.4432
vn 0.6549 -0.7194 -0.2314
vn 0.9978 -0.0000 0.0665
vn 0.9966 -0.0000 0.0821
vn 0.6549 -0.2369 0.7176
vn 0.6549 -0.4382 0.6157
vn 0.9987 -0.0000 0.0509
vn 0.6549 -0.6122 0.4431
vn 0.9996 -0.0000 0.0274
vn 0.6549 -0.7194 0.2314
vn 1.0000 -0.0003 0.0039
vn 0.9996 -0.0000 -0.0274
vn 0.9987 -0.0000 -0.0509
vn 0.6549 -0.6122 -0.4431
vn 0.9978 -0.0000 -0.0665
vn 0.6549 -0.4382 -0.6157
vn 0.9966 -0.0000 -0.0821
vn 0.6543 -0.0000 -0.7562
vn 0.6549 0.2369 -0.7176
vn 0.6549 0.4382 -0.6157
vn 0.6549 0.6122 -0.4431
vn 1.0000 -0.0004 0.0039
vn 0.6549 0.7557 0.0040
vn 0.6549 0.7194 0.2314
vn 0.6549 0.6122 0.4431
vn 0.6549 0.4382 0.6157
vn 0.6549 0.2368 0.7177
vn 0.6543 -0.0000 0.7562
vn 0.8510 -0.5252 0.0039
vn 0.8510 -0.5000 -0.1608
vn 0.8510 -0.4241 -0.3098
vn 0.8510 -0.3052 -0.4274
vn 0.8510 -0.1412 -0.5059
vn 0.8491 -0.0000 -0.5283
vn 0.8510 0.1412 -0.5059
vn 0.8510 0.3052 -0.4274
vn 0.8510 0.4241 -0.3098
vn 0.8510 0.5000 -0.1608
vn 0.8510 0.5252 0.0039
vn 0.8510 0.5000 0.1608
vn 0.8509 0.4242 0.3098
vn 0.8510 0.3052 0.4274
vn 0.8510 0.1412 0.5059
vn 0.8491 -0.0000 0.5283
vn 0.8510 -0.1412 0.5059
vn 0.8510 -0.3052 0.4274
vn 0.8510 -0.4241 0.3098
vn 0.8510 -0.5000 0.1608
vt 0.146291 0.364438
vt 0.123777 0.375306
vt 0.119119 0.361332
vt 0.136975 0.352016
vt 0.163370 0.347358
vt 0.150948 0.338043
vt 0.175014 0.324845
vt 0.160264 0.320187
vt 0.178896 0.300779
vt 0.163370 0.300779
vt 0.175014 0.276713
vt 0.160264 0.281371
vt 0.163370 0.254200
vt 0.150948 0.263516
vt 0.146291 0.237120
vt 0.136975 0.249542
vt 0.123777 0.225476
vt 0.119119 0.240226
vt 0.099711 0.221594
vt 0.099711 0.237120
vt 0.075645 0.225476
vt 0.080303 0.240226
vt 0.053132 0.237120
vt 0.062448 0.249542
vt 0.036053 0.254200
vt 0.048474 0.263516
vt 0.025184 0.276713
vt 0.039158 0.281371
vt 0.021302 0.300779
vt 0.036053 0.300779
vt 0.025184 0.324845
vt 0.039158 0.320187
vt 0.036053 0.347358
vt 0.048474 0.338043
vt 0.053132 0.364438
vt 0.062448 0.352016
vt 0.075645 0.375306
vt 0.080303 0.361332
vt 0.099711 0.379188
vt 0.099711 0.364438
vt 0.003447 0.300779
vt 0.008105 0.330279
vt 0.022079 0.357451
vt 0.043040 0.378411
vt 0.070211 0.392385
vt 0.099711 0.397043
vt 0.129211 0.392385
vt 0.156383 0.378411
vt 0.178120 0.357451
vt 0.191317 0.330279
vt 0.195975 0.300779
vt 0.191317 0.271279
vt 0.178120 0.244107
vt 0.156383 0.222370
vt 0.129211 0.209173
vt 0.099711 0.204515
vt 0.070211 0.209173
vt 0.043040 0.222370
vt 0.022079 0.244107
vt 0.008105 0.271279
vt 0.176567 0.385398
vt 0.175791 0.385398
vt 0.175791 0.384622
vt 0.176567 0.384622
vt 0.177344 0.385398
vt 0.177344 0.384622
vt 0.178120 0.385398
vt 0.178120 0.384622
vt 0.178896 0.385398
vt 0.178896 0.384622
vt 0.175014 0.384622
vt 0.175014 0.385398
vt 0.174238 0.384622
vt 0.174238 0.385398
vt 0.173462 0.384622
vt 0.173462 0.385398
vt 0.172686 0.384622
vt 0.172686 0.385398
vt 0.171909 0.384622
vt 0.171909 0.385398
vt 0.171133 0.384622
vt 0.171133 0.385398
vt 0.170357 0.384622
vt 0.170357 0.385398
vt 0.169580 0.384622
vt 0.169580 0.385398
vt 0.168804 0.384622
vt 0.168804 0.385398
vt 0.168028 0.384622
vt 0.168028 0.385398
vt 0.167251 0.384622
vt 0.167251 0.385398
vt 0.166475 0.384622
vt 0.166475 0.385398
vt 0.165699 0.384622
vt 0.165699 0.385398
vt 0.164922 0.384622
vt 0.164922 0.385398
vt 0.168804 0.386951
vt 0.169580 0.386951
vt 0.170357 0.386951
vt 0.167251 0.386951
vt 0.168028 0.386951
vt 0.165699 0.386951
vt 0.166475 0.386951
vt 0.164922 0.386951
vt 0.171133 0.386951
vt 0.171909 0.386951
vt 0.172686 0.386951
vt 0.173462 0.386951
vt 0.174238 0.386951
vt 0.175014 0.386951
vt 0.175791 0.386951
vt 0.176567 0.386951
vt 0.177344 0.386951
vt 0.178120 0.386951
vt 0.178896 0.386951
vt 0.053132 0.365214
vt 0.074869 0.376859
vt 0.069435 0.393938
vt 0.042263 0.379964
vt 0.035276 0.347358
vt 0.020526 0.358227
vt 0.023631 0.325621
vt 0.006552 0.331056
vt 0.019750 0.300779
vt 0.001894 0.300779
vt 0.023631 0.275937
vt 0.006552 0.270502
vt 0.035276 0.253423
vt 0.020526 0.243331
vt 0.053132 0.236344
vt 0.042263 0.221594
vt 0.074869 0.224699
vt 0.069435 0.207620
vt 0.099711 0.220818
vt 0.099711 0.202962
vt 0.124554 0.224699
vt 0.129988 0.207620
vt 0.147067 0.236344
vt 0.157159 0.221594
vt 0.164146 0.253423
vt 0.178896 0.243331
vt 0.175791 0.275937
vt 0.192870 0.270502
vt 0.179672 0.300779
vt 0.197528 0.300779
vt 0.175791 0.325621
vt 0.192870 0.331056
vt 0.164146 0.347358
vt 0.178896 0.358227
vt 0.147067 0.365214
vt 0.157159 0.379964
vt 0.124554 0.376859
vt 0.129988 0.393938
vt 0.099711 0.380740
vt 0.099711 0.398596
vt 0.164146 0.300779
vt 0.161041 0.320963
vt 0.151725 0.338819
vt 0.137751 0.352793
vt 0.119896 0.362109
vt 0.099711 0.365214
vt 0.079527 0.362109
vt 0.061671 0.352793
vt 0.047697 0.338819
vt 0.038382 0.320963
vt 0.035276 0.300779
vt 0.038382 0.280595
vt 0.047697 0.262739
vt 0.061671 0.248765
vt 0.079527 0.239449
vt 0.099711 0.236344
vt 0.119896 0.239449
vt 0.137751 0.248765
vt 0.151725 0.262739
vt 0.161041 0.280595
vt 0.099711 0.300779
vt 0.156383 0.319411
vt 0.147843 0.335714
vt 0.134646 0.348911
vt 0.159488 0.300779
vt 0.156383 0.282147
vt 0.147843 0.265844
vt 0.134646 0.252647
vt 0.118343 0.244107
vt 0.099711 0.241002
vt 0.081079 0.244107
vt 0.064777 0.252647
vt 0.051579 0.265844
vt 0.043040 0.282147
vt 0.039934 0.300779
vt 0.043040 0.319411
vt 0.051579 0.335714
vt 0.064777 0.348911
vt 0.081079 0.357451
vt 0.099711 0.360556
vt 0.118343 0.357451
vt 0.064777 0.251871
vt 0.081079 0.243331
vt 0.118343 0.243331
vt 0.134646 0.251871
vt 0.148620 0.265844
vt 0.157159 0.282147
vt 0.157159 0.319411
vt 0.148620 0.335714
s 1
usemtl Volterra_Racing
f 2900/1833/1815 2901/1834/1816 2902/1835/1817
f 2903/1836/1818 2900/1833/1815 2902/1835/1817
f 2904/1837/1819 2900/1833/1815 2903/1836/1818
f 2905/1838/1820 2904/1837/1819 2903/1836/1818
f 2906/1839/1821 2904/1837/1819 2905/1838/1820
f 2907/1840/1822 2906/1839/1821 2905/1838/1820
f 2908/1841/1823 2906/1839/1821 2907/1840/1822
f 2909/1842/1824 2908/1841/1823 2907/1840/1822
f 2910/1843/1825 2908/1841/1823 2909/1842/1824
f 2911/1844/1826 2910/1843/1825 2909/1842/1824
f 2912/1845/1827 2910/1843/1825 2911/1844/1826
f 2913/1846/1828 2912/1845/1827 2911/1844/1826
f 2914/1847/1829 2912/1845/1827 2913/1846/1828
f 2915/1848/1830 2914/1847/1829 2913/1846/1828
f 2916/1849/1831 2914/1847/1829 2915/1848/1830
f 2917/1850/1832 2916/1849/1831 2915/1848/1830
f 2918/1851/1831 2916/1849/1831 2917/1850/1832
f 2919/1852/1833 2918/1851/1831 2917/1850/1832
f 2920/1853/1831 2918/1851/1831 2919/1852/1833
f 2921/1854/1834 2920/1853/1831 2919/1852/1833
f 2922/1855/1829 2920/1853/1831 2921/1854/1834
f 2923/1856/1835 2922/1855/1829 2921/1854/1834
f 2924/1857/1827 2922/1855/1829 2923/1856/1835
f 2925/1858/1836 2924/1857/1827 2923/1856/1835
f 2926/1859/1825 2924/1857/1827 2925/1858/1836
f 2927/1860/1837 2926/1859/1825 2925/1858/1836
f 2928/1861/1823 2926/1859/1825 2927/1860/1837
f 2929/1862/1838 2928/1861/1823 2927/1860/1837
f 2930/1863/1821 2928/1861/1823 2929/1862/1838
f 2931/1864/1839 2930/1863/1821 2929/1862/1838
f 2932/1865/1819 2930/1863/1821 2931/1864/1839
f 2933/1866/1840 2932/1865/1819 2931/1864/1839
f 2934/1867/1815 2932/1865/1819 2933/1866/1840
f 2935/1868/1841 2934/1867/1815 2933/1866/1840
f 2936/1869/1816 2934/1867/1815 2935/1868/1841
f 2937/1870/1842 2936/1869/1816 2935/1868/1841
f 2938/1871/1816 2936/1869/1816 2937/1870/1842
f 2939/1872/1843 2938/1871/1816 2937/1870/1842
f 2901/1834/1816 2938/1871/1816 2939/1872/1843
f 2902/1835/1817 2901/1834/1816 2939/1872/1843
f 2928/1861/1823 2940/1873/1844 2926/1859/1825
f 2941/1874/1845 2940/1873/1844 2928/1861/1823
f 2930/1863/1821 2941/1874/1845 2928/1861/1823
f 2942/1875/1846 2941/1874/1845 2930/1863/1821
f 2932/1865/1819 2942/1875/1846 2930/1863/1821
f 2943/1876/1847 2942/1875/1846 2932/1865/1819
f 2934/1867/1815 2943/1876/1847 2932/1865/1819
f 2944/1877/1848 2943/1876/1847 2934/1867/1815
f 2936/1869/1816 2944/1877/1848 2934/1867/1815
f 2945/1878/1849 2944/1877/1848 2936/1869/1816
f 2938/1871/1816 2945/1878/1849 2936/1869/1816
f 2946/1879/1850 2945/1878/1849 2938/1871/1816
f 2901/1834/1816 2946/1879/1850 2938/1871/1816
f 2947/1880/1851 2946/1879/1850 2901/1834/1816
f 2900/1833/1815 2947/1880/1851 2901/1834/1816
f 2948/1881/1852 2947/1880/1851 2900/1833/1815
f 2904/1837/1819 2948/1881/1852 2900/1833/1815
f 2949/1882/1853 2948/1881/1852 2904/1837/1819
f 2906/1839/1821 2949/1882/1853 2904/1837/1819
f 2950/1883/1854 2949/1882/1853 2906/1839/1821
f 2908/1841/1823 2950/1883/1854 2906/1839/1821
f 2951/1884/1855 2950/1883/1854 2908/1841/1823
f 2910/1843/1825 2951/1884/1855 2908/1841/1823
f 2952/1885/1856 2951/1884/1855 2910/1843/1825
f 2912/1845/1827 2952/1885/1856 2910/1843/1825
f 2953/1886/1857 2952/1885/1856 2912/1845/1827
f 2914/1847/1829 2953/1886/1857 2912/1845/1827
f 2954/1887/1858 2953/1886/1857 2914/1847/1829
f 2916/1849/1831 2954/1887/1858 2914/1847/1829
f 2955/1888/1859 2954/1887/1858 2916/1849/1831
f 2918/1851/1831 2955/1888/1859 2916/1849/1831
f 2956/1889/1860 2955/1888/1859 2918/1851/1831
f 2920/1853/1831 2956/1889/1860 2918/1851/1831
f 2957/1890/1861 2956/1889/1860 2920/1853/1831
f 2922/1855/1829 2957/1890/1861 2920/1853/1831
f 2958/1891/1862 2957/1890/1861 2922/1855/1829
f 2924/1857/1827 2958/1891/1862 2922/1855/1829
f 2959/1892/1863 2958/1891/1862 2924/1857/1827
f 2926/1859/1825 2959/1892/1863 2924/1857/1827
f 2940/1873/1844 2959/1892/1863 2926/1859/1825
f 2960/1893/1864 2961/1894/1865 2962/1895/1850
f 2963/1896/1866 2960/1893/1864 2962/1895/1850
f 2964/1897/1867 2960/1893/1864 2963/1896/1866
f 2965/1898/1868 2964/1897/1867 2963/1896/1866
f 2966/1899/1869 2964/1897/1867 2965/1898/1868
f 2967/1900/1870 2966/1899/1869 2965/1898/1868
f 2968/1901/1871 2966/1899/1869 2967/1900/1870
f 2969/1902/1872 2968/1901/1871 2967/1900/1870
f 2962/1895/1850 2961/1894/1865 2970/1903/1873
f 2961/1894/1865 2971/1904/1874 2970/1903/1873
f 2970/1903/1873 2971/1904/1874 2972/1903/1848
f 2971/1904/1874 2973/1904/1875 2972/1903/1848
f 2972/1903/1848 2973/1904/1875 2974/1905/1876
f 2973/1904/1875 2975/1906/1877 2974/1905/1876
f 2974/1905/1876 2975/1906/1877 2976/1907/1878
f 2975/1906/1877 2977/1908/1879 2976/1907/1878
f 2976/1907/1878 2977/1908/1879 2978/1909/1880
f 2977/1908/1879 2979/1910/1881 2978/1909/1880
f 2978/1909/1880 2979/1910/1881 2980/1911/1844
f 2979/1910/1881 2981/1912/1882 2980/1911/1844
f 2980/1911/1844 2981/1912/1882 2982/1913/1863
f 2981/1912/1882 2983/1914/1883 2982/1913/1863
f 2982/1913/1863 2983/1914/1883 2984/1915/1884
f 2983/1914/1883 2985/1916/1885 2984/1915/1884
f 2984/1915/1884 2985/1916/1885 2986/1917/1886
f 2985/1916/1885 2987/1918/1887 2986/1917/1886
f 2986/1917/1886 2987/1918/1887 2988/1919/1888
f 2987/1918/1887 2989/1920/1889 2988/1919/1888
f 2988/1919/1888 2989/1920/1889 2990/1921/1890
f 2989/1920/1889 2991/1922/1891 2990/1921/1890
f 2990/1921/1890 2991/1922/1891 2992/1923/1892
f 2991/1922/1891 2993/1924/1893 2992/1923/1892
f 2992/1923/1892 2993/1924/1893 2994/1925/1894
f 2993/1924/1893 2995/1926/1895 2994/1925/1894
f 2994/1925/1894 2995/1926/1895 2996/1927/1896
f 2995/1926/1895 2997/1928/1897 2996/1927/1896
f 2996/1927/1896 2997/1928/1897 2998/1929/1898
f 2997/1928/1897 2999/1930/1899 2998/1929/1898
f 2998/1929/1898 2999/1930/1899 3000/1929/1872
f 2999/1930/1899 3001/1930/1900 3000/1929/1872
f 2989/1920/1889 2987/1918/1887 3002/1931/1889
f 2987/1918/1887 3003/1932/1887 3002/1931/1889
f 2987/1918/1887 2985/1916/1885 3003/1932/1887
f 2985/1916/1885 3004/1933/1885 3003/1932/1887
f 2993/1924/1893 2991/1922/1891 3005/1934/1901
f 2991/1922/1891 3006/1935/1891 3005/1934/1901
f 2989/1920/1889 3002/1931/1889 3006/1935/1891
f 2991/1922/1891 2989/1920/1889 3006/1935/1891
f 2997/1928/1897 2995/1926/1895 3007/1936/1897
f 2995/1926/1895 3008/1937/1895 3007/1936/1897
f 2993/1924/1893 3005/1934/1901 3008/1937/1895
f 2995/1926/1895 2993/1924/1893 3008/1937/1895
f 3001/1930/1900 2999/1930/1899 3009/1938/1900
f 2999/1930/1899 3010/1938/1899 3009/1938/1900
f 2997/1928/1897 3007/1936/1897 3010/1938/1899
f 2999/1930/1899 2997/1928/1897 3010/1938/1899
f 2985/1916/1885 2983/1914/1883 3004/1933/1885
f 2983/1914/1883 3011/1939/1883 3004/1933/1885
f 2983/1914/1883 2981/1912/1882 3011/1939/1883
f 2981/1912/1882 3012/1940/1882 3011/1939/1883
f 2981/1912/1882 2979/1910/1881 3012/1940/1882
f 2979/1910/1881 3013/1941/1881 3012/1940/1882
f 2979/1910/1881 2977/1908/1879 3013/1941/1881
f 2977/1908/1879 3014/1942/1879 3013/1941/1881
f 2977/1908/1879 2975/1906/1877 3014/1942/1879
f 2975/1906/1877 3015/1943/1902 3014/1942/1879
f 2975/1906/1877 2973/1904/1875 3015/1943/1902
f 2973/1904/1875 3016/1944/1875 3015/1943/1902
f 2973/1904/1875 2971/1904/1874 3016/1944/1875
f 2971/1904/1874 3017/1944/1874 3016/1944/1875
f 2971/1904/1874 2961/1894/1865 3017/1944/1874
f 2961/1894/1865 3018/1945/1903 3017/1944/1874
f 2961/1894/1865 2960/1893/1864 3018/1945/1903
f 2960/1893/1864 3019/1946/1864 3018/1945/1903
f 2960/1893/1864 2964/1897/1867 3019/1946/1864
f 2964/1897/1867 3020/1947/1867 3019/1946/1864
f 2964/1897/1867 2966/1899/1869 3020/1947/1867
f 2966/1899/1869 3021/1948/1869 3020/1947/1867
f 2966/1899/1869 2968/1901/1871 3021/1948/1869
f 2968/1901/1871 3022/1949/1871 3021/1948/1869
f 3022/1949/1871 3023/1949/1904 3021/1948/1869
f 3023/1949/1904 3024/1948/1905 3021/1948/1869
f 3021/1948/1869 3024/1948/1905 3020/1947/1867
f 3024/1948/1905 3025/1947/1906 3020/1947/1867
f 3020/1947/1867 3025/1947/1906 3019/1946/1864
f 3025/1947/1906 3026/1946/1907 3019/1946/1864
f 3019/1946/1864 3026/1946/1907 3018/1945/1903
f 3026/1946/1907 3027/1945/1908 3018/1945/1903
f 3018/1945/1903 3027/1945/1908 3017/1944/1874
f 3027/1945/1908 3028/1944/1909 3017/1944/1874
f 3028/1944/1909 3029/1944/1910 3016/1944/1875
f 3017/1944/1874 3028/1944/1909 3016/1944/1875
f 3016/1944/1875 3029/1944/1910 3015/1943/1902
f 3029/1944/1910 3030/1943/1911 3015/1943/1902
f 3015/1943/1902 3030/1943/1911 3014/1942/1879
f 3030/1943/1911 3031/1942/1912 3014/1942/1879
f 3014/1942/1879 3031/1942/1912 3013/1941/1881
f 3031/1942/1912 3032/1941/1913 3013/1941/1881
f 3013/1941/1881 3032/1941/1913 3012/1940/1882
f 3032/1941/1913 3033/1940/1914 3012/1940/1882
f 3012/1940/1882 3033/1940/1914 3011/1939/1883
f 3033/1940/1914 3034/1939/1915 3011/1939/1883
f 3011/1939/1883 3034/1939/1915 3004/1933/1885
f 3034/1939/1915 3035/1933/1916 3004/1933/1885
f 3004/1933/1885 3035/1933/1916 3003/1932/1887
f 3035/1933/1916 3036/1932/1917 3003/1932/1887
f 3003/1932/1887 3036/1932/1917 3002/1931/1889
f 3036/1932/1917 3037/1931/1918 3002/1931/1889
f 3002/1931/1889 3037/1931/1918 3006/1935/1891
f 3037/1931/1918 3038/1935/1919 3006/1935/1891
f 3006/1935/1891 3038/1935/1919 3005/1934/1901
f 3038/1935/1919 3039/1934/1920 3005/1934/1901
f 3005/1934/1901 3039/1934/1920 3008/1937/1895
f 3039/1934/1920 3040/1937/1921 3008/1937/1895
f 3008/1937/1895 3040/1937/1921 3007/1936/1897
f 3040/1937/1921 3041/1936/1922 3007/1936/1897
f 3007/1936/1897 3041/1936/1922 3010/1938/1899
f 3041/1936/1922 3042/1938/1923 3010/1938/1899
f 3010/1938/1899 3042/1938/1923 3009/1938/1900
f 3042/1938/1923 3043/1938/1904 3009/1938/1900
f 3044/1950/1924 3045/1951/1925 3046/1952/1926
f 3047/1953/1927 3044/1950/1924 3046/1952/1926
f 3048/1954/1928 3044/1950/1924 3047/1953/1927
f 3049/1955/1929 3048/1954/1928 3047/1953/1927
f 3050/1956/1930 3048/1954/1928 3049/1955/1929
f 3051/1957/1931 3050/1956/1930 3049/1955/1929
f 3052/1958/1932 3050/1956/1930 3051/1957/1931
f 3053/1959/1904 3052/1958/1932 3051/1957/1931
f 3054/1960/1933 3052/1958/1932 3053/1959/1904
f 3055/1961/1923 3054/1960/1933 3053/1959/1904
f 3056/1962/1934 3054/1960/1933 3055/1961/1923
f 3057/1963/1935 3056/1962/1934 3055/1961/1923
f 3058/1964/1936 3056/1962/1934 3057/1963/1935
f 3059/1965/1937 3058/1964/1936 3057/1963/1935
f 3060/1966/1938 3058/1964/1936 3059/1965/1937
f 3061/1967/1920 3060/1966/1938 3059/1965/1937
f 3062/1968/1938 3060/1966/1938 3061/1967/1920
f 3063/1969/1939 3062/1968/1938 3061/1967/1920
f 3064/1970/1938 3062/1968/1938 3063/1969/1939
f 3065/1971/1940 3064/1970/1938 3063/1969/1939
f 3066/1972/1936 3064/1970/1938 3065/1971/1940
f 3067/1973/1941 3066/1972/1936 3065/1971/1940
f 3068/1974/1934 3066/1972/1936 3067/1973/1941
f 3069/1975/1942 3068/1974/1934 3067/1973/1941
f 3070/1976/1933 3068/1974/1934 3069/1975/1942
f 3071/1977/1915 3070/1976/1933 3069/1975/1942
f 3072/1978/1943 3070/1976/1933 3071/1977/1915
f 3073/1979/1944 3072/1978/1943 3071/1977/1915
f 3074/1980/1930 3072/1978/1943 3073/1979/1944
f 3075/1981/1945 3074/1980/1930 3073/1979/1944
f 3076/1982/1928 3074/1980/1930 3075/1981/1945
f 3077/1983/1946 3076/1982/1928 3075/1981/1945
f 3078/1984/1924 3076/1982/1928 3077/1983/1946
f 3079/1985/1947 3078/1984/1924 3077/1983/1946
f 3080/1986/1925 3078/1984/1924 3079/1985/1947
f 3081/1987/1948 3080/1986/1925 3079/1985/1947
f 3082/1988/1925 3080/1986/1925 3081/1987/1948
f 3083/1989/1949 3082/1988/1925 3081/1987/1948
f 3045/1951/1925 3082/1988/1925 3083/1989/1949
f 3046/1952/1926 3045/1951/1925 3083/1989/1949
f 3072/1978/1943 3084/1990/1950 3070/1976/1933
f 3085/1991/1951 3084/1990/1950 3072/1978/1943
f 3074/1980/1930 3085/1991/1951 3072/1978/1943
f 3086/1992/1952 3085/1991/1951 3074/1980/1930
f 3076/1982/1928 3086/1992/1952 3074/1980/1930
f 3087/1993/1953 3086/1992/1952 3076/1982/1928
f 3078/1984/1924 3087/1993/1953 3076/1982/1928
f 3088/1994/1954 3087/1993/1953 3078/1984/1924
f 3080/1986/1925 3088/1994/1954 3078/1984/1924
f 3089/1995/1955 3088/1994/1954 3080/1986/1925
f 3082/1988/1925 3089/1995/1955 3080/1986/1925
f 3090/1996/1956 3089/1995/1955 3082/1988/1925
f 3045/1951/1925 3090/1996/1956 3082/1988/1925
f 3091/1997/1957 3090/1996/1956 3045/1951/1925
f 3044/1950/1924 3091/1997/1957 3045/1951/1925
f 3092/1998/1958 3091/1997/1957 3044/1950/1924
f 3048/1954/1928 3092/1998/1958 3044/1950/1924
f 3093/1999/1959 3092/1998/1958 3048/1954/1928
f 3050/1956/1930 3093/1999/1959 3048/1954/1928
f 3094/2000/1960 3093/1999/1959 3050/1956/1930
f 3052/1958/1932 3094/2000/1960 3050/1956/1930
f 3095/2001/1961 3094/2000/1960 3052/1958/1932
f 3054/1960/1933 3095/2001/1961 3052/1958/1932
f 3096/2002/1962 3095/2001/1961 3054/1960/1933
f 3056/1962/1934 3096/2002/1962 3054/1960/1933
f 3097/2003/1963 3096/2002/1962 3056/1962/1934
f 3058/1964/1936 3097/2003/1963 3056/1962/1934
f 3098/2004/1964 3097/2003/1963 3058/1964/1936
f 3060/1966/1938 3098/2004/1964 3058/1964/1936
f 3099/2005/1965 3098/2004/1964 3060/1966/1938
f 3062/1968/1938 3099/2005/1965 3060/1966/1938
f 3100/2006/1966 3099/2005/1965 3062/1968/1938
f 3064/1970/1938 3100/2006/1966 3062/1968/1938
f 3101/2007/1967 3100/2006/1966 3064/1970/1938
f 3066/1972/1936 3101/2007/1967 3064/1970/1938
f 3102/2008/1968 3101/2007/1967 3066/1972/1936
f 3068/1974/1934 3102/2008/1968 3066/1972/1936
f 3103/2009/1969 3102/2008/1968 3068/1974/1934
f 3070/1976/1933 3103/2009/1969 3068/1974/1934
f 3084/1990/1950 3103/2009/1969 3070/1976/1933
f 3104/2010/1823 3105/2011/1823 3106/2012/1823
f 3107/2013/1823 3104/2010/1823 3106/2012/1823
f 3105/2011/1823 3104/2010/1823 3108/2014/1823
f 3104/2010/1823 3109/2015/1823 3108/2014/1823
f 3109/2015/1823 3104/2010/1823 3110/2016/1823
f 3104/2010/1823 3111/2017/1823 3110/2016/1823
f 3111/2017/1823 3104/2010/1823 3112/2018/1823
f 3104/2010/1823 3113/2019/1823 3112/2018/1823
f 3113/2019/1823 3104/2010/1823 3114/2020/1823
f 3104/2010/1823 3115/2021/1823 3114/2020/1823
f 3115/2021/1823 3104/2010/1823 3116/2022/1823
f 3104/2010/1823 3117/2023/1823 3116/2022/1823
f 3117/2023/1823 3104/2010/1823 3118/2024/1823
f 3104/2010/1823 3119/2025/1823 3118/2024/1823
f 3119/2025/1823 3104/2010/1823 3120/2026/1823
f 3104/2010/1823 3121/2027/1823 3120/2026/1823
f 3121/2027/1823 3104/2010/1823 3122/2028/1823
f 3104/2010/1823 3123/2029/1823 3122/2028/1823
f 3123/2029/1823 3104/2010/1823 3124/2030/1823
f 3104/2010/1823 3107/2013/1823 3124/2030/1823
f 3125/2026/1932 3126/2025/1932 3127/2010/1932
f 3128/2027/1932 3125/2026/1932 3127/2010/1932
f 3126/2025/1932 3129/2024/1932 3127/2010/1932
f 3129/2024/1932 3130/2023/1932 3127/2010/1932
f 3130/2023/1932 3131/2022/1932 3127/2010/1932
f 3131/2022/1932 3132/2031/1932 3127/2010/1932
f 3132/2031/1932 3133/2032/1932 3127/2010/1932
f 3133/2032/1932 3134/2019/1932 3127/2010/1932
f 3134/2019/1932 3135/2033/1932 3127/2010/1932
f 3135/2033/1932 3136/2034/1932 3127/2010/1932
f 3136/2034/1932 3137/2035/1932 3127/2010/1932
f 3137/2035/1932 3138/2036/1932 3127/2010/1932
f 3138/2036/1932 3139/2014/1932 3127/2010/1932
f 3139/2014/1932 3140/2037/1932 3127/2010/1932
f 3140/2037/1932 3141/2038/1932 3127/2010/1932
f 3141/2038/1932 3142/2013/1932 3127/2010/1932
f 3142/2013/1932 3143/2030/1932 3127/2010/1932
f 3143/2030/1932 3144/2029/1932 3127/2010/1932
f 3144/2029/1932 3145/2028/1932 3127/2010/1932
f 3145/2028/1932 3128/2027/1932 3127/2010/1932
